login_hour,typing_wpm,quiz_score,time_per_question_sec,session_duration_min,sessions_per_day,attempts_per_quiz,avg_gap_mins,device_type,browser,age_group,gender,ses_tier
10,38.88119882,74.05378998,25.3558595,32.23231529,2.001125833,1.142866818,2.127221182,Android,Safari,16-18,female,high
19,65.26666192,72.48956032,29.18066442,35.72207086,2.855158028,1.382461991,2.958077215,Android,Firefox,19-22,male,high
19,40.67936461,77.91034001,26.8222013,51.19423612,2.320457481,1.122038235,1.737942275,Desktop,Firefox,19-22,male,mid
19,67.50636314,70.38534282,30.33328639,20.40329876,3.526854324,1.449754133,1.48787559,Shared/Other,Edge,19-22,female,low
16,41.18960333,75.96416479,32.09551053,22.30929169,1.827997546,1.296273506,0.913167348,Android,Chrome,13-15,male,mid
12,71.98547354,79.76042587,36.51830634,48.8774846,3.778902636,1.651077026,2.787399189,Android,Edge,19-22,male,low
15,61.79716345,79.57885077,21.57856311,23.71254442,2.148780624,1.971712095,2.622284561,Android,Safari,16-18,male,low
18,30.08099392,60.81249541,35.21245809,26.6644622,2.525712073,1.907566474,1.123230573,Android,Firefox,13-15,male,low
16,40.63985049,80.01448332,35.79093326,26.80461689,3.614381771,1.803672077,0.966425147,iOS,Firefox,13-15,female,high
18,47.41815201,87.7373362,28.54023665,33.22668931,3.58219175,1.006952131,1.776868256,Android,In-App,16-18,male,low
15,45.16877321,65.56943192,37.01979369,26.01120156,3.915346248,1.962447295,1.12945574,iOS,Firefox,16-18,male,low
13,50.6023021,74.19912665,28.79309934,47.24269479,2.903054034,1.680705452,1.827336458,iOS,Edge,16-18,male,low
8,33.90167197,80.86857094,40.95227813,32.00660782,1.27086931,1.835302496,1.301950162,iOS,In-App,13-15,male,mid
13,75.65013937,64.37696286,32.36796215,46.05483131,3.072813214,1.386735346,2.841824972,Android,Firefox,19-22,male,mid
19,46.43254974,57.89470421,30.59489246,33.89285259,3.988761099,1.965419351,1.895733634,Shared/Other,Firefox,16-18,female,low
12,35.8696944,81.17640846,36.08535398,25.52881824,1.252419895,1.161628714,2.746385471,Shared/Other,Firefox,13-15,female,low
9,40.14618203,85.49347392,36.62552831,22.34241714,1.672807928,1.712179221,1.093122719,Android,Edge,16-18,female,high
18,54.18118522,61.30128943,26.14109625,16.79430368,1.73196893,1.973010555,1.482744312,iOS,Firefox,16-18,female,mid
19,58.50120582,65.36984374,34.8859,32.76037966,1.072947899,1.645472296,0.942776699,Shared/Other,In-App,16-18,female,mid
20,33.97916165,70.47537768,33.88524897,26.70795403,2.155293186,1.851136672,1.292305013,Shared/Other,Safari,13-15,female,high
22,41.16142564,85.57423509,30.2568043,31.07607574,3.222305853,1.697015741,2.25621021,Shared/Other,In-App,16-18,female,high
13,29.13639092,89.37356328,30.03653186,25.97673236,2.949891792,1.701966877,2.489481674,Shared/Other,Firefox,13-15,male,mid
16,45.14636452,76.49833716,30.70453684,30.57311898,1.750754082,1.038834734,1.258163787,Desktop,Edge,16-18,male,mid
13,49.52356289,75.4557184,26.74199826,33.6308612,2.621905365,1.637429901,2.315228334,Android,Safari,16-18,male,high
14,45.55501256,67.67307799,27.10861543,18.31607349,1.2426189,1.428314475,2.221249752,Android,Safari,16-18,female,mid
22,67.20626617,78.77296265,38.25675493,45.77897135,2.835162239,1.419600062,1.119327474,Shared/Other,Firefox,19-22,male,mid
21,70.32583314,69.50747093,35.48398127,47.74634053,2.394021439,1.649773683,0.62014731,iOS,In-App,19-22,male,low
17,65.02176333,65.18491349,32.31051737,47.55935282,1.211706242,1.642419278,0.566278276,Shared/Other,Firefox,19-22,male,low
20,67.72381161,73.48214905,32.94158603,37.29037738,3.883571691,1.905350642,0.989477837,Android,Edge,19-22,female,mid
14,31.10853787,90.54922677,25.09399832,26.03799131,2.021873708,1.260694528,1.740093636,iOS,In-App,13-15,male,low
11,54.48648674,80.5173701,26.44936021,29.44887821,3.420504218,1.990505142,1.531544192,iOS,Chrome,16-18,male,high
22,62.38782556,66.37384878,33.95296995,50.98776852,2.133186659,1.534327474,1.741402977,Android,In-App,19-22,female,mid
13,68.88999623,94.1231764,35.32613541,38.69856946,2.345336566,1.293210772,1.321661363,Desktop,In-App,19-22,male,mid
16,64.85303873,78.24518316,38.37646625,31.02745629,3.117494452,1.968651944,2.220075025,iOS,Edge,19-22,female,mid
20,58.93469271,70.28961694,31.16024969,26.43214516,1.254513142,1.986639579,1.435676989,Android,Edge,19-22,male,high
9,45.6120311,78.10907566,37.37678108,20.22804936,2.272666028,1.906354385,0.777993706,Desktop,In-App,13-15,female,high
19,45.16910581,69.60254641,22.90019184,28.85431551,2.433144673,1.082891322,1.820925303,Android,Safari,13-15,male,mid
17,35.55722132,73.31929211,31.42587662,29.91752153,3.086233369,1.075434547,0.91553858,Android,Chrome,13-15,male,high
15,71.89802933,79.62724314,24.79574923,24.341912,2.164805152,1.229394746,1.164844812,Android,Chrome,16-18,female,mid
19,29.83742233,66.01585329,32.45959586,16.99694495,3.732781553,1.822537243,2.874499783,Shared/Other,In-App,13-15,male,mid
8,49.26388884,78.40615251,29.93111022,28.02445168,2.13021691,1.7495783,1.482473622,Desktop,Firefox,16-18,female,mid
12,52.18683092,90.16233323,31.56229241,26.60937016,3.83429719,1.849647391,1.118370254,iOS,Chrome,16-18,male,low
8,40.69291902,66.72106921,28.48067782,19.37678954,3.014719587,1.520307701,2.430795979,Desktop,Safari,13-15,female,high
16,62.01243022,81.4537595,36.84315779,49.71570951,3.112239304,1.212964162,0.840928689,Shared/Other,Safari,19-22,female,mid
11,58.8606356,54.70769145,39.80651736,29.04045525,3.731413835,1.297959452,1.80900569,Android,In-App,16-18,male,mid
11,66.53649282,86.22677685,22.7940212,35.18661651,1.720436856,1.075863328,0.822199305,Desktop,Firefox,19-22,female,mid
9,40.97894425,79.67779546,30.07532191,23.54653846,2.805806187,1.223849066,2.554476592,iOS,Edge,13-15,male,mid
21,28.5414324,75.57474003,18.58598755,33.59058876,3.071184486,1.03931214,2.498525997,Android,Firefox,16-18,female,low
22,72.3700004,75.23751482,31.57817988,47.5750771,3.772125277,1.236116533,2.399888522,iOS,Safari,19-22,male,low
23,71.91868356,71.417908,34.50931719,43.11250155,2.191491498,1.104869167,2.343513015,Shared/Other,Safari,19-22,male,low
20,34.39494086,91.87141635,34.40819878,31.44682624,3.367513716,1.498442199,0.71730072,Desktop,Safari,16-18,male,high
11,34.76923761,84.26177548,39.5470832,22.04894152,2.068290178,1.986515249,2.014437048,Android,In-App,16-18,female,mid
20,31.94471822,82.97484204,30.7260203,22.93274381,1.015900019,1.975067163,1.726871948,iOS,Firefox,13-15,male,low
14,79.90364718,69.35442997,24.98976638,39.14236831,2.276309316,1.507610379,1.106024331,Desktop,Chrome,19-22,female,mid
18,49.33920201,57.70419907,36.2085698,21.5228866,2.362803917,1.548603118,1.87230495,iOS,In-App,16-18,female,low
10,73.89878272,80.77072127,28.98477307,25.76909865,3.491858223,1.965026911,0.810743059,Shared/Other,Firefox,16-18,male,low
22,70.85652895,78.37602662,27.94061517,55.80134095,1.60488196,1.163655943,0.910664495,Android,Firefox,19-22,male,low
15,47.29796681,92.72377987,28.00813305,36.63331856,3.699002336,1.624101544,1.849452655,Desktop,Chrome,16-18,male,mid
9,42.13928656,52.10938743,37.16240959,25.47810223,1.998447358,1.730549137,2.234294019,Shared/Other,In-App,13-15,male,high
8,59.70077778,75.71566237,27.61171277,35.04541134,3.287376057,1.876765637,1.355204372,iOS,In-App,16-18,female,mid
11,45.29579971,49.27068759,28.0723088,22.77681221,3.315645942,1.012203072,1.996106753,Shared/Other,Edge,13-15,male,high
15,63.65632975,66.09156658,18.37640169,43.26423365,3.841850019,1.153351403,1.96557458,iOS,Safari,19-22,female,mid
11,51.09394795,87.04970647,33.36212509,35.08036637,2.123306109,1.068921539,0.693302664,iOS,Chrome,16-18,female,low
17,65.66869895,59.16593279,37.07741401,50.94191518,3.232748956,1.205579808,2.469474722,iOS,Chrome,19-22,male,mid
17,34.47618117,71.64215301,38.34510763,29.03708681,1.673814469,1.452439516,0.852142551,Shared/Other,Chrome,13-15,female,mid
13,60.80459869,68.27532151,26.72445116,17.08566332,2.545521047,1.975541316,1.64747247,Shared/Other,Edge,16-18,female,mid
10,41.29135352,76.98084761,29.27819794,18.71627174,1.615418921,1.190687721,0.59137417,iOS,Firefox,16-18,male,low
8,13.79224153,90.91717323,29.91038213,30.45753426,1.308944438,1.334362811,0.68875841,Desktop,Safari,13-15,male,mid
7,42.48542715,58.7747637,31.70494176,31.35777547,1.588339299,1.505507879,1.987622449,Android,In-App,13-15,male,mid
20,33.07739681,87.49805319,32.10162294,23.12589596,3.887947956,1.944409726,0.852704622,iOS,Safari,13-15,male,mid
8,21.64176662,77.27261409,33.73990217,33.82343467,2.007597571,1.825107331,1.40764803,Desktop,Edge,13-15,male,low
12,76.39659297,84.7182269,29.84520875,36.39012521,3.399565768,1.425213504,0.556173271,iOS,Chrome,19-22,female,mid
11,51.70865438,86.03025267,35.75712687,28.71211665,3.467751628,1.529661679,2.537636071,Android,Safari,16-18,male,mid
19,52.56029734,74.01137123,41.48979488,36.87883689,2.719883135,1.838106963,1.510953754,iOS,Safari,16-18,female,mid
11,47.74994097,65.24126747,35.26820898,38.45314519,2.699213921,1.476050402,2.159177913,iOS,In-App,16-18,female,mid
8,52.83558071,100,29.5197005,28.03568789,2.002731672,1.770912204,0.766495633,Android,Chrome,16-18,female,low
9,42.03048564,81.32407739,34.86277225,29.46960421,1.816435412,1.590230667,1.402434742,Shared/Other,Firefox,16-18,female,mid
23,49.16782533,87.84533034,33.44518102,37.73754781,3.172309988,1.63723158,2.951442,iOS,Chrome,19-22,female,low
14,46.89654384,55.47513127,28.60250467,30.80979375,1.361567736,1.731023671,0.981497569,Shared/Other,Safari,16-18,male,mid
18,49.33123676,60.94840078,32.50516672,25.35461834,1.361700657,1.076953202,2.24072194,Shared/Other,Safari,16-18,female,mid
18,82.36373461,76.4529624,38.56786995,41.96554777,2.28045117,1.876665378,1.54376521,Desktop,Safari,19-22,male,low
20,72.69084619,69.8271155,37.0467372,38.28086629,2.439626861,1.627505463,2.684192785,Desktop,Chrome,19-22,male,low
12,54.52843247,56.38651096,28.50130712,47.93657942,3.558465465,1.715553315,1.972771336,Shared/Other,Chrome,19-22,male,mid
20,53.55848995,73.34276947,25.87207578,37.24876014,3.637354923,1.944732022,1.668503778,Android,Safari,19-22,male,low
11,36.33161767,73.71788474,27.49430016,27.46225632,1.110195812,1.957270263,2.565514239,Android,In-App,13-15,male,high
18,56.31446294,89.20504248,27.14626853,47.17689522,3.088061854,1.153895906,2.539582812,iOS,In-App,16-18,female,low
15,28.27911937,60.06170359,26.4197194,25.82348914,2.430030485,1.044376664,2.630483833,iOS,Chrome,13-15,female,mid
13,40.343824,83.84100837,25.24658104,24.02610172,2.487627205,1.081046216,1.050458005,Android,Edge,16-18,female,high
16,55.21545941,93.65003234,34.10241219,22.34565614,2.631336724,1.86449288,2.334774797,Shared/Other,Firefox,13-15,male,high
22,59.42591689,85.6667469,35.84647795,30.49669032,2.855834135,1.75271664,0.896512763,Desktop,In-App,19-22,male,low
23,60.55611958,90.67307867,31.71554541,31.66441013,1.776064992,1.193132865,0.710245561,Desktop,Chrome,19-22,female,low
14,46.0906143,80.38022355,30.23977025,25.30697903,2.025616498,1.632621893,2.830070264,Android,Edge,16-18,male,low
7,38.92335657,56.90041099,34.82507481,21.9810988,2.862746553,1.045742034,2.678842015,Shared/Other,In-App,13-15,female,mid
8,43.70928028,73.68961593,19.8237988,28.82010888,3.311222253,1.683295377,1.614756766,iOS,Safari,16-18,female,mid
22,70.2801734,83.34085719,27.52648316,34.97945776,3.31846834,1.230053683,0.828337816,Desktop,Chrome,19-22,male,mid
19,42.83873079,72.58763942,31.76027698,34.33330587,1.639314112,1.031134083,2.129167063,Shared/Other,Safari,19-22,female,low
14,68.23603229,73.41344504,24.06679241,37.69943564,2.591063181,1.017861892,2.49199457,Shared/Other,In-App,19-22,female,mid
13,84.65735299,61.41728803,28.41951066,55.0103884,2.47478364,1.064208937,1.954928505,Android,Safari,19-22,male,high
15,59.57232417,85.23521522,24.53185527,15.76120673,3.580367192,1.779850989,0.599047063,iOS,Firefox,19-22,male,mid
12,34.97117969,68.90504418,24.26754396,19.20817655,3.327414207,1.941237504,0.68104068,Android,Chrome,13-15,female,low
15,48.37553761,92.97686527,33.20421431,28.92680487,3.401760097,1.200150244,0.918706456,Android,Firefox,19-22,female,low
15,46.80682624,81.98223314,31.96742693,32.618421,3.142260796,1.801728083,1.348625481,Desktop,Firefox,13-15,female,high
18,89.90313047,72.78087547,23.92740522,33.10812182,3.17447968,1.593278648,2.125735465,Android,In-App,19-22,female,mid
12,55.71193921,74.75645408,40.71135179,32.62675879,2.666090653,1.719201778,1.071136853,Shared/Other,Chrome,16-18,male,mid
22,45.87686881,72.42623463,21.65707963,20.11627316,3.604817516,1.72716907,2.356766303,Shared/Other,In-App,16-18,male,low
12,34.38193139,90.68709011,22.28231094,44.01215972,2.793170696,1.792956095,2.137523347,Desktop,Firefox,16-18,female,mid
7,44.97061509,79.01625505,26.57194859,24.36594251,3.727097562,1.179683109,1.093858312,iOS,Safari,13-15,male,mid
21,39.34880124,90.42255946,39.02248544,23.14692834,2.987863837,1.095261508,2.130308114,Android,Chrome,13-15,male,high
11,67.1676548,74.53079421,32.38520414,40.76328092,1.70815139,1.073496747,0.924394763,iOS,In-App,16-18,male,high
8,56.48924211,67.57980258,23.47672302,20.25602564,2.13807577,1.605538158,1.391830133,Shared/Other,In-App,16-18,male,high
20,67.0868965,71.7311922,27.24525943,50.89436709,1.171260568,1.531169528,2.841514231,Android,Chrome,19-22,male,mid
20,35.62908152,66.1889285,38.07979252,15.00899658,2.439691245,1.685967736,0.543449475,Android,Safari,13-15,female,mid
15,39.5413287,86.08182817,24.80047036,42.92993527,1.605560356,1.673432433,2.924780115,Android,In-App,19-22,male,mid
17,58.70067731,73.97155837,29.86602827,33.46977322,1.732441871,1.830877191,2.66152209,Android,Edge,16-18,male,high
20,39.94422969,91.33431532,24.26827303,25.70518328,1.319779091,1.657845305,2.998534314,iOS,Chrome,13-15,female,mid
20,61.85640276,72.55843365,34.82043584,34.92320218,1.981099485,1.667593386,2.519614855,iOS,In-App,19-22,female,high
18,66.44599951,86.09260202,22.68982014,29.71325667,2.829495416,1.563438927,1.451049261,Android,Chrome,19-22,female,mid
15,50.41689037,85.89664865,37.6698906,28.37320625,2.390482131,1.37978578,2.658334124,Shared/Other,Safari,16-18,male,mid
12,36.10427533,73.50012109,21.82852332,18.48220877,2.183095971,1.549414238,2.36718929,Shared/Other,Firefox,16-18,male,low
10,51.29306975,67.46035411,28.59662462,32.66033224,2.457615278,1.256776568,1.212182255,Desktop,In-App,16-18,male,high
10,83.17421075,64.41360651,30.3158273,47.73083189,3.57824738,1.799781095,0.961462824,Desktop,Chrome,19-22,male,mid
8,63.97414703,79.77003719,18.61543651,29.47399083,1.336913033,1.002584015,2.094963014,Android,Edge,16-18,female,low
14,44.19535783,78.16742059,37.54831229,23.4954799,1.766934993,1.302060502,2.329895169,Shared/Other,Edge,13-15,female,low
12,47.55199758,80.24362747,26.32544793,22.10746964,3.588391233,1.2167398,0.739286389,Shared/Other,In-App,16-18,female,high
20,44.42508215,81.66980403,22.25234365,20.41137914,3.027523735,1.442716967,1.614477286,Android,Chrome,16-18,female,mid
13,21.80734133,67.51364686,34.34051571,30.22867566,2.935869513,1.595750728,1.502969785,Android,Firefox,13-15,female,mid
19,54.933833,77.33785912,22.22052177,36.75785582,3.640237263,1.650877369,1.832394466,Android,Safari,16-18,male,mid
9,56.94997901,55.48881525,26.85535554,43.62579986,2.74142502,1.088767394,2.90416434,Android,Chrome,16-18,female,mid
13,16.31541821,64.07687235,28.41795775,22.5035138,3.977450506,1.927000968,1.849892826,Android,In-App,13-15,male,mid
18,37.38441768,82.08108677,34.78351158,30.00963774,1.108481142,1.303128356,1.157781425,iOS,Chrome,13-15,female,low
13,28.21521041,79.49010963,27.34746189,16.99490351,2.723762147,1.566575362,1.477606908,Shared/Other,Chrome,13-15,female,high
10,39.54752805,69.53739829,34.90534327,27.99797057,1.068681475,1.15379115,1.059036086,iOS,Edge,13-15,male,high
22,30.30852714,99.64877636,28.49929858,28.47224185,3.294429403,1.174838627,1.756415191,Android,Chrome,16-18,female,high
20,34.18742429,80.0775767,30.26994209,30.25277123,2.297493635,1.311816133,1.765354657,iOS,In-App,16-18,male,low
9,47.24600666,86.43987919,19.92200282,31.09380926,1.575347367,1.211755351,1.711503968,iOS,In-App,13-15,male,mid
14,42.90873615,71.11823181,30.85208111,35.98122439,2.528266384,1.996696854,2.534925674,Desktop,Edge,16-18,male,low
11,39.5602716,92.14527068,24.70307228,28.53727659,2.062708721,1.525504622,1.704087116,Desktop,In-App,16-18,female,mid
13,47.67328091,83.63100226,26.01779909,22.6746544,1.411329117,1.535310131,1.03800468,Android,Safari,16-18,male,high
9,34.87752121,83.16117436,23.45975739,27.8964575,2.498001505,1.266019278,0.873094445,iOS,Edge,13-15,female,high
22,70.31367657,89.71170327,28.95338161,52.05926808,3.676254067,1.955334687,2.467258466,Android,Chrome,19-22,female,low
18,49.11657341,50.68286429,29.51345906,36.44944722,2.350373297,1.226964694,2.72347729,Desktop,In-App,16-18,male,mid
15,33.16813711,82.93056381,36.1387613,25.45021419,3.406391674,1.105367534,0.588927168,Shared/Other,In-App,13-15,female,mid
17,43.89110108,77.82543526,26.46073662,38.36172312,3.293117987,1.265046428,0.552362403,Shared/Other,Edge,16-18,female,mid
18,62.46396697,69.16642028,30.1929597,38.82599141,3.905466333,1.798714192,1.232055092,Shared/Other,Safari,19-22,male,mid
18,55.38296079,66.70962542,31.0085028,37.50755136,2.12797867,1.55009194,1.471631997,iOS,Edge,16-18,female,mid
9,37.45925358,62.87542721,35.67742508,29.07868606,3.63780598,1.25843162,1.860041448,Android,In-App,13-15,male,low
17,24.65153089,86.24798645,26.00302962,26.17068774,1.807993895,1.53955622,2.319867942,iOS,In-App,13-15,female,high
19,38.03902768,78.08833013,38.51107472,29.72182767,2.771043071,1.508360547,1.243871128,Desktop,In-App,16-18,female,low
16,25.45476283,72.90976743,25.74739773,23.83553293,3.400212906,1.204035635,1.887712373,Shared/Other,Firefox,13-15,female,mid
16,33.92786267,78.1249168,31.59666595,25.07344097,1.033094843,1.749545484,2.396690975,Shared/Other,Firefox,13-15,female,mid
22,52.1449502,87.10739539,33.09518599,40.05852337,1.651627293,1.137822899,2.157605011,iOS,In-App,19-22,male,high
13,23.44354045,97.14251523,28.51991386,16.69360253,1.194560783,1.579983787,1.90371147,Shared/Other,Safari,13-15,male,low
10,60.90274506,73.29815377,27.73385975,20.05310807,3.354690931,1.707680935,2.471537412,Shared/Other,Firefox,16-18,male,mid
11,41.56739396,82.73099942,34.41107891,29.05329973,1.898330531,1.173480074,2.093883161,Shared/Other,Firefox,16-18,male,low
17,53.03780309,76.40886247,21.15780317,20.36315922,1.896176721,1.940679245,1.148241897,iOS,Safari,16-18,female,high
14,62.69466737,84.09216166,37.14015743,53.90499781,1.149526083,1.90391333,2.77347548,Shared/Other,Chrome,19-22,male,high
10,32.80617314,78.53482906,30.60752506,20.00343621,1.206874049,1.057054721,1.205467687,Shared/Other,Firefox,13-15,male,low
15,26.44599525,69.73921968,29.92990231,15.31740633,1.18795961,1.906437453,0.848113428,Shared/Other,Safari,13-15,female,mid
14,50.66990717,86.59791245,28.11542887,33.61157452,3.363139047,1.624425446,1.736202828,Android,Safari,16-18,female,mid
11,24.8424801,58.84868184,35.82369677,19.63266161,1.342287355,1.151246829,1.063292325,iOS,Chrome,13-15,male,mid
15,61.45350512,96.73738373,34.7016081,41.52315514,1.678441155,1.846918728,1.571576367,Android,Safari,19-22,female,mid
14,48.76821785,67.89239896,30.36885054,37.83484061,2.537507946,1.806403617,1.648099694,Shared/Other,Firefox,16-18,male,low
23,59.20707773,78.57624259,25.8134046,30.46671392,1.484859434,1.255493345,2.866594885,Shared/Other,Safari,19-22,male,low
21,61.77838076,73.19520086,45.96553784,33.03060255,1.3164211,1.656780105,2.555257902,iOS,Firefox,19-22,female,mid
21,43.03077862,66.88786786,34.67154873,42.00651804,1.937047306,1.642674658,0.989602031,iOS,Safari,19-22,male,high
9,41.67045871,100,30.91403455,22.86122156,1.100150805,1.363693125,2.331588087,Shared/Other,Firefox,13-15,female,mid
8,41.40659716,77.65056045,29.77486589,37.99669601,3.003759996,1.634671273,0.914887238,iOS,Safari,16-18,female,mid
16,61.87386052,69.97896996,32.79345483,48.12694549,2.137081379,1.97345739,1.342101255,Android,Edge,16-18,male,low
17,49.06476183,87.96994547,29.88565969,50.83178597,2.005624142,1.173761593,2.280035051,Shared/Other,Safari,19-22,female,low
16,29.69828983,63.57869351,40.07439281,14.85163066,2.731749192,1.738069123,2.515489703,iOS,Firefox,13-15,male,low
19,61.94674144,65.7686739,32.51909209,22.15033553,2.965847229,1.991742617,0.681677179,Shared/Other,Firefox,16-18,female,low
21,60.28682611,73.01260964,31.50077792,20.78275807,3.422188091,1.05909389,2.74711847,Desktop,Chrome,16-18,male,mid
23,46.26930917,76.40828427,35.50298803,25.71969167,2.141201647,1.976800329,0.776801483,Shared/Other,Chrome,19-22,male,low
9,40.67561454,83.43414309,32.47606477,22.82256815,3.94539608,1.621344497,1.897962017,Shared/Other,Chrome,13-15,female,mid
14,37.93829851,57.99795125,32.64151517,34.19091838,3.473604424,1.074240873,1.065878736,iOS,Chrome,13-15,male,high
15,42.60246074,87.38632048,30.57355309,33.55306686,1.855871015,1.429182593,1.169441689,iOS,Safari,13-15,female,high
12,49.36776544,84.7519763,32.50547085,19.34930643,3.636936701,1.571772352,1.793615879,Desktop,Edge,16-18,male,mid
15,53.16033218,91.12278258,36.57457227,35.31417068,2.775091487,1.702633773,1.093583671,Desktop,Edge,19-22,male,mid
8,38.39387408,78.53207395,29.90107342,25.71669584,1.806876837,1.40697191,2.728700039,iOS,Chrome,13-15,male,mid
15,33.51867817,72.79805373,19.66072637,17.035986,1.588293138,1.610780071,1.201708039,Shared/Other,Chrome,13-15,female,mid
12,46.90790923,60.49288082,28.41623335,24.73490516,2.190390541,1.044387772,1.194555182,Shared/Other,In-App,16-18,male,low
13,36.56300227,94.01190686,29.69669593,29.96230416,3.978450517,1.13148912,1.186828814,Android,Edge,13-15,female,high
10,75.09791245,70.16938948,30.73396506,28.3455733,1.772821661,1.0595247,2.009488632,iOS,Safari,19-22,female,high
18,27.89481683,84.19747614,30.56959814,23.46559426,2.212719189,1.321081097,2.374626911,iOS,In-App,13-15,male,mid
19,52.06724047,79.51632702,24.62550471,35.3125702,3.222943751,1.529991523,2.572544331,iOS,Safari,16-18,female,mid
16,56.42487899,73.25362148,22.57488921,22.57174412,3.450169608,1.067384555,1.468481464,Desktop,Safari,13-15,male,mid
19,52.6236238,80.28068368,32.44345976,37.35835808,3.572687013,1.916635236,1.577463051,Shared/Other,Firefox,16-18,female,low
14,60.32546204,62.33105528,30.22129693,37.88693596,2.93722153,1.044778451,2.40476705,Desktop,Edge,16-18,female,mid
8,54.36425129,84.64851633,38.07791412,39.28439539,2.093781185,1.217892554,2.970089915,Android,Edge,16-18,male,mid
19,35.22361164,70.63614109,29.45195098,27.09093539,1.092867373,1.38798676,0.900062341,iOS,Firefox,13-15,male,high
18,31.69032666,81.96954405,28.33090255,30.35447616,2.808828629,1.82670736,2.960032908,Android,Firefox,13-15,male,mid
14,71.34749524,100,20.97197264,19.61038723,1.505010868,1.246907427,2.596373037,Desktop,Safari,19-22,male,mid
14,89.39952523,75.61115609,32.46975936,40.85353619,2.041831117,1.580467601,0.847991753,Desktop,In-App,19-22,male,mid
17,61.00959635,92.1885049,28.56446654,43.70843218,1.443952442,1.852557782,2.277211792,iOS,Firefox,16-18,male,mid
12,30.24315333,78.0805054,28.04175716,14.51052279,1.374462442,1.794210663,1.189418921,iOS,Safari,13-15,female,mid
15,64.83833814,57.26967532,36.3096075,43.90522898,1.857350667,1.203223091,2.404495478,Desktop,Firefox,19-22,male,low
22,61.9395626,87.80734459,31.9091953,27.64171522,2.429450151,1.99612295,0.648678922,Android,Chrome,16-18,female,mid
12,38.97719678,98.33244404,30.96141337,24.05056318,3.77914782,1.019116094,1.692108671,Android,Firefox,16-18,male,low
18,78.01432456,66.05650087,26.58020249,44.89940583,3.872344057,1.008863285,2.994552139,Shared/Other,Safari,19-22,female,mid
10,73.70114944,76.80583207,30.72619358,45.16178287,3.100102818,1.10440413,1.49775047,iOS,Edge,19-22,male,low
20,51.06787193,67.84083149,31.68080023,29.05661995,3.526223312,1.242231218,1.69564971,iOS,Safari,16-18,male,low
16,61.6506983,73.45075398,33.50368143,50.27704407,3.718333006,1.321495701,1.691092466,Android,Chrome,19-22,male,mid
13,63.60658596,80.98057696,25.75306542,20.83825721,3.600800405,1.453946848,2.553579979,iOS,Edge,16-18,female,high
22,42.3301339,85.60209907,43.79830019,22.76129167,1.428627884,1.77534615,1.178523451,Desktop,Safari,16-18,male,mid
21,28.42064054,80.60306441,26.92185663,30.60515334,3.145116157,1.593485763,2.739316815,Shared/Other,Safari,13-15,male,mid
16,48.30550763,70.23779126,34.3719459,31.04718235,3.366797415,1.891872145,1.584543549,Android,Edge,16-18,female,mid
16,57.38080375,80.22243681,25.91798007,30.77622635,2.999156241,1.966047505,2.402594476,Android,Edge,16-18,male,low
19,72.3892538,74.96492008,25.14998016,52.03884437,2.15536036,1.865820165,1.689919328,Shared/Other,Safari,19-22,male,low
12,47.13608127,78.26744765,31.5023718,32.2919384,1.635982164,1.657353482,1.68070451,Shared/Other,Chrome,16-18,male,mid
13,73.0746346,66.30336919,35.62717392,38.3558356,2.934497812,1.395130908,2.283017208,iOS,Chrome,19-22,male,mid
14,44.0738226,64.17632661,33.94274309,41.19018406,3.733206108,1.83826536,2.273457418,iOS,Safari,19-22,male,low
19,32.96080124,80.3806172,29.79159599,27.21806961,2.55709684,1.677542267,1.279659645,Shared/Other,Chrome,13-15,male,mid
13,47.62304875,56.12175161,26.37433453,31.34564335,2.025411116,1.739026558,1.058158464,Android,Edge,16-18,male,high
14,40.36175918,70.28140406,28.0123509,28.38483194,3.698365638,1.710135432,2.843446095,iOS,Edge,13-15,female,low
14,51.51618827,80.37090833,30.25813188,30.17798692,1.226815122,1.365680748,1.06345317,Shared/Other,Safari,16-18,female,low
21,75.84138843,86.22863954,32.58771888,40.60608836,3.842185749,1.337340141,2.312452925,Android,Chrome,19-22,male,high
15,34.29006644,58.92338973,30.92370289,29.89043557,2.501810713,1.679620333,0.690598045,iOS,Safari,16-18,female,mid
15,60.87195184,79.47861748,31.85547026,31.27287326,1.725931391,1.960626976,0.992314261,Desktop,Edge,16-18,male,low
18,45.82250778,66.77568423,36.58479418,44.62172666,3.094933472,1.395205926,2.88224199,iOS,In-App,19-22,female,mid
10,62.10906506,77.3215595,23.98433699,24.5434986,3.314880733,1.498895665,0.530257792,iOS,Edge,19-22,male,mid
19,37.49592266,75.60321915,23.38364488,34.23160728,3.424826319,1.253821078,1.114518598,Android,Firefox,16-18,male,high
18,64.91359945,68.50626962,36.60652016,46.15030194,2.177374559,1.754264973,2.79606608,Android,Firefox,19-22,female,low
8,44.95750437,62.88828071,33.6538206,15.4191641,1.574778837,1.918239087,0.754509207,iOS,Firefox,13-15,female,mid
19,36.71123095,71.35450853,22.69221911,24.05293165,3.157479691,1.563324642,1.568754578,Shared/Other,Safari,13-15,male,low
16,82.04308319,71.39108581,12.64285054,34.65284392,1.614040327,1.591130303,0.965339744,Desktop,Edge,19-22,male,low
22,48.91023908,79.36738552,32.02147377,37.2377428,1.996573099,1.693618057,2.42780704,iOS,Edge,16-18,male,mid
11,30.41702328,84.53024147,18.96218137,16.66694854,2.596065037,1.59043109,0.653327389,iOS,In-App,13-15,female,high
12,64.66291624,86.06990413,25.46369977,37.7987632,2.921906778,1.415943905,2.397672348,iOS,Safari,19-22,male,low
20,57.60073935,82.0536521,26.24436972,36.23823397,2.62741301,1.14960145,1.451724203,Desktop,Safari,19-22,male,high
19,71.8217627,52.59326214,28.53101675,41.05309321,3.847625881,1.632159499,0.824853431,Android,Chrome,19-22,female,low
18,60.8194206,72.25559973,31.10190791,36.96872728,1.375375771,1.850471615,1.361510211,iOS,Firefox,16-18,male,mid
7,27.46347279,85.58207047,34.68780061,27.27006901,2.686218383,1.947090667,1.740646882,Desktop,Safari,13-15,male,low
10,32.64826442,77.56054864,28.38381018,24.64200374,2.847735747,1.843278091,0.743785814,Shared/Other,Firefox,13-15,female,mid
12,26.67162199,81.9882842,32.10486472,39.44817671,1.537766836,1.800003482,1.881767689,Shared/Other,Firefox,16-18,female,mid
15,47.1301986,85.59936384,33.08502975,50.14918982,1.751403696,1.6248741,1.929364958,Shared/Other,Firefox,19-22,female,high
19,37.73124465,59.77640814,35.56344187,26.95748437,3.198097152,1.404527386,0.670883001,Desktop,Chrome,16-18,male,low
21,31.54209729,76.64743787,29.79740825,24.18339596,3.354585469,1.733486746,0.790477391,Desktop,Firefox,13-15,female,mid
18,70.09367713,61.71685049,30.38736859,38.31906534,3.912029636,1.113303505,1.509002506,Android,Safari,19-22,female,mid
19,47.04164894,92.05642943,30.59621665,33.49976066,2.892101413,1.549606269,2.224447123,iOS,Firefox,19-22,male,mid
11,48.83370068,91.7345209,36.70230526,24.93838589,2.94551446,1.267402028,0.537776711,Desktop,Firefox,16-18,female,low
19,38.77455194,73.66111073,24.96510263,23.57748025,2.836774452,1.213085009,2.84764274,Android,Firefox,16-18,female,mid
22,66.70466974,59.68892497,32.57127378,34.99118559,2.350762738,1.957581015,1.497588294,Android,Safari,19-22,male,mid
11,85.395589,77.25307922,28.15236536,39.86283901,3.743645992,1.434020973,1.146779105,Android,Firefox,19-22,female,low
19,83.81887711,65.42291751,33.24980783,52.90368122,2.961982277,1.818369566,0.625046442,Shared/Other,Chrome,19-22,female,low
9,34.46257368,79.60329873,23.25225576,21.42120005,2.784409644,1.372200392,1.33258718,iOS,Firefox,13-15,male,low
14,53.30290863,76.54336687,38.55968598,12.58006417,1.205376158,1.371112938,2.801916521,iOS,Firefox,16-18,female,low
15,53.03818596,70.79604878,36.81308513,35.05093754,3.621168761,1.637954263,2.584107835,Shared/Other,Edge,16-18,male,low
18,50.02685341,62.08488899,32.13548658,11.08715406,2.770697977,1.407632858,1.673813855,Shared/Other,Edge,16-18,female,low
12,34.77033128,72.2103707,28.60119916,24.23131214,1.211475837,1.185646705,2.160548462,Desktop,Firefox,13-15,female,low
21,52.90623322,93.69615331,20.07168922,28.82925858,1.764646747,1.742530833,0.691589516,Shared/Other,Chrome,19-22,male,mid
10,71.82895111,82.07636424,30.04519093,52.32524883,3.628958299,1.102567963,1.481826858,Desktop,In-App,19-22,female,low
14,59.21801502,51.36031506,24.72410764,33.37881521,1.039753101,1.295942889,1.647973084,Desktop,In-App,16-18,female,low
14,84.13826418,84.75816719,34.59227222,35.33450068,2.54480005,1.161362801,0.708885844,Android,Firefox,19-22,male,mid
11,78.42657944,99.26716486,32.16479913,58.33922652,1.736056942,1.057732159,1.477582173,Desktop,Edge,19-22,male,high
10,55.36377853,85.85926696,35.27609426,32.5659603,1.515081723,1.500112752,1.529895238,iOS,Chrome,16-18,male,high
20,40.74575374,78.54617568,29.77522707,31.78768629,2.536854272,1.11428577,2.412002431,Desktop,Safari,16-18,male,mid
12,76.20793091,82.26003433,25.29677551,22.21623082,3.644690365,1.73131652,2.243188548,Shared/Other,Chrome,16-18,male,mid
14,46.12321816,61.80752805,28.98509681,25.28568534,3.564922059,1.882559877,1.66577439,Android,Chrome,16-18,male,high
13,75.18117059,76.5460843,35.90022684,17.53110666,3.945122028,1.450478571,1.783420526,iOS,Edge,19-22,male,high
17,57.37565133,73.13228086,26.91195409,28.10333341,2.392715559,1.722737752,2.141823712,Desktop,Firefox,19-22,male,mid
9,64.46194665,77.68533986,37.56504633,20.27775912,1.199389977,1.76651505,1.959283969,Android,In-App,16-18,female,high
19,41.99019207,76.50870213,29.41062968,40.54495205,3.249933395,1.908228489,2.396788303,Desktop,In-App,16-18,female,mid
17,39.67476096,91.40533571,26.72210501,32.78548935,2.158635978,1.588504935,0.963431948,Android,Firefox,16-18,female,high
19,69.55137046,65.9224382,37.59641962,56.09074172,3.46549284,1.659510769,2.490603626,Shared/Other,Chrome,19-22,female,high
18,25.59524316,57.35079616,28.53076482,20.52465079,2.964127226,1.823767396,0.657850732,Android,Edge,13-15,female,high
8,57.39305841,70.39923746,29.66806191,35.71437409,1.778729348,1.033676404,2.697964432,Desktop,In-App,16-18,female,high
15,36.42177538,81.70740946,28.53870119,27.74204651,3.98847302,1.825415664,2.612178369,Desktop,Chrome,16-18,female,high
17,57.5678868,74.86827011,29.04735816,34.28728156,2.713486896,1.304030272,1.295261117,Desktop,Edge,16-18,male,low
16,52.61918504,78.86808521,35.45490213,51.13360506,2.690186052,1.624614048,2.661083117,iOS,Firefox,19-22,male,high
18,67.68771783,91.51546269,39.36958711,26.55499539,3.605232364,1.379127658,1.428714859,Shared/Other,In-App,16-18,female,high
17,61.40855496,81.91809822,37.98686395,29.87055188,1.160043991,1.454764343,2.186965755,Desktop,Safari,16-18,male,mid
15,36.2595834,61.8831725,34.33816042,22.56821553,1.468619706,1.635940327,1.99825529,Desktop,Edge,13-15,female,high
14,33.56680194,65.19738824,45.30973483,18.65992896,2.2056616,1.153691043,1.931518082,iOS,Safari,13-15,male,mid
17,59.41033317,77.06646438,33.69245416,38.49162288,1.738858056,1.690679771,1.99194105,Shared/Other,In-App,19-22,female,mid
18,67.97399572,77.53165238,34.10172006,41.93373174,3.920147857,1.465009518,2.618469826,iOS,Edge,19-22,male,mid
20,57.29911493,72.94140569,26.26710827,32.20739301,1.213104667,1.210793102,1.073414443,Shared/Other,Safari,16-18,male,mid
14,21.38229387,80.43296664,23.91038187,22.68592157,1.659120371,1.020520815,2.566545864,Shared/Other,Chrome,13-15,male,low
21,58.51069214,77.36417862,24.68491004,40.50399958,2.516526281,1.144078786,2.059996214,Shared/Other,Edge,16-18,female,mid
17,59.15390276,66.36040883,23.08273241,26.15321808,1.572177963,1.347062368,1.868093801,Shared/Other,Chrome,16-18,male,low
20,61.65339927,49.56501817,39.93565485,48.45157971,2.968165066,1.559578854,2.217597876,Shared/Other,Chrome,19-22,female,mid
23,83.75466522,75.42932245,36.7233806,37.26006918,3.20871943,1.512897056,2.674015206,iOS,Edge,19-22,male,mid
17,56.96321801,69.11133173,25.81368784,35.98931333,1.656129401,1.18283778,2.564277379,iOS,In-App,19-22,female,high
17,43.07015803,67.82081109,28.84737687,35.60523615,2.670354733,1.845120851,2.489815968,iOS,Edge,16-18,male,mid
13,46.39352088,81.7010004,36.82908876,33.7724343,2.800844382,1.053514463,1.441325719,Android,Edge,16-18,male,low
20,58.29129827,76.42092246,32.87350631,29.80867646,3.773567406,1.785812645,1.974869707,Android,Chrome,16-18,male,mid
23,65.95971794,86.71662312,28.17332023,56.11790591,1.51212509,1.030463686,1.011120931,Desktop,Chrome,19-22,female,mid
14,55.0826864,60.74406685,34.06457122,57.48366395,3.558945986,1.928383506,2.990995734,Shared/Other,Firefox,16-18,female,mid
18,83.382799,59.82826303,33.75289584,38.07700966,1.520488151,1.379751523,2.503614441,iOS,Firefox,19-22,male,low
14,74.04899804,60.65534658,24.71333591,28.81725845,3.248278018,1.431112405,0.71887166,Android,Firefox,19-22,female,low
13,62.08450508,63.27739547,35.734396,41.91978904,3.544327705,1.947161463,2.712137794,Shared/Other,Safari,16-18,male,low
13,70.64568387,64.11680513,23.60314752,59.47816787,1.236818209,1.442798137,1.152621316,iOS,Chrome,19-22,male,mid
23,51.85518916,83.49010913,29.47381516,42.98391847,1.568180254,1.005026553,0.650241026,Android,Safari,19-22,male,low
18,43.5094628,81.35446028,24.41290913,27.57342647,2.233592467,1.402406259,2.711467221,Shared/Other,Edge,16-18,male,low
23,55.10583006,76.45345803,33.08218211,33.91410277,3.589406613,1.822494649,0.933357632,Android,Chrome,19-22,female,mid
15,38.32052076,84.11362722,30.52876896,21.77976992,2.03187306,1.733000107,2.146653387,iOS,In-App,13-15,female,mid
18,62.39916183,83.14169483,26.4224159,48.59313791,1.296211621,1.075661104,1.403853497,Desktop,In-App,19-22,female,mid
10,56.96730909,79.23341949,40.40382952,36.92351947,1.309795027,1.172523877,1.919935743,Desktop,In-App,16-18,female,low
21,30.40362419,76.29500451,28.49183058,22.90068269,2.373786983,1.226521626,2.034925766,Android,Chrome,13-15,female,mid
20,49.06363811,70.11608269,32.10058999,39.28057653,1.155357666,1.557310575,0.890089528,iOS,Chrome,16-18,female,mid
22,46.98218613,70.88573393,35.76950367,28.14000314,2.37737207,1.303285891,2.831387196,iOS,In-App,16-18,female,high
13,64.67801788,82.64698335,23.79383046,34.86161383,2.857717096,1.332109783,2.820254589,iOS,In-App,19-22,female,mid
10,43.25494386,53.14703153,35.71918363,31.72901634,3.500932031,1.814671005,2.02957755,Android,Firefox,13-15,female,low
14,92.99947186,73.34471849,26.60307715,59.55230031,1.545336602,1.156812705,2.568255374,iOS,Edge,19-22,female,mid
15,34.85529691,83.94049597,27.51644588,32.25115248,1.150643295,1.464613169,1.449041911,Android,Chrome,16-18,female,low
20,25.67009685,77.34024454,28.75735691,14.42079217,2.620889595,1.844665909,1.578254266,Shared/Other,In-App,13-15,male,low
14,93.2024696,73.56041606,31.01496056,13.35667679,3.653065451,1.559405426,2.571220335,Desktop,Chrome,19-22,female,low
15,54.51610683,88.46669724,27.62827279,27.44123901,1.797785352,1.990332304,0.564423997,Shared/Other,Edge,16-18,male,mid
22,37.06858456,83.52345166,29.96826789,34.00673218,3.328871433,1.130501264,1.913549919,Desktop,Chrome,16-18,male,mid
18,77.99927892,85.48707126,38.27703557,34.33593257,1.489057341,1.233812833,0.559269384,Android,In-App,19-22,female,mid
10,48.41736119,75.72680524,27.94253428,29.8192517,1.03390761,1.787371958,1.266082057,Shared/Other,Safari,16-18,male,low
18,32.66173646,90.64269519,32.05513327,32.38666883,1.395895959,1.513183084,0.986119111,Shared/Other,Edge,16-18,female,mid
15,38.68263281,55.1453898,26.94988511,23.99296928,3.612065366,1.083524915,1.027814856,iOS,In-App,16-18,male,low
13,88.24945876,77.5216735,24.06965384,38.43960233,3.416296988,1.76016093,0.884749762,Shared/Other,Chrome,19-22,female,mid
10,31.88061035,57.23997661,34.63703746,25.79026745,3.408553627,1.246519906,2.940081747,Shared/Other,Edge,13-15,male,mid
18,47.39857771,76.43343883,24.35688501,34.98597853,1.316774638,1.045294644,2.140964648,Desktop,In-App,19-22,male,low
21,34.56015085,81.05223701,35.57716649,22.67088961,2.733421151,1.866101545,1.223598804,Android,Safari,13-15,female,low
21,50.09044208,74.43470117,28.08640604,44.72612342,1.836814228,1.129174445,0.748866282,Desktop,Safari,16-18,female,mid
22,35.94750809,81.63447729,26.37876734,29.7494722,1.759079023,1.865562383,0.75710648,iOS,Firefox,16-18,male,low
10,79.201924,64.93730646,28.28011964,28.21959133,1.055158426,1.464066689,2.857654744,Android,In-App,19-22,female,mid
16,38.35189061,66.53149034,36.24809453,34.26369025,2.43558511,1.92885955,1.329928762,Shared/Other,Safari,16-18,male,mid
7,35.60701912,86.94563431,34.60362756,23.63652709,2.477797016,1.63341174,2.513814784,iOS,In-App,13-15,male,low
23,64.31491465,76.96304417,26.01093126,38.02282658,2.022875714,1.917268067,1.516476343,Shared/Other,Edge,19-22,male,mid
13,75.48391612,73.84346431,31.26294964,35.02736033,1.003336283,1.271954559,1.044728449,Shared/Other,In-App,19-22,female,mid
20,40.95385625,77.02289056,28.79398625,38.20929792,3.772762824,1.46066983,1.747427792,Android,In-App,16-18,male,mid
14,72.63638873,65.83725899,36.77721401,36.72679804,1.763443995,1.01289747,1.850748517,Shared/Other,In-App,19-22,male,mid
15,66.18966007,69.59746997,23.27084108,31.58288054,2.440142132,1.138015487,0.702596526,Desktop,Firefox,19-22,female,mid
17,62.76965386,55.12659823,28.71269908,32.36616437,2.467107326,1.859556397,1.980753428,Shared/Other,Firefox,16-18,female,high
11,51.89563856,80.32006199,31.80830531,23.05064377,2.499876976,1.73024919,2.047931838,Android,In-App,16-18,female,mid
9,43.36200812,77.80110261,22.48389033,26.7488476,2.570690739,1.28226247,1.245189126,Android,Edge,13-15,male,low
16,64.71227237,81.57364963,23.64795628,44.41271535,3.460202506,1.04157896,1.745324859,Shared/Other,Edge,19-22,female,mid
13,53.45075377,85.10702165,33.74521972,39.00552183,2.011908509,1.941576853,1.824284915,Android,Chrome,16-18,female,mid
10,66.1527037,63.09800972,35.43678413,43.49797727,2.110073572,1.550471777,2.475037104,iOS,Edge,19-22,male,high
21,41.93781833,79.58168115,25.10139388,29.55638783,3.993248167,1.451739476,1.386821392,Android,In-App,16-18,female,mid
12,47.66781822,69.74120324,30.88875053,19.4111058,3.441170031,1.940503953,2.121913465,iOS,Chrome,13-15,male,high
10,20.6260959,66.61406847,27.48221687,32.45189735,3.026863929,1.038086301,2.049921412,iOS,Safari,13-15,female,mid
10,28.15546211,76.23917426,26.04145325,19.86031619,3.724055636,1.396312625,1.240814505,Shared/Other,Firefox,13-15,male,low
10,39.04471393,68.76423909,24.95668843,32.44556554,3.374229252,1.915788239,1.399485234,iOS,In-App,13-15,female,mid
14,47.33338249,79.3597539,17.33876957,17.10292505,2.741935678,1.935937248,2.180626718,Android,Safari,13-15,male,mid
23,57.92108843,86.89891054,21.99798219,48.44283228,1.07233058,1.11645893,0.817740601,Desktop,Firefox,19-22,male,high
18,45.74211157,78.25840852,36.04173909,33.2977406,2.059308667,1.799783364,1.886717562,Shared/Other,Safari,16-18,female,mid
21,65.62140621,72.66567201,29.79602755,45.76793824,2.435006445,1.021021107,2.549023883,Android,In-App,19-22,male,mid
22,57.88988522,66.40972461,34.0677402,42.34977875,2.794027352,1.385102603,2.637014447,Android,Firefox,19-22,male,mid
12,62.22218017,76.26523205,26.32720952,39.87987927,2.698055275,1.878033513,1.894684189,Android,In-App,19-22,male,low
11,36.40229423,55.38672344,27.17802679,18.31637281,2.767643843,1.454278397,1.628913967,iOS,Edge,13-15,male,low
16,53.91999267,84.7781555,19.47176529,44.99260031,1.230274186,1.004187444,2.176085834,Desktop,Firefox,19-22,female,mid
18,60.78113506,90.30195199,33.32463581,40.58587138,1.94609123,1.393147129,1.092309985,Android,Edge,19-22,female,mid
21,23.76798963,71.7656907,37.2351773,38.22518395,2.883236245,1.647457941,2.60938761,Desktop,In-App,13-15,female,mid
18,73.07020917,69.02576635,35.3895087,28.74857441,3.192611037,1.420011004,1.945899408,Desktop,Edge,16-18,female,high
12,55.45331518,94.68476308,27.74015505,44.24393938,2.855830867,1.568552256,0.64794268,Shared/Other,Firefox,19-22,male,high
14,44.18217967,48.72934643,27.39299454,21.78284025,2.073433748,1.593780632,1.938983572,Android,In-App,16-18,male,low
15,56.78946988,73.16512757,21.65099923,24.31318356,1.12994582,1.699339466,1.326402506,Android,In-App,16-18,female,mid
11,48.28973253,69.68545449,22.16070287,22.56056221,2.797897861,1.513707855,1.220461315,iOS,Chrome,16-18,female,low
15,50.64167126,77.05629815,24.829315,27.47925833,1.182705799,1.030930881,2.286035254,Shared/Other,In-App,16-18,female,low
20,34.65066384,84.3620901,30.92405151,16.05505294,2.79083567,1.81016109,1.574183408,Shared/Other,Firefox,13-15,female,low
8,39.13937439,80.22561921,20.82595985,22.16247533,2.763974888,1.426499747,2.03855195,Shared/Other,Firefox,13-15,male,mid
10,29.43444098,87.31768229,21.79769321,20.40936508,2.162353888,1.863479895,1.272005688,iOS,Edge,13-15,female,low
21,42.91553663,87.5923324,35.73220435,31.29981751,3.79522121,1.996949417,2.300393652,Desktop,Chrome,13-15,female,mid
12,61.68036957,71.07197803,23.18544293,44.50891375,2.069713978,1.911725877,0.600722364,Desktop,Safari,19-22,male,low
12,34.59662507,82.60118376,35.27206056,20.24344643,3.896916926,1.393555336,0.826793309,iOS,Chrome,16-18,female,high
11,41.26129701,68.53054829,24.9171956,40.46934902,2.908205261,1.398280549,0.517036745,iOS,Chrome,19-22,male,mid
13,46.60877721,73.09842056,30.28371284,32.59042781,3.363910401,1.903248105,1.168538196,Desktop,Safari,16-18,female,mid
18,57.82873735,67.99347346,34.41324039,26.98212101,3.735455886,1.097507692,2.633323041,iOS,Chrome,16-18,female,high
18,28.58635966,78.7334856,31.56189105,19.70024961,1.411900098,1.952386752,1.322056545,Shared/Other,Firefox,13-15,male,mid
17,77.35348978,87.65366093,37.43331832,48.7231538,2.915051732,1.307145648,2.649198963,Android,Firefox,19-22,male,high
7,39.31315294,81.03094685,25.74732361,29.89184969,2.533340915,1.604312982,1.652245846,Android,Firefox,13-15,male,low
10,79.61833654,67.19044808,27.88112272,50.57368305,2.83602559,1.306300997,1.315269631,Desktop,Firefox,19-22,female,low
20,59.96524634,79.24066862,30.19723524,24.89234763,2.107408581,1.357192334,1.360229045,iOS,Safari,16-18,male,mid
15,38.62262004,68.92707815,17.93943047,30.17085138,2.353799842,1.869174857,1.825156138,Shared/Other,In-App,16-18,female,high
18,54.31453834,58.44631119,28.57248152,36.14736825,3.256342998,1.512874742,1.302136357,iOS,Chrome,16-18,female,high
17,59.50581937,86.31230092,29.66733923,38.40637768,1.316215858,1.553823441,1.782448375,iOS,Safari,19-22,female,mid
7,37.57342833,64.64377653,35.53532118,25.84029903,1.726523951,1.073003593,2.360071451,Android,Edge,13-15,male,low
8,32.93608556,87.52842634,27.75887692,23.10885949,2.023733349,1.444183407,2.188966934,iOS,Chrome,13-15,female,mid
12,62.45085284,69.14774004,35.02827547,55.04214283,2.687288122,1.279445307,2.456250361,Shared/Other,Chrome,19-22,male,high
12,47.94616232,61.60838264,30.79871684,34.8286292,2.284465519,1.061425129,1.059811469,iOS,In-App,19-22,female,low
23,56.3327734,73.4967954,28.36651893,36.88012991,1.894198604,1.320401286,0.910717108,iOS,Firefox,19-22,male,high
12,51.81062743,74.07658637,23.54605567,39.12294626,3.213641246,1.139002205,1.600177688,iOS,Safari,16-18,male,low
14,48.35664794,85.55536974,30.05172008,31.48465347,3.857550369,1.754536916,1.613632324,Shared/Other,Firefox,16-18,female,mid
18,70.73532653,65.06137325,32.10095771,50.1881208,2.641136037,1.087446502,1.443407942,Android,Chrome,19-22,male,low
21,33.92675486,82.96995864,32.25369395,27.06054581,1.347469247,1.705956237,1.759221523,iOS,Chrome,13-15,female,low
10,65.70131416,71.19592743,28.34510913,29.10417755,3.814192419,1.917647278,2.718672351,Shared/Other,Safari,16-18,male,mid
19,71.47368048,77.97604943,24.57814396,42.16906444,3.443151762,1.382123494,0.830671788,iOS,Firefox,19-22,female,high
21,47.87024685,83.01514319,34.88657651,29.14114845,1.579480025,1.471308275,1.681288607,Desktop,Edge,13-15,female,low
17,42.7858365,71.34494063,29.2435039,28.96535448,2.829438285,1.240803816,1.467018105,Android,Chrome,16-18,male,mid
15,26.50965175,67.21060359,28.42451633,24.77267512,2.711228474,1.581564204,2.286739188,Android,In-App,13-15,male,high
11,53.69032331,72.53757878,32.97851125,34.25079557,2.116246765,1.759823658,1.347058706,iOS,Firefox,16-18,male,low
12,46.60759328,74.73308785,25.63215733,38.03719349,3.074248173,1.2617511,2.060601842,Shared/Other,In-App,19-22,female,mid
14,30.17862492,67.00059493,20.45998931,16.25005726,3.545415323,1.363255352,2.484837834,Android,Edge,13-15,female,high
19,63.50687212,64.69843867,42.00372485,34.30972638,2.857612952,1.480294259,2.154259614,iOS,Firefox,19-22,male,high
9,34.38909441,74.12564671,32.74159814,23.48851784,2.425301022,1.897955216,1.812623351,Android,Safari,13-15,male,mid
8,36.1706505,76.81513332,36.07486756,21.73367584,1.4594335,1.728116437,2.000628525,Shared/Other,Safari,16-18,male,mid
22,65.31593401,85.08004004,27.25197708,47.33452883,2.791937135,1.39363552,1.683589148,Shared/Other,Firefox,19-22,male,mid
18,55.37629903,82.86604109,27.28881141,32.99730373,3.21960348,1.789022845,0.79776634,Desktop,In-App,16-18,male,high
16,39.05963471,67.68368261,39.45220343,29.17877007,3.859360343,1.719245201,2.825413007,Shared/Other,Safari,13-15,female,mid
18,37.48887993,85.33074985,35.05923542,15.55175354,3.695065826,1.582686147,0.810268419,Shared/Other,Chrome,13-15,male,mid
21,59.61201237,100,24.38252983,39.8791799,2.003327581,1.519312693,0.993889764,Shared/Other,Edge,19-22,male,low
11,21.4865357,72.54334724,34.30817331,22.6436813,1.863639034,1.724696254,2.591038991,Android,Edge,13-15,female,mid
13,51.38298117,66.36506395,29.84398256,26.47045325,3.91738417,1.518010431,2.035465611,iOS,Chrome,16-18,male,high
18,45.11726158,82.17793495,27.32289061,34.43328778,2.133982116,1.981181559,1.665633204,Desktop,Safari,16-18,male,low
8,53.79710524,70.1916621,33.48083999,42.25427526,2.265137853,1.039922533,1.622696285,iOS,In-App,16-18,male,mid
17,47.23680365,76.86013378,35.30296168,24.28773473,2.549882776,1.284600382,1.793023569,iOS,Firefox,16-18,male,mid
19,42.52621771,83.73628502,29.84798617,26.28045293,2.831089023,1.546407074,1.124360448,Android,Firefox,16-18,male,low
15,63.74788648,85.6671883,28.39043429,43.9330705,2.037576574,1.035215174,2.365449096,Android,In-App,19-22,female,mid
22,40.84102606,82.63697716,35.63687005,22.03060437,1.902898959,1.184044772,2.39112772,Android,Edge,16-18,female,low
19,32.09506671,86.69394074,29.03741888,14.9627157,1.618017036,1.952095652,1.354664422,Desktop,Edge,13-15,male,mid
13,34.32418559,86.39555536,28.06319018,41.41440513,1.401086963,1.93539449,2.378558294,iOS,In-App,19-22,male,high
15,40.88664697,81.69871455,31.00772001,21.4689927,3.992554394,1.032451077,1.088970571,Desktop,In-App,16-18,female,mid
14,48.67434323,87.12158689,27.53427572,27.3920181,2.30359289,1.869533672,0.951643853,Desktop,Chrome,16-18,male,low
22,39.1578992,79.25535775,28.95545734,44.81722775,1.691159918,1.289243903,1.423385325,Shared/Other,Safari,16-18,male,mid
16,49.37059141,91.84348516,35.00010858,28.98491091,2.258004041,1.701097587,1.526828859,Desktop,Safari,13-15,female,high
12,84.94492089,86.5923415,30.23535843,40.52775516,2.400634297,1.359719862,1.840388466,Android,Firefox,19-22,female,low
14,42.3419002,71.86258723,32.10076647,29.7583474,1.475344112,1.062205092,2.556757304,Shared/Other,In-App,16-18,male,mid
21,61.94160183,71.07057998,26.39474985,40.95760872,3.340144261,1.471626365,1.068704009,Shared/Other,In-App,16-18,female,mid
20,49.90711438,74.28462788,26.78337802,32.14886751,1.764246122,1.351884834,2.264038262,Android,Chrome,16-18,male,high
13,59.25489714,61.91221688,39.67194264,43.59475798,1.081319957,1.783501503,0.526283061,iOS,Chrome,19-22,male,low
16,50.64621031,71.93834142,33.67299064,18.32990564,2.845209262,1.926907562,2.905146247,Desktop,Edge,16-18,female,mid
13,52.43657224,81.87899968,38.20364471,22.36854115,3.461775368,1.392267042,1.618879638,Android,In-App,16-18,female,low
14,47.43659322,67.2627482,37.69032718,26.23366569,1.776132842,1.347192168,2.485455863,Android,Safari,16-18,male,low
18,72.07737771,93.56647437,27.59117014,41.46916277,3.199481134,1.995421513,1.218777998,Desktop,Chrome,19-22,female,mid
14,58.78896737,77.76581506,30.0427804,37.01740513,2.834024969,1.370973713,2.430380069,Desktop,Chrome,19-22,male,low
12,64.25156793,56.58102227,34.460338,38.22336744,3.429936231,1.238289671,1.060957449,Android,Safari,19-22,male,low
20,11.76428483,77.25055389,27.71420018,27.95707755,2.963039379,1.872519952,1.110368901,Shared/Other,Safari,13-15,female,low
21,59.97632077,77.57430076,25.14619668,27.99244035,2.651053837,1.513955447,2.225307794,Desktop,Edge,16-18,male,low
11,44.56407076,71.42892808,28.77657746,24.66533301,3.465257251,1.138968992,2.368243894,Desktop,Edge,16-18,male,high
11,66.02146469,95.93197932,22.4405829,55.94953451,3.950022305,1.241601276,2.203205276,Desktop,Firefox,19-22,male,mid
17,51.4508065,67.79732282,22.36450543,25.39548827,3.061569989,1.814793668,1.54347906,Shared/Other,Firefox,16-18,female,low
10,64.64838628,83.14424899,40.92855832,32.32170735,1.376930477,1.289727984,1.096879428,iOS,Firefox,19-22,male,mid
11,36.92630218,72.7561789,35.10550786,18.81489506,2.333186855,1.303282939,2.291515747,Desktop,Edge,16-18,male,mid
8,44.43071192,57.78824175,25.41929242,25.3797763,3.080132616,1.766245473,1.26023659,Desktop,Firefox,16-18,female,low
18,40.45089861,50.96823407,38.9980938,19.23153859,2.190367976,1.431210485,1.923244835,Desktop,Firefox,13-15,female,mid
10,36.47306218,68.46101612,30.1365669,18.60101007,1.698575671,1.492001729,1.275588209,Android,Edge,13-15,female,mid
18,54.04212865,60.05653692,34.56546015,35.01110921,3.699229235,1.628406958,1.596622546,Android,In-App,16-18,male,low
9,43.87943774,68.27514404,31.11635418,35.29562669,2.305043783,1.292655098,1.863569876,iOS,Firefox,16-18,male,mid
16,50.78777728,79.16972074,28.8178391,37.37744638,2.307016198,1.129086195,2.355746892,Android,Firefox,16-18,male,mid
18,59.18998757,80.75904437,29.25284257,29.11157537,2.831128179,1.834973786,2.275878752,Desktop,Firefox,16-18,male,mid
13,54.19194341,57.60598028,24.73759962,30.35799929,1.064936684,1.091777606,2.202383229,Desktop,Chrome,19-22,female,low
11,57.59596191,73.84775767,28.07528556,35.65677393,3.479170935,1.701499101,1.648359139,Android,Chrome,16-18,male,mid
13,36.10400837,72.99402185,32.67522596,37.28639858,3.741628871,1.981044862,2.154526821,iOS,In-App,16-18,female,mid
20,63.00227136,79.29132862,26.41645586,35.30203305,3.918381105,1.9830647,1.734947873,iOS,Firefox,19-22,male,mid
15,68.73029829,80.51885972,33.40115104,24.21324798,1.146298956,1.843728793,1.59511019,Android,In-App,19-22,male,low
11,37.26282599,71.03142955,23.76610876,32.34514907,3.843388198,1.396590574,0.812175192,iOS,Edge,16-18,female,low
17,20.75634278,82.47072844,36.99295502,26.70519255,2.742267997,1.741684129,2.188077094,Desktop,Safari,13-15,female,low
8,58.50079332,75.24868484,25.90617946,32.92376527,2.029902908,1.328570633,2.005640756,iOS,In-App,16-18,male,low
10,59.46596322,74.52148487,28.30845967,47.56564675,1.099035808,1.953936753,1.024795114,Desktop,Firefox,19-22,female,mid
16,32.26937504,75.03880617,38.11087459,24.94224351,3.735355337,1.146614557,2.114819733,iOS,Chrome,13-15,male,mid
8,33.34690921,81.90472686,31.32808497,27.95935082,1.506248315,1.96832696,1.632208401,Shared/Other,Edge,16-18,male,high
14,44.70223529,73.22082124,25.4359454,37.18379498,3.386735129,1.141383554,0.825801083,Desktop,In-App,16-18,male,mid
12,45.77314745,67.8335009,26.55782278,18.69394074,1.164079524,1.017670045,0.756920607,iOS,In-App,13-15,male,low
9,31.50295854,85.90484725,35.99937742,23.84585889,3.939866342,1.985600734,2.216696529,Desktop,Firefox,16-18,male,mid
21,62.37360498,59.89695246,29.71208992,47.66242975,1.234905011,1.573431825,0.745862304,Shared/Other,Safari,19-22,female,low
11,59.25216744,79.10550085,28.84465261,62.93211006,2.899536025,1.721054661,1.142880878,Shared/Other,Safari,19-22,male,high
17,37.22639183,64.29808437,38.59520306,23.47538894,2.788130786,1.107450553,0.542282,iOS,Safari,13-15,female,mid
20,29.50930522,63.88161776,33.7783426,20.78299226,1.25188769,1.770021228,2.075437712,Android,In-App,13-15,female,high
12,61.58289646,68.44236257,25.9415945,35.01234813,1.277585663,1.399432279,1.54732306,Shared/Other,Chrome,19-22,male,low
21,69.85202573,68.16302215,33.8214904,30.87705037,1.91768444,1.483134646,0.657957742,iOS,Firefox,19-22,male,high
10,52.24786903,74.91886798,30.79044613,22.87865604,3.448170271,1.432067285,2.490976807,iOS,Chrome,16-18,female,mid
14,51.03370739,71.98397866,30.40571259,58.31622285,2.931159419,1.277144352,1.624192443,Desktop,In-App,19-22,female,mid
22,47.34378178,76.53930193,32.59518039,37.25560908,2.305878173,1.525153894,0.999072019,Android,Edge,16-18,male,mid
19,73.06037821,70.09778408,24.67533355,34.2731836,2.320540986,1.069307773,1.945545953,Android,In-App,19-22,female,mid
16,32.69821621,54.82661202,15.83837038,25.65133309,2.697555362,1.916756003,2.50204525,iOS,Safari,13-15,male,mid
22,63.06691547,81.89003144,27.40724196,26.25628596,2.389598309,1.486828212,2.837232616,iOS,Firefox,19-22,male,mid
11,27.71647432,72.4969904,29.44945658,35.53559262,2.404901774,1.853128172,2.83395114,iOS,Safari,13-15,male,mid
7,31.93564669,69.47000567,38.46968534,29.81591371,1.91932701,1.96221291,2.911220563,Android,Edge,13-15,male,mid
17,50.91111042,89.71034691,26.5025239,32.11328069,3.054175492,1.212081237,1.097494201,iOS,Edge,19-22,female,mid
9,37.4827702,84.51306244,32.63448962,21.9612993,1.439824901,1.159666349,2.475208125,Android,Chrome,13-15,male,high
7,27.30240841,80.77363525,29.35670277,26.62669648,2.219388154,1.771836035,1.709693161,Android,Chrome,13-15,female,mid
17,70.88095554,79.9472518,30.22203606,45.47655772,1.443557314,1.940876267,0.957232633,Desktop,Chrome,19-22,female,low
19,52.2955114,75.37626324,28.63249509,29.66608271,3.796800652,1.665947166,2.556643671,Android,Edge,16-18,male,high
9,52.10600839,67.76654831,33.31390943,26.58066744,1.970328565,1.819234212,1.841314021,Android,In-App,16-18,male,mid
8,45.07477702,61.34978205,33.50747391,28.43123987,3.411080356,1.817822074,2.94736839,Desktop,In-App,13-15,male,mid
9,69.98871736,66.17004776,24.79768115,44.19417785,1.00188255,1.963094131,2.793862236,iOS,Edge,16-18,male,mid
8,23.02193884,69.09112638,31.44114565,31.40469788,1.822492113,1.320056727,2.407875144,iOS,Chrome,13-15,male,mid
17,45.88030131,85.29413101,33.98350964,17.51744963,1.317389561,1.506139853,2.53656264,Android,Chrome,16-18,male,mid
15,63.3626536,64.04729481,14.11648093,32.65924426,3.540355006,1.831941542,1.508799981,Android,In-App,16-18,female,mid
18,72.61884574,72.3439544,28.00060881,63.91554821,3.847843515,1.305099687,0.922148223,Android,Chrome,19-22,female,high
7,18.59714034,63.02519314,36.02663366,28.69590247,1.834336503,1.184435191,1.743791067,Desktop,Edge,13-15,female,mid
16,64.21403503,82.56488354,20.42969965,23.9665409,1.614937698,1.741995391,0.630697758,iOS,Chrome,19-22,female,low
21,27.48237921,65.21840655,25.40942414,30.78776596,2.557620924,1.234370091,0.808916219,Shared/Other,In-App,13-15,male,high
10,49.86538545,71.21648117,30.72659028,36.05246029,1.340938116,1.003918375,2.998651703,Desktop,Chrome,16-18,male,mid
14,59.37804664,77.8493307,28.87839344,32.41234742,1.584990213,1.31347736,2.051392118,Shared/Other,Edge,19-22,male,mid
9,29.45559778,69.38157901,32.39680477,46.47164714,2.536781692,1.487374808,2.062728882,Desktop,Firefox,16-18,female,low
13,43.22809762,83.16496024,29.93709968,32.90885519,1.047555527,1.729923519,2.721866292,Shared/Other,Chrome,16-18,male,mid
7,31.96819945,100,36.8005795,15.65417119,2.684783523,1.170813706,0.994225758,iOS,In-App,13-15,female,mid
12,29.54895812,71.07262637,28.82814938,29.83913012,1.302824877,1.199011294,2.999623111,Desktop,Firefox,13-15,female,low
17,50.53540631,66.77923988,23.90357767,36.80126694,2.206781241,1.051224296,1.741288556,Android,In-App,16-18,female,low
14,45.68000622,72.06146439,30.19928771,32.64518287,3.341718177,1.361607318,1.516046353,Desktop,Edge,16-18,female,mid
15,33.39935547,83.27115429,30.78987156,22.03749053,2.662297841,1.174498486,1.446758389,Shared/Other,Firefox,13-15,female,low
17,50.97913738,48.3634586,30.0456036,23.70691211,1.507609155,1.187527223,0.526379092,iOS,Edge,16-18,female,mid
11,42.44295013,96.45036421,34.47338571,27.62950244,2.990471035,1.836291313,1.038657268,iOS,Firefox,16-18,male,high
15,65.03777272,71.14629999,34.40433665,52.29990368,3.698538295,1.940879906,2.177162218,Desktop,Safari,19-22,female,low
8,55.7758018,71.14327369,32.17251323,39.12089849,3.480603542,1.562655423,2.405468778,Desktop,Edge,16-18,female,high
8,38.83553353,85.61924785,25.72240398,24.65123285,3.893296539,1.717870581,2.981563871,iOS,Chrome,13-15,female,mid
14,34.32675368,75.4762102,29.13189027,24.88808597,1.490849466,1.565603528,1.759782563,Shared/Other,Safari,13-15,female,mid
20,70.43025802,77.86774112,29.26397361,32.03172596,3.17060372,1.577186676,2.119300136,iOS,Firefox,16-18,male,high
19,48.85197751,71.4505377,32.51145613,33.96740208,3.936758668,1.386368137,1.168146713,Android,Safari,16-18,male,mid
18,37.79373446,82.32829082,23.6288394,26.1447319,2.952915236,1.82451707,1.544271417,Shared/Other,In-App,13-15,male,low
20,65.10540386,82.87322506,30.6476982,37.62316683,3.905257392,1.540552675,1.645512013,Android,In-App,19-22,female,mid
20,48.14075519,82.88343021,26.81460747,18.80423666,2.896367285,1.503513511,0.65027139,iOS,Edge,16-18,male,low
14,52.91044033,82.31000627,32.69217479,44.02960142,3.903593698,1.889836394,2.001336921,Shared/Other,Firefox,16-18,female,low
19,42.33254545,82.4219498,27.3949903,35.28635932,2.280371117,1.648735139,2.318171176,Android,Chrome,13-15,male,low
19,57.02954787,92.31924682,19.41495974,20.93727678,3.388857049,1.583067684,2.900545181,Shared/Other,Firefox,19-22,male,low
22,60.41754229,84.39980818,28.05228603,24.09954367,2.188163432,1.199156898,1.561985453,Shared/Other,Chrome,16-18,male,low
18,76.2010218,67.27585009,34.44770616,22.39063563,2.772413601,1.721449157,2.853197322,Shared/Other,Chrome,19-22,male,mid
18,40.06410484,78.82896456,33.44491976,30.95147197,3.140956223,1.252401715,2.142038078,iOS,In-App,16-18,female,mid
9,50.84518476,74.99073374,27.39288978,25.00490731,2.801819888,1.062479761,2.303061169,Desktop,Edge,16-18,male,high
18,42.33135962,72.31939079,22.62104551,30.47650588,3.389355309,1.547062991,2.124880245,Shared/Other,In-App,16-18,female,low
12,57.96905441,74.60105616,22.97880217,39.77439045,3.851510685,1.38360904,1.560930065,Android,Chrome,16-18,female,mid
16,46.74837268,75.79830792,24.17601492,23.44018068,3.888873984,1.607685641,2.958468051,Shared/Other,Firefox,16-18,male,low
9,21.33403072,71.62942514,30.6895826,27.30768287,3.348545854,1.845510811,2.497705364,Desktop,In-App,13-15,male,mid
8,29.46119381,75.88706239,31.15764952,21.70480363,3.723252401,1.729770512,2.338658821,Desktop,In-App,13-15,female,high
18,51.82672618,82.98059873,24.11664085,33.17160538,3.66481659,1.459941951,2.017432791,iOS,Chrome,19-22,male,low
17,38.52109088,55.69147061,26.62854854,35.32885004,2.565492626,1.585654335,0.521238947,iOS,Chrome,16-18,female,mid
18,55.80655003,91.73698446,25.41743503,28.71937445,1.569798299,1.81874681,0.7917228,iOS,In-App,19-22,male,mid
8,37.42582779,77.18659307,27.76839742,28.73135756,3.760114492,1.270683604,1.426228593,Shared/Other,Firefox,16-18,female,mid
23,68.05311749,87.61463985,25.38346949,33.78230647,1.860960398,1.249887606,1.390624737,iOS,Firefox,19-22,female,high
19,44.14094039,78.02697994,31.01339182,27.55864875,2.339063738,1.550690491,2.86115922,Shared/Other,Firefox,16-18,female,high
18,43.66714815,67.25698578,34.05431558,34.10255324,1.109022245,1.101847265,2.321234835,Shared/Other,Chrome,16-18,male,mid
13,47.75146944,82.00766007,33.66530058,23.49845543,3.91806623,1.285841449,0.677776771,Shared/Other,Safari,16-18,female,mid
18,74.07195263,61.02194522,36.01288253,40.86764206,3.720599732,1.587369869,0.713506211,Shared/Other,Safari,19-22,female,mid
22,61.39607785,83.19373268,32.11944741,45.10276311,1.266319801,1.864994976,1.301549766,Shared/Other,Safari,19-22,male,mid
17,28.47597839,54.96626251,34.24244664,22.99563022,3.425073467,1.388058474,2.489912724,Android,Edge,13-15,male,mid
21,46.37213672,77.63689487,36.11113854,23.91856554,2.822415262,1.523158001,2.686187758,iOS,Chrome,16-18,male,mid
17,23.23608359,81.0516865,27.04236661,18.68615112,3.409111482,1.415261438,1.208870027,Shared/Other,Safari,13-15,male,high
23,57.73812517,70.18539223,22.98356702,49.104185,3.553783502,1.798484243,1.167913156,Desktop,Edge,19-22,male,mid
16,23.40019521,72.42699999,35.41056156,23.42169375,1.268019707,1.437781477,1.076836476,Android,Chrome,13-15,male,mid
15,65.93753004,68.43310654,28.69845479,35.16227241,3.884631169,1.807261649,1.649081886,iOS,Firefox,19-22,female,high
11,72.85406903,73.54760659,34.85696551,40.9315878,1.428537723,1.764251598,2.47493625,Desktop,Chrome,19-22,male,mid
12,83.95679693,58.90479017,26.51345425,35.78188821,2.673637551,1.304307592,0.716143768,Desktop,Edge,19-22,female,mid
13,42.28259185,97.24044779,38.18826254,26.51426707,2.560346244,1.61073178,1.160749382,Shared/Other,In-App,16-18,female,high
19,44.57717324,64.4477651,31.28569233,34.38662004,2.278367113,1.552321497,1.997207737,Shared/Other,In-App,19-22,male,mid
14,51.94055066,69.60408779,34.47455278,37.64695402,2.195436286,1.316913014,1.668468339,Android,Edge,16-18,female,mid
20,56.72100826,60.56313263,36.84842581,40.41773657,2.606240007,1.788399531,2.545260421,Android,Safari,19-22,male,mid
11,77.61790996,71.38422689,27.47640295,45.69365919,3.797511859,1.859502976,2.274462626,Desktop,Edge,19-22,male,mid
9,56.08735589,64.33317297,30.24993018,26.10008599,3.886587629,1.289924763,2.632360508,Desktop,In-App,16-18,female,high
18,41.35930048,61.69294869,19.11016134,28.31536278,2.797033133,1.071735344,1.066896544,Shared/Other,Chrome,16-18,male,high
16,67.33762692,77.39627518,33.66527141,30.42101274,1.215720152,1.909005589,2.894416645,iOS,Safari,16-18,male,mid
19,53.05564384,70.06747083,21.97021376,21.22336621,3.198515012,1.336308094,1.321510849,Desktop,Chrome,16-18,male,mid
22,61.58610367,65.20238052,28.01894829,30.81593644,2.529955238,1.460582551,2.751900406,iOS,Edge,16-18,male,low
22,42.287997,83.35829238,32.10292024,17.58221269,2.886619433,1.762847902,2.41317631,iOS,Chrome,16-18,female,mid
10,25.11700074,82.55665839,28.89055864,32.61613354,2.846043522,1.411946549,2.836026986,Shared/Other,Firefox,13-15,male,high
18,34.18753437,84.81898956,25.17399054,22.58863895,3.585625447,1.654077553,1.778976527,iOS,Firefox,13-15,female,mid
20,19.29511832,84.57233808,27.08556639,30.80329944,3.601456453,1.673008166,0.617411056,Shared/Other,Chrome,13-15,male,mid
17,62.96177171,74.2966155,25.50816756,56.36739962,3.662625723,1.641265709,1.534111412,Android,Firefox,19-22,male,low
21,67.40264434,89.07230011,23.95704738,25.0222243,2.412449258,1.19892978,2.004216522,iOS,Chrome,16-18,female,mid
16,55.11778979,76.03959679,40.30290576,34.33108087,3.163368268,1.35269112,1.314255529,Android,In-App,16-18,female,mid
13,42.13193343,64.4824957,18.68135695,24.50852749,3.117277153,1.820840237,1.090856858,Android,Firefox,16-18,male,mid
22,34.16875181,68.3186407,26.0936375,21.87595993,3.417717528,1.279673857,0.978803305,Desktop,Firefox,16-18,female,mid
15,80.50472401,66.30221967,35.48604023,32.50828273,3.576256077,1.700454865,1.504533647,Desktop,Firefox,19-22,male,low
22,74.0981397,87.23948753,29.01189766,26.6000893,1.794901185,1.448632592,1.844230321,Shared/Other,Chrome,19-22,male,mid
10,82.41505588,71.07522962,31.58973879,32.60585568,2.342709852,1.82942887,1.256698026,Desktop,Chrome,19-22,female,mid
17,53.98220951,71.69776873,29.86417566,28.23492574,1.85123653,1.436581722,2.08449244,Desktop,Firefox,16-18,female,low
14,46.76670209,68.31856952,30.96689726,30.1011356,2.511075284,1.18262513,1.934937938,Shared/Other,Chrome,16-18,female,low
19,46.18120656,81.70808492,42.51481288,40.54053785,1.849001906,1.037975968,2.986485468,Android,Edge,16-18,male,mid
22,51.74744187,60.56442966,33.43437612,28.31100871,1.200973283,1.02819134,1.111862699,Shared/Other,In-App,19-22,male,mid
11,37.29048279,68.29016536,35.10750949,27.3499418,1.980679789,1.010798392,2.252528168,Desktop,In-App,16-18,female,mid
12,30.91208664,65.63553948,24.08078679,12.23225202,3.835367346,1.282667361,1.652171838,iOS,Safari,13-15,female,mid
12,75.33448467,78.51406669,27.6496425,47.4188775,1.794448965,1.933593144,2.299898848,Shared/Other,In-App,19-22,female,low
8,28.62124355,82.86406212,27.20226857,20.26362457,2.554971769,1.461806482,1.286085265,Android,Edge,13-15,female,mid
20,77.86636059,65.47443882,31.60748951,50.12224423,3.268700769,1.275928298,2.7624047,Desktop,Edge,19-22,female,mid
11,44.07814038,59.12966238,30.04294069,44.40944368,2.228682782,1.780084024,2.428062038,iOS,Chrome,16-18,male,high
12,94.96898152,77.99516465,27.74891793,40.46006387,3.272645179,1.809770404,2.716538722,Shared/Other,Chrome,19-22,male,mid
13,41.28593032,64.93072639,30.2391266,31.77164948,3.801962256,1.183579627,1.13191465,Desktop,Firefox,13-15,male,mid
15,44.6444292,78.92933461,32.47127711,24.69798458,1.310538841,1.107414325,0.752909529,Desktop,Firefox,16-18,male,mid
19,54.97819177,73.37717553,29.87326363,30.30350049,2.327181222,1.04606917,1.859694803,Desktop,Edge,16-18,male,high
15,42.26544156,91.15994063,34.13014396,43.29114487,3.476374977,1.056002309,1.70026957,Desktop,Safari,16-18,female,mid
7,24.35977167,70.66126537,38.61077549,33.12937653,1.768877126,1.190413496,2.174883727,Android,In-App,13-15,male,mid
10,24.05540713,66.91338496,39.44817213,19.46762722,3.290809201,1.992597719,2.147586703,Android,Safari,13-15,male,mid
14,37.24033809,75.75891039,33.11331597,26.27544848,2.023060517,1.961864874,1.868516015,Android,Chrome,13-15,female,high
9,37.10613509,65.97311406,31.6958879,39.15962009,2.290949284,1.274705033,2.719378812,Shared/Other,Edge,16-18,female,mid
20,65.3531671,69.13471007,29.07057282,45.16644446,3.968048542,1.039291945,2.137267808,Android,Chrome,19-22,male,high
17,31.87490775,83.13407118,36.11174534,25.91723288,1.709009771,1.097857003,1.940398325,Shared/Other,Chrome,13-15,male,mid
13,45.31650579,100,18.04608923,25.17761215,1.803322944,1.454950777,1.676962493,Desktop,Firefox,13-15,male,low
8,52.239191,78.78833633,33.47688618,26.28274135,2.361539691,1.540610994,2.624000437,Android,In-App,16-18,male,mid
19,52.92197295,68.44312474,21.45300338,34.70763789,1.895013231,1.263025836,0.909021052,iOS,Edge,16-18,male,mid
19,47.2599982,93.34202036,32.99199004,25.05073263,1.976254842,1.094738915,2.939677157,Android,In-App,13-15,female,mid
7,41.22277336,78.13640367,33.33017287,27.97252184,1.749705165,1.065600765,2.226538281,Desktop,In-App,13-15,female,mid
14,44.63981421,60.06490222,19.38026209,28.53644057,1.76244184,1.825134876,1.71313901,iOS,Firefox,16-18,male,mid
12,41.09622942,80.31482382,24.58607526,34.39327849,1.445449549,1.554300706,1.817870954,Shared/Other,Firefox,16-18,male,low
16,30.20546125,73.41348817,31.08789768,22.31311613,1.682601631,1.279601433,0.818520179,iOS,Safari,13-15,female,high
11,45.16852261,68.51810853,32.54562998,20.09968849,3.500722329,1.19510882,2.73152832,iOS,Firefox,13-15,female,low
21,49.23301803,52.33947906,28.24610897,31.37790464,3.741443568,1.368295468,1.433611478,Android,Chrome,16-18,male,mid
18,53.19589055,91.95479629,33.52037719,27.4767944,3.561597981,1.140165433,1.860457872,Android,Firefox,19-22,female,high
19,36.7774939,67.15123754,38.8634583,22.84980997,3.884252734,1.599277518,2.518694839,Shared/Other,In-App,13-15,female,low
15,46.01493082,76.71466133,17.1559956,33.40319869,3.91454907,1.276238942,2.480976938,iOS,Safari,16-18,female,mid
12,36.88913938,80.64985158,29.96235813,31.79649972,3.308926492,1.488309643,1.344297861,iOS,Edge,16-18,female,low
17,75.88668341,65.42368153,34.73383284,52.71579078,3.537895768,1.427505704,1.180601356,Android,Firefox,19-22,male,mid
13,58.38692513,78.83649145,31.89490345,39.90910833,1.877245252,1.874897235,2.429457348,Shared/Other,Safari,19-22,male,low
11,54.54191166,92.34433092,25.12379537,42.29049738,2.394564342,1.630588697,1.623997265,Android,Firefox,19-22,male,high
14,58.51124098,75.025023,39.04533374,38.56699143,3.682298608,1.919870934,0.637891477,iOS,Edge,16-18,female,mid
20,38.57585374,98.05163859,28.94896149,21.80707087,3.202816092,1.371106091,2.300254136,Android,Chrome,13-15,female,mid
10,72.22444908,79.98604818,33.76867819,34.84586135,3.684285961,1.117557249,2.975556337,Android,Firefox,19-22,male,mid
21,39.03706897,72.15087652,33.20084818,22.14718154,3.010761928,1.187903589,2.061988497,iOS,Chrome,13-15,male,mid
17,33.28679751,76.12422455,28.12990791,29.18577243,1.151790561,1.926279962,2.904078142,Android,In-App,13-15,male,mid
15,26.69745317,84.05066548,29.32809466,32.39033863,3.252007043,1.488604926,2.008055339,iOS,Firefox,13-15,male,mid
22,76.34087921,67.97342255,20.47334774,41.3674961,1.78807993,1.164717747,2.222858392,Desktop,Edge,19-22,female,high
8,63.06539584,83.27707998,34.84615294,32.03146383,3.008156271,1.476991915,2.105695409,Desktop,In-App,16-18,female,mid
19,32.62501937,78.41215842,37.50137305,30.87511791,3.648509472,1.527812108,1.794074571,iOS,Safari,13-15,female,mid
17,92.85204795,74.94580561,38.57633021,46.03478042,1.816856982,1.1693965,2.052047009,Shared/Other,Chrome,19-22,male,high
8,52.08598599,66.65571266,38.68471472,36.77803,3.068602627,1.343979636,1.193146041,Android,In-App,16-18,male,mid
12,83.58367154,68.19130624,20.609105,43.20216578,1.838408324,1.581865267,0.638374473,Desktop,Firefox,19-22,male,mid
8,48.74707484,73.37296298,25.64403485,25.7830663,3.801036718,1.54238656,1.818641159,Shared/Other,Firefox,16-18,female,low
17,40.6498478,80.67539994,38.06790732,26.13995582,1.487546934,1.674197623,0.833672198,Desktop,Firefox,13-15,male,high
8,41.31153922,73.45249921,24.70037547,37.44641789,3.446063872,1.88931876,1.798494213,iOS,In-App,16-18,male,mid
15,47.05216957,81.85085372,30.60596352,30.25280065,3.600074045,1.982578923,1.819585094,iOS,Firefox,16-18,female,high
11,26.96920218,85.89904959,27.14408013,29.17374861,3.691895487,1.518218316,1.638754238,Shared/Other,Edge,13-15,female,mid
15,39.33063051,95.27581973,30.01687987,38.54062564,2.175903221,1.26360544,2.886600402,iOS,Firefox,19-22,female,low
16,70.16200675,67.82607836,28.27706732,48.46040859,1.320973784,1.719459968,2.63642166,Shared/Other,Firefox,19-22,male,low
14,33.73169846,86.30415508,21.03129146,20.40990469,2.873118094,1.653289541,0.67592027,Desktop,Safari,13-15,male,low
10,61.35947846,72.3989755,23.49578513,28.92201634,2.177146303,1.405215123,0.813810453,Desktop,Edge,16-18,female,mid
15,34.15369518,57.7081711,39.76458691,31.19278998,1.201721902,1.464689468,2.551839602,Shared/Other,Firefox,13-15,female,mid
16,68.8491183,68.26209894,34.78768582,31.60162129,2.486961763,1.421118904,1.526306961,Android,Chrome,19-22,female,low
18,65.48670122,69.47738748,24.51428175,37.36895229,2.073523476,1.008451496,2.598019883,Desktop,Chrome,19-22,male,mid
13,49.60413767,71.0053451,30.64593737,27.91068334,1.162142882,1.45723042,1.874055753,Shared/Other,Firefox,16-18,female,mid
20,22.15826387,75.12223548,24.01667204,20.36474954,3.404927769,1.44153401,1.72653394,Shared/Other,In-App,13-15,male,high
12,44.55136499,83.29323773,26.84174238,31.06068566,1.132436686,1.992092187,0.825879199,Android,Edge,19-22,male,mid
8,43.68597444,88.66974646,32.77046054,30.36768458,2.340309503,1.472825625,2.108940557,iOS,Chrome,16-18,male,high
10,38.55784904,68.95093236,32.48894155,22.07214061,3.465404378,1.769250559,1.991807475,Shared/Other,Chrome,16-18,male,high
13,31.9094202,94.58498402,34.19038484,13.97352814,1.628603872,1.145105573,2.760952837,Android,Edge,13-15,female,mid
12,57.79537169,82.96832945,26.12737695,41.3965369,2.759378537,1.261245132,2.954763306,Shared/Other,In-App,19-22,male,high
11,40.1526166,62.90801289,30.28370842,25.76945556,3.765180008,1.757469051,2.329263182,Desktop,In-App,13-15,female,low
21,46.59056087,70.01688896,34.1742738,23.42459036,2.979290921,1.136982222,2.217166234,Android,Edge,13-15,male,mid
14,36.21540894,84.58816306,35.63843147,35.11240926,1.287262596,1.922572405,1.921180505,Shared/Other,Edge,16-18,female,mid
12,89.88534419,50.3147532,32.77375377,32.13695947,1.901466276,1.803263401,1.180006434,Shared/Other,In-App,19-22,female,low
9,25.76440273,86.95976462,28.27839399,36.29133247,1.682897607,1.524436346,2.51524187,Shared/Other,Edge,13-15,male,low
9,48.85440573,83.09067259,27.00451291,30.58866072,2.600435428,1.052756615,1.642347125,iOS,Safari,16-18,male,low
10,57.53692986,73.5634047,29.17459717,48.31888194,3.880799075,1.69316936,2.503428839,Android,Firefox,19-22,female,low
11,70.90529902,55.08112735,23.58333835,35.75562527,3.814161561,1.153134801,0.524617063,Desktop,Chrome,16-18,male,low
11,69.75238615,84.07999156,32.53210387,33.19650175,1.749876944,1.60952851,1.962986963,Desktop,Safari,19-22,male,low
11,47.41061203,78.95735462,30.70577707,28.68498419,3.189035241,1.052045839,2.710612935,iOS,In-App,16-18,male,mid
11,59.06544157,89.99723206,27.25789357,30.50576434,1.340386575,1.247564508,2.518364053,Shared/Other,Chrome,16-18,female,mid
8,34.80481146,89.78139714,35.06618944,17.88885175,1.376325353,1.786483034,0.545150549,iOS,Edge,13-15,female,high
8,35.93464139,67.506126,28.45343793,18.572045,1.786914794,1.838887899,0.580808163,iOS,Chrome,13-15,male,mid
18,45.95020065,79.39486048,29.50845076,32.248064,2.616942623,1.287879503,0.800677408,iOS,In-App,16-18,male,mid
16,47.66903079,82.65498309,24.25661684,33.8368843,1.590276333,1.89565292,0.76399599,Desktop,Edge,16-18,female,mid
10,57.3468512,72.83895629,24.91737819,42.69699296,2.442824824,1.376311817,1.407972809,Desktop,Firefox,16-18,male,high
9,26.00779052,84.56622812,23.01894093,27.81589349,1.864456407,1.23600793,2.326286635,Android,Chrome,13-15,female,high
21,56.95026917,70.60300049,27.02288399,28.3888761,3.808376715,1.520160223,1.412045241,Shared/Other,Chrome,19-22,male,low
20,62.45708664,81.17063045,21.59059822,24.94998675,1.197676495,1.191289157,1.518513179,iOS,In-App,16-18,male,low
11,41.50279079,77.88159684,32.47670743,26.61911252,2.100994442,1.106125419,2.221612631,Desktop,Edge,16-18,male,mid
10,59.0152844,77.94985768,24.00754131,33.30079356,3.926351572,1.761458833,1.558466873,Shared/Other,In-App,19-22,female,high
21,33.93364825,80.39401988,36.11399318,27.39129409,1.457974494,1.710173267,2.193354615,Shared/Other,Safari,16-18,male,mid
22,54.38579291,87.91482231,27.5745103,20.40981361,3.409018091,1.716148779,1.010596551,Shared/Other,Chrome,16-18,female,mid
14,60.43413101,62.7677977,37.12313866,31.8320264,2.834484558,1.696031407,1.356188048,iOS,Firefox,19-22,male,low
21,35.54680355,78.11182741,24.86752862,33.50214648,1.537888706,1.225763075,0.562849314,Desktop,Safari,13-15,female,mid
14,73.33558266,80.78928649,32.30021162,43.01035855,2.853083759,1.64442317,0.570843626,Android,In-App,19-22,female,low
12,58.65292997,82.44357788,33.27398399,35.08121308,2.849382635,1.985922659,2.099890963,iOS,Safari,19-22,female,low
18,58.63080934,67.84779048,29.51685232,29.46693674,3.475925207,1.125940641,2.757743768,Shared/Other,In-App,19-22,male,high
20,73.3536349,85.58619053,21.92686521,39.40731977,2.727355633,1.163624,0.812299527,Shared/Other,Safari,19-22,female,mid
21,64.57827705,80.20380415,29.64149602,34.89175181,3.502415982,1.489704032,2.406427782,Shared/Other,Firefox,19-22,female,mid
15,37.99588462,89.57921024,34.51053759,22.95529055,2.95240807,1.967862351,2.657427568,Desktop,Firefox,13-15,male,mid
20,39.11238513,64.63268702,25.19850862,32.75315297,2.500694437,1.160603146,1.351713559,Android,In-App,13-15,male,mid
19,68.89322622,84.69040552,21.49911994,34.82928189,1.270587101,1.606015002,0.724079433,Desktop,Firefox,16-18,female,low
17,50.28584771,69.96702144,35.81243642,61.96646055,1.951002909,1.849987593,2.615718341,iOS,In-App,19-22,female,mid
7,15.97254672,82.34067912,33.8267692,25.96325766,3.865728305,1.887724398,1.295468699,Desktop,Chrome,13-15,male,low
9,31.85294162,74.79130737,21.28130149,21.18791025,2.259816056,1.191836115,1.334537279,Desktop,Firefox,13-15,male,mid
17,50.62708374,80.52905229,25.31703997,25.42951629,2.695216849,1.858672055,0.793689747,Shared/Other,Safari,16-18,female,low
15,56.51711077,66.98906824,33.16732895,29.40074366,3.530119962,1.203776034,2.357247035,Android,Chrome,16-18,female,low
22,46.97485612,67.80010467,25.37968596,25.58083686,2.330799104,1.171102478,2.683135892,Android,Safari,16-18,female,mid
19,47.72306784,84.36056168,33.88468351,12.7696952,1.274448874,1.513875835,1.078957478,Shared/Other,Edge,16-18,male,mid
18,49.996237,76.57031357,35.35424374,42.10815078,2.826168827,1.926988475,2.162800445,Desktop,Firefox,19-22,male,low
16,63.49670995,63.81939572,35.8176293,50.04241667,1.756607206,1.9559188,2.808248771,Shared/Other,In-App,19-22,male,low
16,28.9963138,74.53938596,28.0322684,26.5437564,3.344068655,1.680046056,2.087892472,Desktop,In-App,13-15,female,mid
21,46.91038919,74.24490027,35.0046634,27.6736188,3.634345591,1.585852122,2.185480292,iOS,Firefox,16-18,female,mid
20,54.37901401,77.54315627,26.49124779,32.68276255,2.239583436,1.40561939,2.198879591,Desktop,Safari,16-18,female,mid
18,58.11705572,70.4672083,28.88375826,32.32342913,2.463468512,1.314581547,1.005207913,Shared/Other,Chrome,16-18,female,mid
12,40.45381898,65.36934887,26.50894478,33.62753265,1.47591156,1.312682665,0.764789224,Desktop,Chrome,16-18,male,low
12,67.16887865,83.19739717,29.02263678,54.18208489,3.220939093,1.542841374,1.824111318,Android,Chrome,19-22,female,low
17,57.18652628,74.66036774,35.24607427,32.98232541,2.891908572,1.079519713,1.720095561,iOS,Edge,16-18,male,mid
21,58.81524571,75.10636268,23.31998554,31.09722436,3.545253179,1.020401611,2.011222456,Android,Chrome,16-18,male,mid
10,51.81300494,78.99071689,30.1774464,46.87426755,3.430053334,1.55570486,2.867600695,Desktop,Firefox,19-22,female,low
16,40.51047172,55.54485504,29.81943337,23.65167988,3.781619394,1.588586097,1.51934804,Android,Firefox,16-18,male,high
13,63.2165473,60.76041888,30.89264585,30.2673909,1.467254869,1.880421903,1.584309257,iOS,Firefox,19-22,male,high
21,49.12991888,74.07450148,30.14994798,27.50993829,1.190826989,1.221078874,1.781099422,Desktop,Safari,13-15,female,mid
9,26.28803611,70.15045573,32.30759023,26.45479815,2.818649927,1.336921913,1.963714846,Shared/Other,In-App,13-15,male,low
15,44.02508984,100,25.03203498,28.81471379,3.78370189,1.828378146,1.307446833,Android,Chrome,16-18,male,mid
14,28.89320651,76.001928,41.34030666,25.02842849,3.151657693,1.832931648,2.356803743,Desktop,Chrome,13-15,female,mid
8,39.2837831,69.73444867,23.38826283,29.7423334,3.597181711,1.72442234,1.509527513,Shared/Other,Safari,13-15,female,low
14,32.59339235,73.39813038,20.95387372,16.86344136,2.343986364,1.120779522,1.565288197,Desktop,Edge,13-15,female,low
11,45.90586051,62.5551355,32.24913607,28.0715917,1.754290457,1.173572144,2.894588261,iOS,Firefox,13-15,male,low
11,31.80574286,68.84312075,33.81712777,24.96623797,1.746786963,1.590380965,0.675295114,Android,In-App,13-15,male,mid
12,34.73297411,80.9253372,29.41380205,31.05189028,1.379110426,1.973692135,1.076596601,Shared/Other,Edge,13-15,female,mid
22,47.6959209,70.04507855,13.26224702,21.54133768,3.196713742,1.087772914,2.170451655,Android,Chrome,16-18,male,high
17,13.03378094,90.89005759,29.29537038,30.52674002,1.774793074,1.480786168,2.980039923,iOS,Edge,16-18,male,mid
14,47.49763834,70.71019283,34.82384947,27.7754685,2.963863581,1.709314295,1.965455885,Shared/Other,Firefox,16-18,male,mid
19,33.06151733,87.18662659,30.6102944,19.71665704,2.750266046,1.061556678,2.138539242,iOS,Safari,13-15,male,mid
10,74.24026985,61.56031018,25.06344662,41.54344233,2.679474367,1.00836566,0.706667595,Shared/Other,Safari,19-22,female,low
7,30.89831071,70.2029326,29.84873669,25.89179826,3.069463214,1.481837254,0.810863294,Desktop,In-App,13-15,female,mid
14,45.79343239,80.80093735,32.54025499,25.1221592,3.170828313,1.832683224,1.002071875,Shared/Other,In-App,13-15,female,mid
14,47.33676568,72.23110644,26.64139605,28.71987149,2.120698858,1.214300072,1.962804152,iOS,Chrome,16-18,female,mid
18,43.9061785,55.67502275,23.17010147,29.69579457,1.554141729,1.395480028,0.936625164,Shared/Other,Edge,13-15,female,mid
13,28.98995525,65.8541142,27.65994857,25.69471405,2.015579904,1.020511603,1.408895388,Shared/Other,Firefox,13-15,male,low
16,62.24418124,79.37823766,31.62772908,28.74521455,1.646919288,1.083804159,1.707236091,Android,In-App,19-22,male,mid
14,58.31865473,75.32356553,40.88046605,40.32638837,3.164467519,1.005928215,1.981101888,Android,Edge,19-22,female,mid
8,33.67416293,68.0271632,31.21478176,23.89298337,3.68060375,1.389266397,1.283423516,Desktop,Edge,13-15,female,mid
13,57.66388477,57.88564273,32.19299223,27.1027354,2.195697885,1.170130327,2.404718197,iOS,In-App,16-18,female,high
15,57.39286133,76.42990635,21.36994691,28.61582595,2.351609617,1.0116449,1.892030358,Android,Chrome,19-22,female,low
21,34.46716747,67.56577515,27.37058871,34.66164186,3.081536159,1.645398674,2.218431164,Shared/Other,Edge,16-18,female,mid
18,52.74752028,65.65845793,37.40443145,20.60058897,3.82782913,1.817984771,1.969236174,Android,In-App,13-15,female,mid
11,36.10462727,69.62794899,36.19505567,15.56935648,2.688437833,1.04732453,0.603069535,Shared/Other,In-App,13-15,male,mid
16,26.10819304,100,29.68127357,35.50101221,1.859981744,1.366957832,0.709744902,Android,Chrome,16-18,female,high
9,24.93584071,75.86622692,24.99793609,29.39569162,1.303795543,1.872574019,1.769091807,Shared/Other,In-App,13-15,male,low
16,31.96510154,69.32082521,31.58823185,25.23935943,3.538357557,1.735717987,1.029291946,Shared/Other,In-App,13-15,male,low
23,63.99317764,76.70047405,29.88303131,36.16315745,3.782684046,1.307724189,0.778984812,iOS,Chrome,19-22,male,low
22,56.68340059,79.10990203,32.6364327,18.20329406,2.178205343,1.504380704,1.660829362,iOS,In-App,16-18,female,high
20,66.29629316,52.06058415,31.51313816,22.61677995,3.222339601,1.784187179,2.408212976,Desktop,Chrome,19-22,female,mid
16,44.3419354,82.51987476,37.02572196,21.12477518,3.562049001,1.802459815,0.603435956,Shared/Other,Edge,13-15,male,mid
18,43.68177811,90.55115538,30.56312717,25.19277584,2.568081322,1.158092337,0.811840283,Desktop,Safari,13-15,female,mid
11,44.1251963,100,38.69848704,39.48617692,2.383100704,1.325890143,1.689137577,iOS,Edge,19-22,male,mid
10,64.01726745,78.16242858,32.83522663,49.91191113,2.754978201,1.689261635,2.847773052,Android,Chrome,19-22,female,high
18,55.30570025,62.29637954,35.77346883,19.39216756,2.443821855,1.617354251,1.512277036,iOS,Safari,16-18,female,mid
18,43.75706989,68.98498213,32.71941507,29.13024746,2.902988072,1.818315212,2.102135341,Shared/Other,Firefox,19-22,female,mid
13,53.39812992,87.61967116,33.23334373,19.13846552,2.105687407,1.960011881,2.551153225,Android,Firefox,16-18,male,low
18,40.50564245,80.92866183,36.58548637,22.78196585,2.804078822,1.546049932,1.975782931,Shared/Other,In-App,13-15,male,low
8,37.69022311,77.28976139,29.90567552,21.31485319,1.680657744,1.310830101,2.960601792,Shared/Other,Edge,13-15,male,mid
21,40.75334933,75.34826587,35.35060964,34.09885894,2.21309329,1.161967184,2.252044907,iOS,Firefox,13-15,female,high
13,62.53550166,83.73989751,30.39219623,41.94431434,3.539662967,1.127499727,0.732575937,Desktop,Edge,16-18,female,low
13,48.38764745,58.67777259,28.27239313,34.95279646,1.361021321,1.098537267,2.393656308,Desktop,Firefox,16-18,female,low
14,64.89240409,72.6064169,29.78905542,30.52570955,3.523134948,1.513497961,0.847900027,iOS,Safari,19-22,male,mid
19,62.61856537,61.74501032,33.51940464,30.9131669,1.912465763,1.770814522,1.318052958,Shared/Other,Firefox,16-18,male,low
19,60.73495674,86.49715329,32.46584917,54.80906864,1.134254302,1.296440725,1.200335297,Shared/Other,Safari,19-22,male,low
11,26.05657914,61.65015092,34.34728815,32.695986,3.990017826,1.893266636,1.783451616,Android,Chrome,13-15,female,mid
13,56.65140325,99.69407414,24.51613528,63.29597805,2.334416485,1.668488621,2.07480126,iOS,Firefox,19-22,female,high
17,79.52841504,74.61276367,37.94938445,39.82726762,3.642005388,1.397242131,1.171751839,Android,Firefox,19-22,male,low
15,64.9512441,88.11162297,34.32034991,29.74428755,1.628982766,1.884674985,2.040560629,iOS,Firefox,16-18,female,high
14,30.06337433,63.34675168,22.44536135,19.44905601,3.719174447,1.530115565,0.844407323,Android,In-App,13-15,female,high
17,52.52231199,87.0511774,30.72824561,53.00365835,3.285228119,1.058297204,2.996053085,Shared/Other,Chrome,19-22,female,low
14,35.06171884,80.31665596,32.28299924,32.34139648,1.487956655,1.854345983,2.216919489,Desktop,Firefox,16-18,male,mid
17,44.0069106,89.07299707,32.03905007,35.0901705,1.575320375,1.050064527,2.684084557,Shared/Other,Safari,16-18,male,mid
14,57.97467693,72.2408453,21.47224205,40.47281457,2.647432046,1.949112457,2.996543298,Desktop,Chrome,16-18,female,mid
17,64.76097924,50.97507466,33.05538358,37.52119881,1.541067905,1.841515724,0.527571121,Desktop,Safari,19-22,male,mid
18,36.02784426,79.61272084,25.37821333,22.03678153,3.261813053,1.110394234,1.66950603,Android,In-App,13-15,male,low
14,58.07261056,59.80990275,37.06774702,30.23251594,3.952580175,1.030339247,2.99649542,Android,Edge,16-18,female,low
16,47.86993838,64.77863756,24.71645276,34.34424028,1.889044231,1.725568248,1.074565104,iOS,Safari,16-18,male,low
19,65.42932546,77.72267099,31.02804656,38.28480889,1.849050898,1.437963964,1.387487603,Android,Edge,19-22,female,low
11,43.66675718,88.6552298,29.71693956,43.85424776,3.863912956,1.925788549,2.773162609,Android,In-App,16-18,male,high
13,47.74506577,92.30601358,35.58231088,32.06858184,2.189068516,1.077839153,1.43408663,iOS,Firefox,16-18,female,mid
7,37.00502586,97.7049456,30.26915776,29.04285503,1.888191522,1.710424716,0.923329644,Shared/Other,Firefox,13-15,female,mid
15,49.34585542,92.25693793,30.60922232,24.47157962,2.670533239,1.929020886,1.444920889,iOS,Safari,16-18,male,mid
19,42.27182429,73.65874621,23.17675663,22.24817236,3.160968749,1.529435741,1.48872269,iOS,In-App,13-15,male,mid
19,49.26892698,88.33242989,25.85902262,24.46460357,3.891831203,1.155675213,1.068449885,Desktop,Chrome,16-18,female,high
10,50.87973547,68.20800522,25.30996288,26.91807754,3.359630968,1.159390266,0.610230541,Android,Safari,16-18,female,mid
20,63.90333184,61.58965208,34.24997207,39.21121087,2.521431648,1.786292893,2.704306309,Shared/Other,Chrome,16-18,male,high
17,61.54136237,74.62833679,36.12624502,19.3206745,1.934126326,1.871797771,0.889701744,Android,Edge,16-18,male,mid
13,42.75095968,72.40776118,24.30397414,23.73117881,1.205508378,1.51073933,1.637538596,Shared/Other,In-App,16-18,female,mid
21,35.10468647,75.43476301,34.45087771,25.46507766,3.363822762,1.227843188,1.725554937,Android,In-App,16-18,female,low
22,65.40729173,78.70908791,28.83355719,39.67170573,1.313114374,1.98268824,2.650619527,iOS,Safari,19-22,male,low
22,62.90763056,86.28706721,19.82552258,33.22886054,3.408898903,1.427132531,1.083854505,Shared/Other,In-App,19-22,male,low
19,71.08485905,74.55994455,28.29743978,37.48392462,1.064880977,1.483593048,1.752618444,iOS,Safari,19-22,female,high
13,36.30237294,78.44966706,20.17424126,32.47515155,2.533894073,1.95440151,1.696459331,Desktop,In-App,13-15,female,mid
13,57.0494708,85.72929615,25.73300263,24.73677229,1.142553272,1.219295283,2.265581246,Android,Firefox,19-22,female,mid
15,46.64218258,75.42312061,24.25942288,22.15159071,2.761537384,1.476489397,1.314268338,Android,Chrome,16-18,male,mid
20,34.64445623,69.42805557,28.39368165,27.72925249,2.979462528,1.319074972,2.417948321,iOS,Firefox,13-15,male,high
16,49.25681414,81.993004,25.37883992,35.56388773,3.400163224,1.346107241,0.931522782,iOS,Edge,19-22,male,mid
13,53.34327055,63.89173983,28.76957807,27.97013052,2.436981801,1.017430546,2.334738427,Desktop,Edge,16-18,female,mid
15,65.2098524,70.0012757,32.7151614,30.71109751,1.558495107,1.125661146,0.845946406,Desktop,Edge,16-18,male,mid
16,50.78873023,85.31653775,22.95540449,42.43515792,1.02803486,1.032976944,2.629719956,Android,In-App,16-18,male,high
10,33.43646501,86.56709853,26.72128523,27.73165853,2.725624879,1.985269988,1.118765321,iOS,Chrome,13-15,female,mid
17,45.07988188,80.77193317,23.85491032,29.25949719,3.282674419,1.986027928,0.951059555,iOS,Chrome,13-15,female,mid
15,48.27958641,65.97275545,28.97059099,40.06718441,3.717967452,1.041250323,1.579127135,Android,Edge,16-18,male,low
8,35.70508217,74.85521141,27.19082182,24.29427493,3.136088071,1.868951395,2.835091227,Android,Firefox,13-15,female,mid
13,69.62853009,57.37477019,26.80298076,31.90109901,1.76946257,1.593750752,0.539339951,Android,Edge,19-22,male,mid
14,56.78286871,65.43941448,41.58818394,27.40353542,2.093229598,1.353004751,2.090931764,iOS,In-App,16-18,male,low
19,48.78480322,58.38397665,23.75163592,40.21076936,1.03637425,1.249174497,2.297020587,Android,Safari,16-18,male,low
12,58.00397565,70.69160741,36.780633,51.91793717,3.470042431,1.68060387,2.474936899,Android,Chrome,19-22,male,low
20,48.7114064,74.42163388,35.63894014,26.00130936,1.235581558,1.560539352,1.330184727,iOS,In-App,13-15,male,mid
18,72.28195847,61.29298417,35.97414497,49.62316579,1.103511629,1.288125129,2.421119751,iOS,Safari,19-22,female,mid
21,64.67975622,89.20379848,25.88832264,22.78995689,2.664420275,1.422876468,1.914378911,Desktop,In-App,19-22,male,mid
13,28.39308403,68.6675584,26.99352858,22.14429256,3.971595715,1.801747417,2.370692051,Shared/Other,In-App,13-15,male,mid
14,52.80848404,72.96217479,32.79975714,36.32644191,3.890452836,1.910271771,2.076302856,iOS,Edge,19-22,female,mid
17,48.17857504,58.19104917,27.50080201,41.38951988,3.609717802,1.604940813,2.035226845,iOS,Firefox,16-18,male,low
20,29.79474703,67.77644944,31.0378166,23.36676218,3.471941167,1.677101276,0.997293399,Shared/Other,Edge,13-15,female,mid
20,55.22854174,64.7063731,37.87568661,19.56702719,1.753923061,1.166200537,1.373685299,iOS,Safari,13-15,male,low
15,83.32175196,88.40084233,26.12055777,59.02558205,2.799157033,1.177572003,1.259332723,iOS,Firefox,19-22,male,mid
9,56.54023861,87.85582234,29.71469354,33.33857278,3.851835324,1.634252653,1.384764168,Shared/Other,Edge,16-18,female,high
22,48.87535424,55.6457004,27.25420529,19.3940668,2.413331065,1.81873799,0.811535519,Android,Chrome,16-18,female,high
14,47.14565956,76.83317546,31.51255855,28.74813898,3.800126497,1.317073219,2.848337539,Desktop,Edge,19-22,male,mid
8,32.90570588,71.62122225,30.01115811,37.68115655,1.020872762,1.24012662,0.752017993,iOS,Safari,13-15,female,mid
12,37.40599214,75.35614341,21.18472712,28.83795038,3.92670839,1.616270489,2.840370261,iOS,Edge,13-15,female,low
7,35.46524624,71.15674773,27.49074205,30.54681707,2.674402474,1.764093,2.048378265,Shared/Other,In-App,13-15,female,mid
11,33.60281643,85.74174205,14.71993919,31.80084065,1.410756472,1.341017093,0.969320189,iOS,Safari,13-15,female,mid
20,68.23244714,79.11565719,25.29298415,30.60518772,3.043627773,1.752154892,1.758942241,Desktop,Firefox,19-22,female,mid
16,54.92672415,72.29628601,23.05109928,36.31191751,1.170521712,1.978494465,1.971083891,Android,Edge,19-22,male,low
9,65.04942189,61.6394197,35.35283154,35.4731589,2.044090458,1.486807077,2.946445987,Shared/Other,Chrome,16-18,male,mid
14,52.41081919,76.83473119,30.22401228,17.89924728,2.013267961,1.7030317,1.056509091,Shared/Other,Chrome,16-18,male,low
22,32.5764739,65.86574874,29.91126654,33.17760212,1.515081979,1.102534538,2.031482021,Shared/Other,In-App,16-18,male,mid
22,68.89709887,77.02250396,28.93725043,45.80567687,1.046687639,1.645964262,1.587003834,iOS,Chrome,19-22,male,low
21,61.13332336,91.52913051,40.38888793,32.98077128,1.095570288,1.469302996,2.811557045,Shared/Other,In-App,16-18,male,low
11,61.52038698,61.81222334,29.59635559,30.43435944,2.432464151,1.494597771,1.724829383,Shared/Other,In-App,16-18,female,mid
19,33.95275449,69.82513452,41.70148249,19.59085966,2.174999629,1.915476881,0.814031759,Shared/Other,Chrome,13-15,male,mid
10,24.18242397,94.25626127,24.48374647,24.17235389,3.18278003,1.679316665,1.676251798,Shared/Other,Chrome,16-18,male,high
9,47.97661093,75.17419334,27.91889012,28.7172833,3.039935646,1.085751051,1.652301932,Shared/Other,In-App,16-18,male,mid
17,73.52835197,64.19592671,24.11291747,55.71578739,1.4788898,1.205182833,2.471379605,Desktop,In-App,19-22,male,mid
20,51.83012928,62.28217398,30.04386256,23.05931071,3.116141679,1.291577717,1.20736892,Android,In-App,16-18,male,high
19,42.58009527,56.86880145,23.65352627,28.37347489,2.148382924,1.589133403,2.11917339,Desktop,Edge,13-15,female,low
19,44.71083621,75.47474504,21.10128513,35.44317243,2.009231642,1.726182135,1.774831239,Android,Edge,16-18,male,mid
17,62.59573998,73.9653721,27.55214676,44.86822313,3.805653431,1.011765094,1.96971423,iOS,Firefox,19-22,female,low
17,49.70771145,51.03917712,26.60509827,25.62355076,1.930441663,1.451336725,1.460485462,iOS,Firefox,13-15,male,low
19,92.87920381,87.72591008,32.19701922,36.28943285,2.754975246,1.997021805,1.63966625,iOS,Edge,19-22,female,low
22,45.47364735,73.17603013,40.1243447,31.20635204,3.934808458,1.874103796,1.397676948,iOS,Firefox,16-18,female,high
11,75.54816985,64.65381341,39.09969284,30.53509204,1.892640284,1.91270101,0.982006987,Android,Firefox,19-22,female,low
12,46.32618225,70.05798451,22.59005729,39.66081151,1.698190726,1.49134909,2.681163808,iOS,Edge,16-18,male,mid
9,54.67252215,67.75750791,22.08646368,26.18992698,3.218510365,1.968513557,1.638677927,Shared/Other,Chrome,16-18,female,low
11,32.31868967,68.53305873,25.51377943,50.94967399,3.295459483,1.470347259,1.293385209,Android,Safari,16-18,female,mid
12,57.68107642,86.61207672,27.81716974,41.37067233,2.098759018,1.601548506,2.015792368,Shared/Other,Chrome,19-22,female,low
9,67.51859974,88.61607236,30.28335147,38.437503,3.330580981,1.788581765,2.27005946,Shared/Other,Chrome,16-18,male,low
19,45.67796486,95.97695189,32.98651683,24.32463827,2.636088556,1.051206349,2.363757713,Android,Chrome,16-18,female,low
15,44.59623661,91.76922993,24.18330163,24.38961255,2.186215032,1.817795681,1.919602401,Desktop,Safari,16-18,male,mid
19,27.65240942,69.93365166,31.19936376,21.93198618,2.254792243,1.559301872,0.96852822,iOS,Firefox,13-15,female,high
18,45.25968464,71.288209,35.20867454,36.40446436,1.889862586,1.889446758,2.99841233,iOS,Firefox,16-18,female,mid
13,50.63154181,88.04066463,24.76425086,20.11110645,3.278685502,1.852983969,2.932141512,Shared/Other,Firefox,19-22,female,mid
13,22.49646584,58.64321031,28.65432224,28.62551821,2.110960526,1.020236233,1.809982919,Android,In-App,13-15,female,mid
22,45.90659425,74.10633336,26.87074734,22.60721902,2.869442102,1.840553357,2.206612206,iOS,Firefox,16-18,female,high
16,55.8822045,83.36484138,24.66138711,29.98859971,3.308456162,1.244789519,0.623618592,Desktop,Safari,16-18,male,high
12,70.24990419,63.76121595,31.8902313,52.96255709,2.585889513,1.590116422,1.245104246,Desktop,Chrome,19-22,female,high
11,39.95283261,64.95920367,34.72192611,26.77770757,1.364762049,1.556057335,1.317444058,Android,Chrome,13-15,female,low
15,58.8239709,77.15648151,30.96557317,37.1923554,2.336376065,1.714071176,2.668893219,iOS,In-App,16-18,female,mid
12,59.70502495,68.58835071,28.67467502,25.45999299,2.687962359,1.479040726,0.761386145,Desktop,Edge,16-18,male,high
15,44.36155795,66.74708039,27.53540863,32.54512599,2.306168188,1.401898708,1.939298263,Desktop,Firefox,13-15,male,mid
11,59.85363919,73.39925513,28.78294849,48.07725728,1.139739826,1.705113147,2.625746841,Desktop,In-App,19-22,male,mid
17,59.27593138,67.60312436,25.54603167,48.10861716,2.347779676,1.652813367,2.640365376,iOS,Edge,19-22,female,mid
11,25.07571337,75.74004012,30.48368216,24.58204065,1.418580342,1.776768271,2.064616665,Desktop,Safari,13-15,female,mid
8,52.5475964,75.94549852,26.71541677,29.77851986,1.631895167,1.948845838,1.338852355,iOS,Safari,13-15,female,high
22,60.68203256,69.10552681,32.06242231,21.28697458,2.044823846,1.389549164,1.778239366,Shared/Other,Edge,16-18,male,high
17,48.62634976,71.19226285,30.29195472,30.71734161,2.190735772,1.303369946,2.285870689,iOS,Edge,19-22,male,low
11,44.10746269,74.3269433,32.75826134,21.22618797,3.265281902,1.750811381,1.163860462,Android,Safari,16-18,female,mid
14,67.80638121,62.89917819,31.89587631,51.64990883,2.62282708,1.274648193,2.326592303,iOS,Safari,19-22,female,mid
16,57.67156314,69.21787902,31.4757049,56.75540213,3.726662321,1.215022569,1.011484036,Shared/Other,Firefox,19-22,female,mid
15,72.22632775,81.13460166,29.83748053,40.90167383,1.742054115,1.731645904,1.598620558,iOS,Safari,19-22,female,mid
17,58.14466733,71.68074807,27.75959188,23.50742871,3.433318121,1.878517209,0.678628452,Shared/Other,Edge,16-18,female,low
23,62.89540097,92.69790733,36.2423402,39.04717495,2.614238629,1.662185886,0.790451938,Desktop,Firefox,19-22,male,low
18,56.39920707,82.78627365,24.38872511,27.43697567,1.693266766,1.509003445,2.719545287,Desktop,Safari,19-22,female,low
11,35.31708852,64.44806527,31.54519964,26.80400484,3.395622746,1.856568196,1.705233797,Shared/Other,Firefox,13-15,female,mid
14,31.06305016,77.28563607,26.92609463,25.60130217,1.055371677,1.831888064,0.936749076,Android,Chrome,13-15,male,mid
7,27.37428811,64.13608122,32.50819841,29.97610342,3.251571942,1.339087613,2.274738583,Shared/Other,In-App,13-15,male,mid
8,55.35458747,90.62855726,29.87717896,38.46307139,1.006552284,1.888746405,1.175005112,Desktop,In-App,16-18,male,mid
12,65.0367214,64.29307458,22.98566104,45.84622952,3.007993536,1.632593268,1.080664314,Desktop,In-App,19-22,male,mid
10,82.62211131,70.05035449,24.92002284,31.27515091,2.225462167,1.348702811,2.409117581,Android,Safari,19-22,male,mid
22,67.10754943,66.18039236,22.78642607,37.22080595,3.329174106,1.595926812,2.110914251,iOS,Chrome,16-18,female,mid
19,42.52373606,84.63611811,34.82299459,25.93316328,2.999410588,1.134720445,1.519978709,Shared/Other,Safari,13-15,female,high
15,52.30042919,59.46352957,30.69520739,34.73836697,1.364868672,1.363392479,1.138570703,iOS,Chrome,19-22,female,mid
8,61.65352383,76.08195509,37.12826,29.43056591,2.650116223,1.097164682,0.83082639,Desktop,Safari,16-18,female,high
18,61.58716059,68.32794616,34.46392189,29.84663358,2.670395153,1.70872858,0.836077707,Desktop,Firefox,16-18,female,high
19,50.16374242,70.00042229,32.60723963,23.09140084,1.61516528,1.645759572,2.615008558,iOS,Safari,16-18,male,high
12,75.34735294,93.6404853,19.2928456,48.79376084,1.300695635,1.932161719,1.436340381,Android,Firefox,19-22,female,high
11,46.82650833,82.77667447,25.54180911,30.97221265,1.770693418,1.175202363,2.226670039,Desktop,Edge,16-18,female,mid
14,31.92654667,79.57762237,40.06584487,21.18933276,3.376507409,1.49475724,1.24993477,Android,Edge,13-15,male,low
19,47.35021336,77.18718266,29.1659263,21.06065256,3.577138989,1.076727372,0.765971014,Desktop,Edge,16-18,male,high
19,33.13242235,49.23370233,27.14164836,36.39758329,1.32014158,1.923208836,2.512528248,Desktop,Firefox,16-18,female,low
19,21.78359786,75.49197938,29.03523005,33.83058342,2.985025182,1.311041705,1.300027473,Android,Safari,13-15,male,low
16,55.09295324,71.84571198,24.23320098,25.68750149,3.49310894,1.661000299,1.486968773,Android,Edge,16-18,female,low
15,68.14226677,80.6285448,29.3112947,35.18731572,1.739852268,1.668360702,2.350373484,Shared/Other,Safari,19-22,male,high
18,86.33923087,57.13396927,32.73299879,46.40124876,2.200704261,1.689888732,2.765243624,Desktop,Firefox,19-22,male,mid
22,52.02060479,85.91298956,29.70931353,26.78302322,2.078335079,1.926707504,2.24664245,Desktop,Firefox,16-18,female,low
22,46.71559263,73.02580822,28.44737122,29.0487603,3.631475813,1.3952541,1.665757475,Android,Edge,16-18,female,low
9,30.65289006,98.45624162,22.99964383,26.05202357,1.44815364,1.469166049,2.577818042,Desktop,Edge,13-15,male,high
18,41.78638543,82.75323751,23.08610754,28.24126328,2.589731826,1.068987308,2.92107819,iOS,Edge,13-15,male,low
11,19.70102407,60.92951469,21.4696846,23.03235235,1.500514703,1.023085481,0.833453092,Android,In-App,13-15,female,low
14,72.731726,66.64082815,28.63769509,41.46475612,1.754796909,1.271965108,2.301669669,Desktop,In-App,19-22,male,high
8,39.93421434,79.13147476,28.83395751,24.90601982,2.10478837,1.045550156,1.250567779,Shared/Other,Safari,16-18,male,low
16,39.30220957,64.65389253,19.73469375,19.21712255,2.410704879,1.769436662,0.763104745,Desktop,Chrome,16-18,male,low
12,60.69040373,76.00018738,32.58720329,19.55443747,1.033141436,1.059710905,2.982158584,Shared/Other,Edge,19-22,male,mid
17,28.22976514,56.60434952,31.43166665,16.48587946,2.967331905,1.641619999,1.023715557,Shared/Other,Firefox,13-15,female,mid
20,50.52457387,91.00562507,28.02608795,35.45880049,1.614404575,1.371064735,2.085569997,Android,Firefox,16-18,female,mid
15,78.88693457,78.97885929,33.00464424,38.285044,3.846926995,1.940121893,1.455815411,Android,Safari,19-22,male,high
18,32.075339,81.7929382,26.44931697,26.38186862,1.06065256,1.670760022,1.673205695,Shared/Other,Firefox,13-15,male,mid
11,45.89020433,81.28964108,23.25344973,53.19421788,1.535452223,1.756883608,0.619038069,Shared/Other,Chrome,19-22,male,high
12,34.99244148,67.84737481,30.27705628,23.44783711,1.626237647,1.485820559,0.714934338,Desktop,Chrome,13-15,female,mid
20,66.0183855,75.38809,30.65119542,46.85619374,1.092359707,1.723802777,2.76367173,Android,Safari,19-22,female,high
16,37.7099714,82.0065255,32.56072263,36.64263756,2.05490492,1.062875782,2.056397008,Shared/Other,Edge,16-18,male,high
14,93.38776034,89.20184939,32.9605695,42.43149772,3.70496016,1.915472988,2.441600186,Android,In-App,19-22,male,mid
11,42.75160522,69.86133578,34.17433324,31.3257775,1.170704441,1.052492184,1.568557006,iOS,Firefox,13-15,male,mid
20,33.67571688,83.21919795,27.55702921,28.97249145,1.031091167,1.636470709,1.484711587,Desktop,Chrome,13-15,female,mid
18,49.59531889,94.77126521,32.53263109,26.55870198,1.057955211,1.502012624,1.970769423,Shared/Other,Firefox,16-18,female,high
21,48.98968821,76.75708943,35.75438301,32.15408298,3.153603553,1.897038516,2.75435419,Desktop,In-App,16-18,male,low
7,27.41100392,54.91675995,32.84513003,20.28938952,1.752677129,1.593797459,1.020123871,Android,In-App,13-15,female,mid
16,66.58364002,70.76166462,26.17194421,31.46279181,1.844959029,1.60423951,2.541863199,iOS,Safari,19-22,male,low
12,29.09795803,77.47672065,29.16019815,15.24793899,2.425278005,1.223938433,2.632863291,Android,Chrome,13-15,female,low
13,55.23155452,64.95662174,30.63412343,36.76731226,1.069320558,1.051131638,2.885646104,Shared/Other,Edge,19-22,male,mid
19,27.3030255,76.72970106,29.08619336,47.93758143,3.19364146,1.664334844,0.826622079,Desktop,Chrome,19-22,male,low
20,76.03843902,67.49319013,32.57188568,54.0314255,2.697453979,1.312656314,0.945582747,Desktop,Firefox,19-22,male,high
11,59.53009498,64.75778471,29.91329332,27.90085768,2.313792292,1.842478038,1.991603513,Android,Chrome,16-18,male,mid
13,37.50827102,80.33695248,37.46476311,22.92847804,3.30756037,1.428854361,2.396139368,iOS,Firefox,13-15,male,high
16,40.89130996,70.88588086,26.69915401,21.81271738,1.572262989,1.8829755,2.270028327,iOS,Edge,13-15,male,mid
16,36.63674813,73.70227776,29.87644567,22.47215246,1.509377919,1.652526878,2.030198296,iOS,Edge,16-18,male,mid
13,43.04410782,85.18995832,29.36599015,24.32569032,2.263574139,1.839566706,1.975633413,Android,Chrome,13-15,male,mid
16,42.6913438,68.897441,31.29900605,29.00260793,3.04924052,1.580519277,1.986375253,Shared/Other,In-App,16-18,male,mid
19,49.68114553,67.193456,28.6823954,22.46863366,3.021134943,1.007759648,1.688232441,Shared/Other,Edge,13-15,male,mid
22,50.33023307,56.65703967,25.96611634,39.42858871,3.70217743,1.098873029,0.792768079,Android,Safari,16-18,male,high
17,56.92089854,79.22324797,24.35682743,56.75336516,1.074912701,1.399506475,2.964900755,Shared/Other,Edge,19-22,female,mid
15,36.42594814,59.83667712,26.30511834,19.38418837,3.794230983,1.683336281,1.156150779,iOS,Firefox,13-15,female,mid
10,49.00908478,76.58677906,29.84902846,22.11298904,3.35066805,1.575086361,0.78790978,Shared/Other,Edge,13-15,female,low
17,37.61482598,89.26967404,27.29217062,28.62205881,2.447615222,1.940316153,1.234191033,iOS,In-App,13-15,female,low
23,63.42666394,93.66930928,28.03846485,34.22465736,3.992644665,1.323905317,1.785217187,Desktop,Safari,19-22,female,mid
11,61.29166069,73.07415896,32.99637898,38.88808565,2.190795587,1.174109248,1.445379033,Desktop,Edge,19-22,male,low
11,65.77711217,66.21672713,37.06607041,58.67573795,2.010021503,1.252442463,1.941289476,Shared/Other,Chrome,19-22,male,high
9,30.00419326,100,30.872441,30.89706307,3.124442004,1.832758668,0.803777924,iOS,Safari,13-15,male,low
13,56.81634224,76.9504761,35.37082289,30.09875849,3.136163601,1.841972119,1.659585857,Shared/Other,Chrome,16-18,male,mid
17,34.76827536,71.87126039,26.10597636,26.28012019,2.781615417,1.188146927,2.720022115,iOS,Safari,16-18,female,high
10,32.39794944,72.0494381,27.68571857,34.55518726,3.683616557,1.715105614,2.098884566,Desktop,Edge,16-18,male,mid
13,55.58634883,62.45977348,25.00531812,30.24025398,3.618388975,1.796987655,1.787449527,Android,In-App,16-18,female,high
18,45.19223438,80.63281135,30.87418653,38.39986153,1.385511936,1.087733927,2.596031828,Shared/Other,Safari,16-18,female,high
20,29.67360104,90.97423363,25.93388484,30.3259159,1.88006824,1.819130222,0.675086559,Shared/Other,Safari,13-15,male,high
8,17.88808885,71.02104286,28.9712388,24.01743543,1.43526834,1.699177431,0.556230824,Android,Edge,13-15,female,low
15,51.11857051,91.64192055,27.61968721,29.08383786,1.80868508,1.100169326,1.381077564,Shared/Other,Chrome,16-18,female,mid
8,29.06332724,70.93060829,37.54555484,25.70037424,1.163098535,1.168520592,1.639811061,Android,Edge,13-15,male,high
19,72.47152448,85.93359033,24.56706746,46.522282,3.853336603,1.077032,0.571209526,Android,Chrome,19-22,female,high
20,50.46671013,81.65760054,41.40951458,36.89731308,1.654808449,1.164241067,1.091995086,Android,Edge,19-22,male,high
20,32.04134047,62.06182635,34.50502662,26.17825375,2.712231225,1.772152505,2.820021854,Android,In-App,13-15,male,high
22,40.20747667,62.38670202,36.07616774,29.92174619,2.146344594,1.594409384,0.67446446,Android,Safari,16-18,female,high
19,18.61839406,67.72815117,29.16616185,30.38588264,3.086221446,1.252742669,1.278514113,iOS,Safari,13-15,female,low
14,41.89319168,77.44839204,36.37602868,54.93709759,1.793416473,1.129970437,1.741693184,Desktop,In-App,19-22,female,mid
16,56.09101314,64.98990456,35.16594932,27.46216267,1.966999935,1.437997748,1.268655433,Desktop,Edge,16-18,female,high
22,66.04527463,90.39543988,27.86194301,29.92215728,2.749300854,1.935871292,2.669110082,iOS,Safari,19-22,male,low
14,34.33040629,94.73909476,26.80549345,32.84963268,3.120051087,1.893029958,2.889654201,Desktop,In-App,16-18,male,mid
16,60.54451638,80.34347213,21.15792287,29.10964224,3.144567923,1.728104492,2.166346138,Shared/Other,Edge,19-22,male,high
10,78.18576885,86.97750028,34.3790013,44.88854701,2.7621232,1.449586599,2.397630025,Desktop,Safari,19-22,male,mid
21,39.77936303,78.40089411,27.10121221,23.25592487,1.155236439,1.030192015,0.763334736,Desktop,Edge,16-18,female,high
10,23.43585482,66.41742032,30.74183596,26.80957135,2.2905576,1.586633313,2.773793291,Desktop,In-App,13-15,female,low
16,70.99002947,88.91457967,28.93877845,36.6060432,3.315004319,1.919530629,1.833001661,iOS,In-App,19-22,male,low
15,65.37276112,84.3072397,17.20209123,38.38232719,2.084147835,1.626059531,0.576420918,iOS,Chrome,19-22,male,low
11,68.89737913,75.87277469,24.81335643,44.79939741,2.070388767,1.792217033,2.395323016,Android,Chrome,19-22,female,low
10,31.83962518,81.98583734,34.40255344,26.54523418,3.104471847,1.716369055,1.636024378,Android,In-App,13-15,female,high
11,43.19785378,59.94167595,29.75044883,27.03647611,1.509170319,1.000157745,2.295594987,Desktop,Chrome,16-18,male,low
21,48.14180726,67.86043433,29.54168355,20.20168337,3.387097098,1.240803512,1.651318328,Shared/Other,Edge,13-15,female,low
20,53.40622328,91.86651354,26.54929581,44.53704246,3.268995359,1.779962202,1.694693264,Android,Edge,16-18,female,high
20,53.42980394,81.36908079,27.62437361,43.0196949,3.469084926,1.230940359,0.746093873,Shared/Other,In-App,19-22,female,mid
12,45.95374316,82.54273143,32.90849453,37.92683904,3.058219466,1.440006319,1.448246982,Android,Edge,19-22,male,low
18,47.71887961,80.58695283,27.9768074,32.98755891,3.773837597,1.826257729,1.335193044,Android,Edge,16-18,female,mid
12,36.8093113,77.92168828,30.57422545,26.12902097,2.533014291,1.913814798,2.919530342,Android,Firefox,13-15,female,low
15,60.36384968,83.62754592,25.84964752,29.09766746,1.284959935,1.320764414,1.467888485,Shared/Other,Firefox,16-18,female,low
15,34.48069814,65.74772563,32.17025818,29.21256554,1.309880403,1.572858752,1.503790635,Android,Edge,13-15,male,high
11,75.76407719,78.78883788,29.16776995,44.90823452,1.950835866,1.654306322,0.700081424,Android,Chrome,19-22,male,mid
14,77.54552289,72.01058729,31.13285482,37.985801,3.782928117,1.821142091,1.061910362,Shared/Other,Chrome,19-22,female,mid
21,44.73156787,68.87498842,34.61372809,19.93712785,2.530415626,1.667673951,0.565642047,Desktop,Firefox,13-15,male,low
21,59.53153622,60.91039253,31.37501149,25.16341439,2.87052343,1.357716765,2.611014031,Desktop,Firefox,16-18,female,low
22,38.97236089,65.73836737,23.95282336,35.14657123,2.951096681,1.756994759,2.373816522,Desktop,Firefox,16-18,female,mid
10,36.03994934,93.48040192,34.95355423,32.54543263,3.791686081,1.428342794,1.328485347,iOS,Chrome,16-18,male,low
16,63.20349818,72.94707406,31.24020321,23.66492442,2.643612432,1.023961385,2.41055121,iOS,Chrome,19-22,male,low
10,47.99314782,73.97322831,26.28563655,27.167129,1.757663642,1.745452414,2.085475192,Desktop,In-App,16-18,male,low
8,37.06447854,83.09258628,36.16164303,21.24933166,2.220592323,1.261975564,2.948626908,Shared/Other,Safari,16-18,female,mid
8,43.76048584,76.77023129,31.84807398,17.93304847,3.68674957,1.236473717,1.3635505,Shared/Other,Firefox,16-18,female,high
8,58.88956863,73.16306034,31.685049,26.14710209,3.967223396,1.670263687,1.658778701,iOS,Edge,16-18,female,high
19,45.16707898,66.49865797,31.15483664,34.20305604,3.556709575,1.601367627,2.902138942,iOS,Safari,16-18,female,low
7,31.99213137,82.63288263,29.30877835,22.19455435,1.218751036,1.803259072,1.03808183,Shared/Other,Safari,13-15,female,mid
9,46.73153913,82.44403448,26.88726826,17.95392101,2.836148864,1.376895017,0.503419961,Shared/Other,Chrome,13-15,male,mid
15,44.44482005,87.52346362,35.68227787,17.15854322,1.113993512,1.605529275,1.71194515,Shared/Other,Edge,13-15,male,low
10,80.23734729,83.57158388,37.62319298,37.53913564,2.530787939,1.433784402,1.983177732,iOS,Chrome,19-22,female,mid
17,41.46245167,85.27060427,26.76063855,24.80504532,1.391360462,1.76268617,0.670879287,Desktop,In-App,13-15,female,high
19,53.28418211,66.36810288,40.20066943,49.05926833,2.473422907,1.682479066,0.753936361,Android,Chrome,19-22,female,high
19,43.56416181,75.9939409,25.87322672,14.17276959,1.813805759,1.614934178,2.942969348,Shared/Other,In-App,16-18,male,low
7,37.51977497,66.74556105,31.95915005,26.07491409,3.6397163,1.510713287,0.705733853,Desktop,Chrome,13-15,female,mid
20,30.63208686,79.20268529,36.52481344,18.73633076,1.943638293,1.561110109,1.833771465,Shared/Other,Chrome,13-15,female,mid
21,67.24620833,80.91721601,35.80857301,37.29373253,2.709476432,1.167621971,2.594393613,Desktop,Edge,19-22,female,mid
14,38.5200302,72.32238864,17.82367214,30.88649782,3.969602452,1.21392287,1.544640466,Desktop,Edge,13-15,female,low
14,42.40419864,72.94912307,31.37552145,24.76402189,3.945631889,1.701953534,1.740304235,Desktop,Firefox,19-22,male,mid
15,51.71523182,72.54004662,32.23351805,29.91506577,2.515350155,1.958690654,0.930990358,Android,Safari,19-22,male,low
22,61.31457796,74.73669165,29.36189716,21.99763274,2.381280467,1.906974293,2.734969184,Shared/Other,In-App,16-18,male,mid
13,40.11300611,76.03078222,30.1199001,28.26739328,3.647189604,1.956563929,1.356496928,Shared/Other,Chrome,13-15,male,mid
11,38.40433035,66.64228523,31.65332143,20.33986593,1.016989002,1.051783444,2.790372991,Desktop,Chrome,13-15,female,mid
12,15.11080257,69.75182804,32.02432846,24.61525621,2.391489195,1.774827767,1.343323828,Shared/Other,Edge,13-15,female,mid
19,31.33852351,62.89762878,31.22834343,30.23356357,3.806187863,1.868504391,2.661032478,iOS,Chrome,13-15,male,mid
9,47.65136732,60.75234346,28.93774149,27.20484331,3.267129767,1.451336033,2.896290688,Shared/Other,Chrome,16-18,female,low
20,51.31789158,90.57243964,32.80740505,31.04588739,1.011148301,1.260597886,1.845500979,Android,Firefox,16-18,female,high
17,44.95508181,72.31628706,31.78314808,26.50142759,3.916126283,1.14278485,0.75281297,Desktop,Safari,16-18,female,mid
16,49.48490806,62.83990562,34.28806839,32.62751787,2.711680155,1.442324403,1.891047828,Desktop,Safari,16-18,male,mid
18,63.58233674,54.27864884,28.97533763,33.17462004,1.544492885,1.24445221,2.582122604,iOS,Edge,19-22,male,mid
21,65.04205798,74.06165209,27.32551481,37.79817886,2.383146902,1.791072143,1.66978908,Shared/Other,In-App,19-22,male,low
23,67.70799528,66.61372521,27.29934704,35.9349684,3.286692369,1.990109784,2.444478951,iOS,Safari,19-22,male,mid
17,47.51193724,79.03803131,28.32450494,29.01078396,3.033281483,1.546046073,1.50234684,Desktop,Safari,13-15,female,low
21,45.63202456,68.60806466,29.21861832,29.72839182,1.678808754,1.792902278,2.510991117,Shared/Other,Safari,16-18,male,mid
20,42.3628112,81.05404505,32.36319881,17.70007601,3.420144304,1.016539449,0.967019745,Desktop,Safari,13-15,female,mid
21,45.96502067,65.73004607,24.75859217,35.75429403,2.081235419,1.988837633,2.457394415,Shared/Other,Safari,16-18,female,high
20,59.43052806,72.71434609,29.77329163,19.29431488,2.775006462,1.012657828,0.503009035,Desktop,Chrome,19-22,female,mid
11,28.22148778,76.66653181,23.10948451,22.74503033,3.548212765,1.049485014,2.723066484,Desktop,In-App,13-15,male,mid
12,63.25486854,85.9722133,36.90403294,27.36936117,3.583390729,1.486425835,0.836142602,Desktop,In-App,16-18,male,mid
20,81.68826442,89.03378657,32.16642067,43.96273435,1.746121468,1.678182585,2.755485296,Shared/Other,Edge,19-22,female,mid
20,69.44360761,74.41053466,30.23517182,31.4316306,1.365255993,1.594473855,1.362222935,Android,In-App,19-22,female,low
10,56.88259711,76.97184118,26.86300587,33.83417285,3.053156274,1.533769942,2.167462154,Android,Firefox,16-18,male,mid
14,44.32552719,80.58573724,35.63440321,42.61069885,2.4032435,1.575749639,1.462538428,Shared/Other,Safari,16-18,male,mid
21,47.01561317,66.10155229,25.19610221,27.76865418,3.72808098,1.649242733,0.704259899,Shared/Other,In-App,16-18,female,mid
12,29.94025267,74.73862131,27.13395581,20.04113677,2.797874747,1.078849031,1.217258872,iOS,Firefox,13-15,female,mid
16,46.38905643,71.39193506,36.36135189,27.40186271,3.239257699,1.40402995,2.195876574,Shared/Other,In-App,16-18,male,low
14,33.63970344,67.87895476,30.68611064,23.61884086,1.143049433,1.061122875,2.854687625,iOS,Firefox,13-15,female,low
12,58.17313797,91.42272281,35.02168972,25.42990221,2.965074089,1.445849634,1.36644497,Android,Firefox,19-22,female,high
23,57.83142727,87.6151518,34.55701308,41.10418047,1.451979215,1.883165678,0.917600409,iOS,In-App,19-22,male,mid
12,29.42891366,64.26307154,32.2915897,18.17240789,3.048270774,1.427203027,1.978821993,Shared/Other,Safari,13-15,female,mid
11,39.46835851,59.82372353,26.1392392,32.4293252,3.198766779,1.10870898,2.380148421,Android,Safari,16-18,female,high
18,29.8487595,65.74969353,27.6759561,24.83063167,1.502842768,1.661890555,1.87607597,iOS,Chrome,13-15,female,mid
21,51.26086403,77.75663198,32.83069154,43.95031311,3.778566764,1.81145303,2.57134644,Shared/Other,Safari,19-22,female,low
10,38.95548172,76.18399333,33.63708854,33.03479127,3.202450169,1.950872205,0.708679861,Desktop,In-App,16-18,male,low
16,54.02804484,70.59097811,24.41774572,40.36927775,1.084854785,1.137067943,0.933009077,Desktop,In-App,19-22,female,mid
15,47.06477536,88.59330535,25.96524548,32.68486683,1.895938041,1.542902131,1.583389051,Shared/Other,Firefox,16-18,male,high
18,63.60786355,86.71751936,32.06596868,23.83778677,2.028758976,1.193633425,0.99601341,iOS,In-App,16-18,male,high
14,53.01204719,77.7812549,21.87053986,23.74206668,3.397031114,1.036254895,2.960045375,Desktop,Safari,16-18,male,low
8,55.6291066,67.32162381,22.71396045,29.24788583,2.124491709,1.244204473,1.576763329,Android,In-App,16-18,male,low
20,75.60618243,100,27.5800783,42.06958901,1.862060985,1.592486405,1.244467683,Android,In-App,19-22,male,mid
17,34.34820661,92.88485768,23.26222566,27.5737901,1.640492182,1.291439083,2.636366254,Desktop,Edge,13-15,female,low
19,41.46760997,70.68177451,24.43647702,31.5014782,2.252568418,1.300591123,2.141554874,Desktop,Safari,16-18,female,low
13,69.94078527,73.33041169,24.1821055,37.26622503,1.83547601,1.943163128,2.710175274,iOS,Edge,19-22,female,mid
22,50.77078611,82.76427774,20.48140865,37.38985974,1.874375253,1.11727177,2.134206664,iOS,In-App,16-18,male,low
14,83.23203621,77.36156722,38.68221402,41.16661751,3.485818401,1.425505733,0.654484527,Android,Chrome,19-22,male,mid
7,42.03321914,60.80615644,31.11997484,25.57807888,3.26542915,1.803751974,1.882438965,Shared/Other,Chrome,13-15,female,high
9,36.93243895,76.39991385,25.4588565,24.49641373,2.234454136,1.715101339,1.717538479,Desktop,Safari,13-15,male,low
22,37.80332778,89.54749535,39.40380573,21.19065361,3.439360818,1.786309553,2.725263684,Android,Edge,16-18,male,high
21,40.15644091,69.27372997,30.72909049,22.56453422,2.519383356,1.87089057,1.03365379,iOS,In-App,13-15,female,mid
20,75.75799604,81.91159398,20.69549615,12.59573578,3.64442433,1.791114118,1.883334181,Desktop,Edge,19-22,male,mid
21,58.60596477,84.38091369,33.24351539,31.80733536,3.045026945,1.206589112,0.77620955,Desktop,In-App,19-22,male,mid
12,46.04755675,69.45919204,20.73721433,30.61006799,1.361693487,1.119940184,2.314734151,Desktop,Edge,16-18,male,mid
14,40.8773726,91.21873748,27.40082927,32.59040662,2.87300658,1.237621218,1.75817612,iOS,In-App,16-18,female,mid
18,61.1860335,74.00278452,28.92060931,41.51538881,3.763475482,1.171731163,0.663174981,Desktop,Chrome,19-22,female,mid
9,32.15975674,75.40307699,34.47465031,21.41986688,1.224832038,1.110276728,1.458772561,iOS,Firefox,13-15,female,mid
12,52.63974309,72.22702112,35.63660368,21.01302279,1.108457982,1.321421278,2.408878085,Desktop,Edge,16-18,male,high
11,66.45774295,70.98799074,22.32710351,43.14022602,1.76609688,1.884417975,0.781386268,Desktop,Safari,19-22,female,mid
9,25.72983845,51.4429651,37.87293179,20.72595814,2.903319824,1.827679407,1.569232273,Shared/Other,Chrome,13-15,male,mid
11,52.1233885,79.24370259,25.32401896,44.80875065,1.45162244,1.923085819,1.912520707,Desktop,Safari,19-22,male,high
13,54.64112791,68.4625797,34.57701485,19.34384972,1.582979062,1.973935574,1.404113319,iOS,Firefox,16-18,male,mid
17,60.25727429,81.27352389,30.30797928,30.55506467,2.87619289,1.81696845,2.133901814,iOS,Edge,16-18,male,mid
20,46.44941418,62.40628725,27.97888355,34.68290333,2.068269021,1.169839433,0.765764553,Android,In-App,16-18,female,low
13,59.59111667,87.50064484,28.62439853,19.98293998,3.298668454,1.374992145,1.913900734,Android,Firefox,19-22,male,low
23,63.44158008,94.8155025,22.30170291,36.20450465,2.566220713,1.330908583,1.856114515,Shared/Other,Firefox,19-22,male,high
23,65.04028811,92.58069361,32.8034033,48.83098901,1.607435692,1.668259437,0.956190828,iOS,Safari,19-22,female,low
22,42.25730078,83.21139654,45.30567892,28.434334,1.477888277,1.372186897,2.181933287,Shared/Other,Firefox,16-18,female,mid
10,33.62551629,88.68715488,34.80450928,24.26684113,1.897348395,1.758424726,1.014012298,Android,In-App,13-15,male,low
11,66.52407302,50.08838592,36.08361746,33.65070904,2.162000263,1.841691768,1.048420163,Shared/Other,In-App,19-22,female,mid
16,44.80815064,74.36696777,29.60705804,22.34720807,2.512530461,1.849136636,1.08910583,Desktop,Edge,16-18,female,mid
21,57.46002998,79.67699373,26.65616535,37.99766665,2.069180504,1.581785526,0.748870096,Desktop,Chrome,19-22,female,high
21,56.35460109,79.2663069,34.32779383,21.69508429,1.510699097,1.189763558,2.816251548,iOS,Safari,16-18,female,low
19,45.77504105,70.37369086,28.4167385,37.19403124,3.612497864,1.005879569,1.470241059,Android,Edge,16-18,female,mid
17,53.17346006,79.86741502,30.98656706,37.53556658,1.710783585,1.693634841,2.937754753,Desktop,Chrome,16-18,male,low
17,43.4391393,94.93635485,25.21141751,29.72021074,1.363384081,1.272630509,1.769120215,Shared/Other,Firefox,13-15,male,low
14,32.85681013,62.00676398,28.17822545,21.45610899,1.552589589,1.287819613,1.121014013,Desktop,Firefox,13-15,male,low
15,50.53812169,72.6098475,24.67952924,20.37152345,3.550577201,1.932305683,2.003090145,Shared/Other,In-App,13-15,female,mid
13,54.29869003,80.69289323,30.35834277,18.93716183,3.637186014,1.404516403,1.228784646,iOS,Safari,19-22,male,low
12,41.40174529,94.08597872,34.50731067,39.09711934,3.033985113,1.882549314,1.086555668,iOS,Edge,16-18,female,low
12,30.61608939,79.92004054,24.34465685,30.88878356,2.500277007,1.103300478,0.994119453,Desktop,Chrome,16-18,female,high
22,74.94203696,61.81358034,24.11693158,21.32436064,2.714315954,1.245501811,2.12894732,Shared/Other,In-App,19-22,female,mid
15,65.40752377,64.33729629,25.90354857,26.31462352,2.152900563,1.055341999,2.524679048,Shared/Other,Safari,16-18,female,mid
23,58.68906655,72.32682977,32.24206625,28.3045902,3.603485506,1.644241401,0.550852078,Android,Edge,19-22,male,mid
19,34.01525703,62.02271624,22.68944772,17.19827801,1.954829638,1.621133407,0.910659159,iOS,Safari,13-15,female,mid
18,55.63022484,87.89131835,33.28203283,62.11403576,1.2514253,1.160715585,2.333012012,iOS,Firefox,19-22,female,mid
12,54.65343994,67.17555286,36.82203087,21.91950873,2.21355774,1.553704723,2.845070318,Shared/Other,Firefox,16-18,female,mid
22,43.93336756,62.89738209,37.14117107,40.9568812,2.411296743,1.26655012,1.362184459,Desktop,Chrome,16-18,male,mid
14,61.64779704,65.34644714,33.27495894,36.29068896,1.214315149,1.726286464,1.777631669,Android,Safari,19-22,female,low
18,40.73489735,77.88150042,31.79424036,36.69802547,2.03948519,1.774398537,1.156140757,Android,Safari,16-18,male,mid
7,15.69241464,73.18162358,17.81265132,27.29007776,1.885741164,1.769093673,1.484832447,iOS,Safari,13-15,male,high
8,40.20658122,87.10021311,31.39151026,31.68566548,1.565184302,1.784510136,1.990406995,Desktop,Firefox,13-15,male,mid
21,45.39896995,63.55643634,26.99733684,21.42979128,2.336862076,1.051993431,1.250908059,Shared/Other,Firefox,13-15,female,mid
16,45.39607667,76.94578059,35.06592116,29.8042141,1.576322918,1.793441591,0.585830428,Desktop,Safari,16-18,male,low
12,56.58188392,71.37144373,22.36269322,30.94420883,3.568285997,1.167422948,1.163839014,Android,Chrome,19-22,male,mid
15,26.80291399,89.04316282,31.22617924,29.07678181,1.997963503,1.592658648,1.737380334,Desktop,Firefox,13-15,female,mid
12,45.62988398,87.18022805,35.17336699,64.28934738,1.36675882,1.874297077,0.649098962,Desktop,Edge,19-22,male,mid
20,68.61886563,79.87715426,32.18827814,37.41287773,1.912547433,1.469014431,2.684549441,iOS,Firefox,19-22,male,mid
12,81.53569201,72.19457514,33.69220955,61.48706294,1.334600021,1.704154751,2.320903257,iOS,Chrome,19-22,female,low
16,31.9787588,73.17415122,27.2270338,25.48232821,2.803230397,1.556115541,1.511638545,Desktop,Chrome,13-15,female,low
9,34.41369697,59.90760596,33.95115138,25.36198324,2.960686666,1.655565901,1.981107964,Shared/Other,Firefox,13-15,female,mid
13,62.70684078,67.32928649,34.99911761,49.6097375,1.06416654,1.944174364,0.924283541,Desktop,Firefox,19-22,female,mid
17,16.66965754,58.68548933,36.14760221,19.45751455,1.172270438,1.639661984,1.925301213,Shared/Other,Chrome,13-15,male,low
23,67.37806724,70.8757993,22.72553917,49.60193352,2.672035194,1.888592495,1.315176256,Android,Edge,19-22,female,low
13,46.92807891,77.73659885,35.45259377,29.66414046,3.621127526,1.789455089,2.184361575,Shared/Other,Edge,16-18,male,mid
17,69.8971527,97.95724601,36.42558137,30.96706889,3.115051637,1.264694896,1.054789057,Desktop,In-App,19-22,male,low
20,25.57368789,83.7865485,36.74346599,22.77875439,2.559227459,1.681796811,1.623704913,Shared/Other,In-App,13-15,male,mid
19,34.42616815,59.671921,24.98758809,26.22217674,3.55850372,1.22009504,0.950615093,Shared/Other,Safari,13-15,female,mid
15,55.66502455,79.82926054,36.2340623,27.84617394,1.385637873,1.622313297,0.639889651,Desktop,Safari,16-18,male,high
9,31.21908166,77.88165508,23.69055109,32.2655705,3.951537769,1.290958431,2.485880823,Android,Chrome,16-18,male,mid
12,29.29446157,69.48087844,35.35516657,26.13152104,2.167481388,1.755873359,0.682459349,Shared/Other,Chrome,13-15,male,mid
13,55.26465973,63.84753464,28.60844872,27.79111316,3.355995073,1.122053767,0.973334384,iOS,Firefox,16-18,female,mid
22,84.74425943,69.82194735,32.5545169,37.64835122,1.635944562,1.340225242,1.295331328,Desktop,Firefox,19-22,male,mid
14,33.06016757,71.11190215,33.16823482,19.75113421,1.242609237,1.656822307,2.134511648,Shared/Other,Safari,13-15,male,low
9,46.15882994,65.56990596,25.81078352,24.30213892,1.703632302,1.192754322,1.936889227,iOS,Edge,16-18,female,mid
18,64.85160874,71.55652646,25.03458274,36.71679057,1.846426386,1.860870124,1.720886551,iOS,In-App,19-22,male,low
10,61.49606987,89.19064413,20.25204914,44.72673617,3.371978578,1.697139814,2.988800571,iOS,Safari,19-22,female,mid
7,31.14626359,62.54919212,32.34633901,26.21301407,1.787528923,1.745584338,2.944169294,iOS,Firefox,13-15,male,low
23,44.99233157,68.94320126,21.17458547,54.52653078,2.583727593,1.273038833,2.771237169,iOS,Firefox,19-22,male,low
19,34.33989185,90.79062546,23.60756947,16.47396196,3.828910568,1.211858903,0.647526176,iOS,Edge,13-15,male,mid
20,57.25497444,91.25330309,23.19162485,28.97633643,3.888927827,1.831534972,1.658880558,Android,Firefox,13-15,female,low
11,32.94227171,70.92984108,39.25390571,19.08876799,2.593433898,1.146375939,0.849429153,Desktop,Firefox,13-15,male,mid
20,65.8235384,80.80824095,33.60755869,50.62191308,3.741207025,1.832901723,1.134693871,Shared/Other,In-App,19-22,male,low
15,48.91836365,85.32996079,23.11916492,28.05699384,3.646637235,1.402150476,0.666555218,Android,Firefox,16-18,female,low
19,20.26693829,86.15829,33.21935155,21.14054488,3.134362726,1.147635964,1.640167862,Android,Safari,16-18,female,mid
10,44.15149051,93.30743825,32.46597844,29.67696075,2.790216588,1.122740055,2.907786648,Desktop,Chrome,13-15,male,mid
14,35.46451064,95.11982431,43.72579177,31.23856146,3.074711133,1.047925176,2.274740272,Desktop,In-App,13-15,female,high
21,57.67146901,81.21035193,29.13544944,34.34589224,1.639039252,1.103749425,1.358525285,Desktop,Safari,16-18,male,high
22,48.67468375,57.48244083,35.64416373,30.49758508,3.682684128,1.070196611,2.950805182,Desktop,Safari,16-18,female,mid
17,43.6758202,88.6252737,23.5921127,23.94055234,3.228559693,1.022902161,2.897418365,iOS,Edge,13-15,female,mid
14,62.90667279,76.07668756,18.64147741,32.52570747,2.082908241,1.783468551,2.93684236,Shared/Other,Edge,19-22,female,high
9,61.35130744,77.16719642,22.91588236,37.96248812,3.296055982,1.895669213,2.474280023,iOS,Safari,16-18,female,low
15,47.68075998,93.64124265,32.45528667,28.74170707,3.04774651,1.841606232,0.831423508,Android,In-App,16-18,male,mid
10,47.09859097,83.07390411,29.26521612,28.89562274,2.49381416,1.398836615,2.375972318,iOS,Safari,16-18,male,low
15,46.5547473,76.19311634,31.08686063,16.63797737,3.081961209,1.336849997,0.760043129,Desktop,Firefox,13-15,male,mid
19,30.42457163,85.12225869,41.61484521,29.07662083,2.481717982,1.513422934,0.90996993,iOS,Firefox,13-15,male,high
16,42.05786036,68.02458058,21.90588714,17.65945673,2.571922608,1.134874846,0.564955734,Android,Safari,16-18,male,mid
11,44.08177123,89.33631344,35.59505384,28.40870689,3.039632462,1.265351172,1.325862729,Android,Chrome,16-18,male,low
14,51.6505384,75.16268598,32.64557554,22.69457817,2.421073397,1.755453809,2.700728158,Shared/Other,Firefox,13-15,female,low
9,36.92901656,69.18528042,35.23078083,31.30247903,1.960623952,1.383062812,2.07565632,iOS,Chrome,16-18,male,mid
22,62.68632695,65.61545501,30.90079317,26.60482076,1.53458928,1.041308142,2.523095179,Android,Safari,19-22,male,high
15,68.81472893,81.57321095,31.57133711,31.64744859,3.098136597,1.735115825,1.226027305,Shared/Other,Safari,16-18,male,low
23,73.6869436,73.6410199,20.39362801,34.27582414,2.266070698,1.10602719,2.845588306,iOS,Firefox,19-22,female,low
12,61.7806997,61.74718628,36.73051712,37.57373894,3.021251939,1.729235509,2.226381601,Android,In-App,19-22,male,low
9,40.20540878,64.61459143,35.56399098,24.15891346,1.945841539,1.060552256,2.21705304,Shared/Other,Firefox,16-18,female,mid
21,61.40791448,68.58142381,30.65951764,8.312969918,3.918705914,1.465438971,2.816329435,Desktop,Chrome,16-18,female,mid
21,42.22956727,85.22760557,31.51447631,22.61298336,1.046244875,1.107235802,0.731440168,iOS,Firefox,13-15,female,low
14,41.11122327,87.12154598,26.73857578,23.04802766,1.091266943,1.6729504,2.540994316,Shared/Other,Safari,13-15,male,mid
13,63.07459948,77.81717885,30.30070988,37.19888992,2.0952449,1.458023821,2.380903606,Shared/Other,Firefox,19-22,female,mid
20,9.602008495,79.50054671,27.05210502,23.41325772,3.171986152,1.565017769,1.67056601,Android,Edge,13-15,female,high
23,57.54231914,91.21576994,26.15170697,61.12519291,1.116413572,1.957124196,0.615699699,Android,Edge,19-22,female,high
20,88.87547984,94.01864613,29.45814482,50.07648028,3.959195729,1.441506743,1.795462356,Desktop,Chrome,19-22,male,mid
12,39.72989263,65.5542328,33.27941995,38.22536101,3.684142314,1.92860633,2.939733345,Shared/Other,Edge,16-18,female,mid
12,36.30758197,90.33500841,28.02489068,25.64424811,1.292737509,1.040244771,2.383091036,Desktop,Safari,13-15,male,mid
12,80.56757041,64.32635392,24.93382152,39.2062386,3.39878524,1.277538986,2.579664675,Android,Firefox,19-22,female,low
20,53.34902572,71.95332166,33.1025045,27.66428108,2.500444249,1.422351873,0.929586392,Desktop,Chrome,16-18,male,mid
15,46.49735884,91.05904057,32.37448662,24.73510863,2.613673249,1.355063996,2.944940298,Android,Edge,13-15,male,low
12,51.22027055,76.86686773,22.37092509,35.44765825,3.087235745,1.774020923,0.607340387,Desktop,Chrome,19-22,male,low
14,27.53249189,83.45149668,31.49905788,27.02387929,3.03540585,1.818854961,1.909445752,iOS,Firefox,13-15,male,low
11,48.94474672,75.53040784,29.01250025,27.19803665,2.747111689,1.986903666,2.717330991,Shared/Other,In-App,16-18,female,high
22,46.99430609,80.62215037,33.04820966,26.87115713,2.374740526,1.037572886,1.730641016,Desktop,Edge,16-18,male,low
11,75.20172079,62.1491203,28.43339564,57.30650302,2.091641181,1.12909635,1.641279392,iOS,Firefox,19-22,female,high
17,23.48934865,81.18884818,35.62493553,35.47633028,3.569753333,1.075644681,1.657076643,Shared/Other,Firefox,13-15,male,high
19,69.95883098,78.41226633,31.61263132,35.77146602,3.019027303,1.304579947,0.589074488,Android,Firefox,19-22,female,mid
18,53.49363553,72.79201917,32.18813947,32.39469637,3.206862933,1.775519081,2.52205775,Shared/Other,Edge,16-18,male,low
8,49.21669151,61.70014609,32.1259224,26.39171509,1.786393151,1.43248073,0.805108905,Desktop,Edge,16-18,female,mid
12,52.48796135,90.54282442,36.84890551,23.81869838,3.202320943,1.620874188,2.923105326,iOS,Chrome,16-18,female,mid
18,25.96970323,66.38556571,30.4874447,27.37473643,3.987569288,1.897296589,0.552701651,Desktop,Chrome,13-15,male,low
9,37.10323902,71.88741185,32.3922443,38.7761435,3.509173181,1.458789865,1.184551548,Desktop,Safari,16-18,male,mid
22,54.78847573,50.71765519,34.36435172,29.80950107,2.806161019,1.634953713,0.606958202,Desktop,Safari,16-18,female,mid
19,37.79349782,76.77379341,34.23079631,26.56967672,1.644613522,1.889096243,2.983402138,iOS,Edge,13-15,female,high
10,54.98794176,72.22381301,30.17636096,33.08945623,2.235694893,1.073384017,1.513064457,Android,Chrome,19-22,female,mid
17,69.56080929,81.30863759,23.09414971,45.71102629,1.956107968,1.677162876,2.869724148,Shared/Other,Safari,19-22,male,low
23,64.58513329,71.54178577,31.85486279,34.88740542,1.188694773,1.378355424,2.647313471,Shared/Other,Chrome,19-22,female,low
15,27.22265435,53.20211339,29.71581574,17.59821861,2.199576085,1.360806826,2.565898025,Desktop,In-App,13-15,female,high
20,65.48074399,60.72127567,32.32329166,29.52383977,2.935411122,1.334856215,2.798897157,Desktop,Safari,16-18,male,high
11,69.17287969,58.55625559,40.13287707,35.80368908,2.654762377,1.115712394,1.504289799,Shared/Other,In-App,16-18,female,mid
11,52.02788473,70.35598219,37.11949469,34.72482362,1.551537181,1.941411181,1.830877816,iOS,Edge,19-22,female,mid
9,49.39496521,69.07200767,29.8830302,29.61511905,2.387601956,1.418940842,2.448340663,Android,Firefox,16-18,male,low
22,67.83882672,86.49377773,36.44645436,35.84953691,1.639492607,1.116752967,1.538483575,Shared/Other,Firefox,19-22,female,low
14,43.78206857,77.44700426,41.48169658,18.11611267,3.126112868,1.390833549,2.603270879,iOS,Edge,16-18,male,high
15,43.31641836,71.95894135,33.23779207,20.23830093,2.762669206,1.67931554,0.852072919,Desktop,In-App,16-18,female,mid
16,51.29167506,77.90037803,31.96995286,27.31663642,1.572244791,1.694019946,2.006582303,Shared/Other,In-App,16-18,female,low
16,39.05828406,67.42210152,22.94576199,35.91557428,3.646713885,1.950441803,2.291194917,Desktop,Safari,13-15,female,mid
20,57.38044529,79.89631265,34.62090796,28.01152428,3.053633299,1.217155333,2.960624416,iOS,Chrome,16-18,male,mid
20,66.41996263,71.68684821,31.97210939,28.83935824,3.626987872,1.20918613,2.066365804,Desktop,Safari,19-22,female,mid
16,60.55592664,70.80153004,30.10856509,42.70348649,3.150140829,1.110232909,2.473449084,Desktop,Firefox,19-22,female,low
21,43.72675464,68.94009954,25.2861238,23.29054464,1.395312666,1.382967011,1.009121603,Shared/Other,Safari,13-15,female,mid
16,63.48898526,58.63198136,42.61686666,21.73986312,1.806712914,1.056029133,1.521644206,Android,In-App,16-18,male,mid
17,61.44158472,88.58275735,22.0853963,18.95196737,1.823042158,1.698571485,0.88212576,Desktop,Safari,16-18,female,mid
16,50.7768471,71.3288583,30.15794503,33.44422565,1.185925108,1.888080382,2.672176989,iOS,Safari,16-18,male,mid
17,53.44670178,58.88083983,38.35746359,38.1927771,2.475063358,1.872612175,1.253495944,Shared/Other,In-App,19-22,female,mid
13,59.7726337,55.30243824,36.61542626,31.25786767,3.933578901,1.507560249,1.880669381,Desktop,In-App,16-18,male,mid
19,48.7555302,80.09887248,33.58869353,34.29592273,1.795447007,1.016893355,1.699250406,Shared/Other,In-App,16-18,female,low
10,47.52902097,100,38.40042844,61.03761477,1.926761049,1.45450789,2.286121235,Shared/Other,Firefox,19-22,female,high
22,57.83981542,76.01422964,26.23146178,28.5309938,1.870892449,1.828054973,2.179969679,Shared/Other,Edge,16-18,female,low
8,32.77944074,75.16700867,28.17433531,27.72840819,2.005743507,1.001319869,1.269859269,iOS,Chrome,13-15,male,low
12,59.81070924,74.1494667,33.72936814,40.15153562,3.00936101,1.268883112,1.525745267,Shared/Other,Firefox,16-18,female,low
13,68.92763928,69.07008006,22.84784914,47.64442121,3.049910958,1.891791711,1.288868684,Desktop,Firefox,19-22,female,mid
15,40.31344868,86.2639345,29.506958,39.49707408,2.512114023,1.683452743,1.969834333,Desktop,Chrome,16-18,female,low
18,43.84329924,76.58096916,31.38894099,29.53212294,1.948304745,1.763339053,0.555349883,Android,In-App,13-15,male,mid
10,39.15262848,76.98895672,32.30164195,22.57955654,1.10258635,1.818832899,1.000665387,Shared/Other,Edge,13-15,female,low
10,42.27166269,68.43508227,25.55874867,29.20202413,2.693714376,1.074056484,1.704392273,Shared/Other,Firefox,16-18,female,mid
18,41.17841644,73.91383345,29.41964595,25.7941295,1.230731916,1.205093754,2.288710449,iOS,Safari,13-15,male,mid
22,48.94291919,79.31533479,28.93344523,28.6854586,1.977506319,1.781840191,1.115468394,Android,Edge,16-18,male,mid
14,77.06670616,67.50893303,25.94495091,70.67502112,2.606828499,1.581960354,2.772494986,iOS,Safari,19-22,female,mid
21,71.08669979,67.32259609,26.42013987,49.01712217,3.856521512,1.958573843,2.312078434,Shared/Other,Chrome,19-22,female,mid
15,39.99738683,93.59826762,26.4527998,16.27279685,2.265946498,1.872409677,1.331407381,Desktop,Firefox,13-15,male,mid
12,36.86764991,72.55374917,25.79113546,48.70677475,3.328349795,1.431651763,1.33056941,Desktop,Safari,19-22,male,mid
17,44.87025756,77.96030975,34.15854879,26.8953488,3.555518431,1.360971456,0.864130228,iOS,In-App,16-18,male,high
18,46.85191102,82.14283976,35.72733493,32.28253093,3.564335039,1.939218495,1.949958301,Desktop,Chrome,16-18,female,mid
19,38.81768061,71.91821499,31.8495185,35.75345038,3.76230217,1.44179649,2.356977087,Shared/Other,Firefox,16-18,female,mid
10,39.26362177,74.77691461,31.71777289,31.90763906,3.602036514,1.848752467,1.778798894,Desktop,Chrome,13-15,female,mid
14,32.64836486,63.72021184,25.41100407,26.00347063,2.937504556,1.231236937,2.790912767,Android,In-App,13-15,male,mid
8,48.0504871,85.94650816,29.58218723,32.04747852,2.244543909,1.534659567,0.550487308,Android,Safari,16-18,female,mid
11,48.27186648,72.31345479,37.7354421,22.09654905,2.890852118,1.53957563,0.63076443,Desktop,Edge,16-18,female,mid
18,43.70083652,77.99199766,26.8820156,15.75205745,1.087119707,1.617740501,0.851769577,Android,Edge,13-15,male,low
14,37.94272684,73.79356966,28.25057325,25.44657641,1.230548386,1.392944439,2.174815855,iOS,Edge,16-18,female,low
8,32.35008553,94.5439148,36.46410702,26.39620051,2.096586391,1.076335642,2.138315178,Android,In-App,13-15,male,low
12,36.06863272,68.10344495,29.73393782,25.69263643,1.559216242,1.560508734,2.665472288,Desktop,In-App,13-15,female,high
8,38.38916631,45.57745588,22.86586271,22.18351166,1.784860832,1.9216016,1.544480832,Android,Safari,13-15,female,mid
16,27.60326773,62.74178231,32.1744317,23.90975013,1.819988749,1.640347346,1.670752369,Desktop,Chrome,13-15,male,mid
12,46.24071755,58.37764728,25.62847643,31.82829179,3.801232595,1.789981549,0.786161415,Desktop,Chrome,16-18,female,low
14,63.04159391,82.87276293,32.29787744,34.31779163,3.863135801,1.21096929,1.759822519,Desktop,Chrome,19-22,female,low
21,38.42309937,70.97689977,15.03146699,37.9554675,1.895766269,1.158965094,0.618374943,Shared/Other,Firefox,16-18,female,mid
22,52.93316185,72.76807047,27.97515931,26.77597103,3.303244275,1.562601492,1.899037356,Android,In-App,16-18,male,mid
7,38.61949631,78.81351581,30.20606388,22.10336594,1.220334073,1.2839174,1.107493982,Android,Chrome,13-15,male,mid
13,52.03482003,48.32370285,34.41629508,20.124384,1.575926518,1.488219359,1.503037069,Android,In-App,16-18,female,high
7,33.65988436,75.41819348,26.51566993,26.74652308,2.618279544,1.860702033,0.744024996,Shared/Other,Safari,13-15,male,mid
20,45.93848583,52.37919703,36.6590429,23.37112064,2.575263536,1.553444832,1.472578385,Shared/Other,Edge,16-18,female,high
15,62.64167439,81.1043982,29.8229628,49.17233845,1.467581103,1.189237603,2.520036873,iOS,Chrome,19-22,female,high
20,32.5907142,81.38184041,31.06363061,35.49992839,3.348965072,1.180775955,2.500395592,Desktop,Edge,16-18,male,low
19,71.84810311,83.17543542,33.30103028,26.19491242,2.228119381,1.395925407,2.885592579,Desktop,Safari,16-18,female,high
17,37.06989584,83.5226985,22.42929091,39.47348446,2.125796413,1.39405952,1.849118232,iOS,In-App,16-18,male,mid
14,64.69707896,80.16055015,34.34754241,40.76930591,3.074159336,1.325835595,2.464004481,Android,Edge,19-22,male,mid
15,34.90178773,76.70061723,23.91864981,26.41963944,2.045595346,1.434338852,1.337957823,Shared/Other,In-App,13-15,male,mid
11,40.30930152,79.96248566,37.41416433,22.89448324,3.348207131,1.746150504,0.626503468,Desktop,Firefox,16-18,female,low
7,29.41042452,55.03029114,28.06022593,24.90646252,3.296593995,1.016346665,1.579632164,Android,Edge,13-15,female,mid
12,49.45116823,71.41612032,35.69902108,29.62679374,2.692653931,1.227686626,2.055494116,Android,Safari,16-18,male,mid
8,63.45117174,80.5093665,23.71342088,25.78671987,2.538789063,1.533140264,1.695267365,Shared/Other,Chrome,16-18,female,mid
12,59.05265139,79.63723058,24.16249588,23.39521854,3.03807637,1.48752757,0.601298814,Android,Chrome,16-18,female,high
21,67.58493683,77.11537445,32.09612824,38.34107317,2.753402254,1.902522539,2.572830074,Android,Edge,19-22,female,mid
14,19.03802734,55.83835619,24.85237742,26.22854969,3.406663957,1.529482882,2.211122621,Desktop,Firefox,13-15,female,mid
13,34.65715002,72.26254838,31.50836631,25.37136845,2.596241712,1.356231509,0.810449387,iOS,In-App,13-15,male,high
13,46.29220735,52.92452434,28.6857975,29.13328035,1.966337788,1.686419894,1.039665994,Android,Edge,16-18,male,low
21,56.43500537,77.35317168,30.28253837,31.79275072,2.786507802,1.724709487,1.613299046,Android,Firefox,16-18,male,low
18,34.39280972,83.949366,32.62862756,25.40159786,1.103481487,1.325759854,2.898322771,Desktop,Safari,13-15,male,mid
7,57.07021798,73.95448611,23.02851125,23.64175224,3.599245389,1.021806793,2.198885298,Shared/Other,Edge,13-15,female,low
16,41.83830401,77.60866175,33.99943645,22.31420269,3.222452974,1.836445896,0.63684909,iOS,Safari,13-15,male,high
19,52.00839739,90.77698099,24.85147438,27.51209987,2.466396226,1.089281076,1.468604043,Desktop,Chrome,16-18,female,low
14,38.61655518,74.85020795,39.91342461,14.97217376,1.57202784,1.55270957,1.518589132,Desktop,In-App,13-15,male,low
12,65.62424781,84.39628847,31.08735031,41.27173919,2.094217088,1.647711335,1.078531555,Desktop,Firefox,19-22,male,mid
17,37.47644517,77.84186778,39.66157988,27.71669798,1.865698838,1.814654451,1.225126781,Desktop,Chrome,13-15,female,low
14,65.97180594,81.49093384,34.60254788,41.12883995,2.582308255,1.514553091,0.718699014,Shared/Other,Chrome,19-22,male,mid
14,51.57647427,98.68334542,34.28024047,21.76028244,2.247366705,1.299991471,0.621333627,Shared/Other,Firefox,16-18,male,low
17,41.90638768,55.52660127,29.55332067,35.59125428,1.30579572,1.062721591,1.372166804,Shared/Other,Firefox,16-18,female,high
15,65.71827589,61.33822791,29.88618414,48.96424722,3.786502896,1.591333913,0.803008193,Desktop,Chrome,19-22,female,high
17,88.55404346,63.33941881,42.01590963,33.08538937,2.980517925,1.794626791,2.378268239,iOS,Chrome,19-22,female,mid
12,46.67727299,67.07172131,29.58661556,25.71214368,1.03821683,1.608802092,0.66366088,iOS,Chrome,16-18,female,low
8,31.90791038,67.21412953,33.22032461,21.46027215,2.023927721,1.966614992,1.985398395,Android,Safari,13-15,male,mid
11,39.41344186,84.24913494,36.38661382,34.48444374,2.711349205,1.997366182,2.951147927,Shared/Other,Firefox,13-15,female,mid
17,32.47352984,81.22769125,34.11678415,31.70134398,2.389688912,1.32393912,2.021826206,Android,Firefox,16-18,male,mid
14,69.96795042,78.59360163,28.4790191,39.69421075,1.760408034,1.63343034,0.913908788,Android,Edge,19-22,male,low
10,54.89234014,68.36840759,22.32739334,33.30308964,1.111955991,1.768756977,2.592748754,Desktop,Safari,16-18,male,high
14,30.85418797,68.52347244,28.34996566,30.71413789,2.469682426,1.378690663,2.237217715,Shared/Other,Safari,13-15,female,low
21,35.14169531,69.16888523,34.68376632,18.42436095,2.759929037,1.914815149,1.301661816,Shared/Other,Firefox,16-18,female,mid
10,73.5404875,71.98578511,27.85140305,23.94030342,3.711174761,1.177236198,2.205573169,Shared/Other,Safari,16-18,female,low
15,41.92816852,94.27386843,30.05907159,32.37315564,1.218498187,1.938710816,1.64688883,iOS,Firefox,13-15,female,mid
10,40.71475772,68.0785295,36.45090319,24.68600718,3.2146504,1.401745205,0.677269806,Android,Chrome,13-15,male,high
21,54.45031441,81.9583338,26.20290909,40.67255606,3.352884114,1.922694984,1.440412776,Android,Safari,16-18,male,high
21,41.63661464,76.64009109,23.43470339,16.93486293,3.114738785,1.678904895,2.030273944,Desktop,In-App,16-18,female,low
20,63.05002683,65.45130918,22.29621096,31.9272199,3.728431325,1.836903445,2.162620281,Shared/Other,Firefox,19-22,male,mid
10,38.57312401,72.60544906,28.63433928,16.05669871,2.895946279,1.615789799,1.876914316,Shared/Other,Safari,13-15,male,low
12,36.84367905,75.19330195,33.48322362,28.36485103,1.338211865,1.627783174,2.332112342,Desktop,Edge,13-15,female,low
9,55.41103971,60.97981504,29.03198802,27.56369924,3.433048331,1.157182472,1.026155543,Desktop,Safari,16-18,male,mid
15,43.48215797,80.55547973,25.5214997,39.51680321,1.082112076,1.696175301,2.90109326,Shared/Other,Chrome,19-22,male,low
19,62.92747632,89.78513879,24.76690446,21.42622437,3.138876447,1.935342281,0.662184095,Desktop,Chrome,16-18,female,mid
15,62.3505302,89.68057133,32.44779571,35.94496633,1.545642094,1.169586001,2.657000085,Shared/Other,Chrome,19-22,female,mid
13,23.49060802,82.00595397,30.61728778,31.23527574,1.969266242,1.365642163,0.613694878,Desktop,Firefox,13-15,female,mid
11,49.64022472,59.96175591,27.26445245,37.78807785,2.202083295,1.138759965,0.788148073,Android,In-App,19-22,male,mid
7,35.33250234,67.19595394,30.5875881,26.14470108,3.399673913,1.925328054,2.686110971,iOS,Firefox,13-15,male,mid
15,27.32275432,92.51825452,26.11468733,43.62931366,2.06019506,1.628669927,2.713206776,Desktop,Chrome,16-18,female,low
9,49.06522512,76.71101402,19.09726589,14.71802716,3.80160112,1.037351635,1.750661269,iOS,In-App,16-18,male,low
18,66.02247634,89.00299069,22.75101196,29.39510311,2.470386584,1.142828279,0.638859058,Shared/Other,Safari,19-22,male,mid
10,31.18037818,59.66499389,27.0320482,24.80607256,2.727250251,1.822182906,2.446630378,Shared/Other,In-App,13-15,female,low
16,65.09680111,74.44764755,20.73486734,39.92291349,1.429895029,1.134846363,1.140781783,iOS,Chrome,19-22,male,low
12,58.57562682,64.29841536,31.33568148,37.73258549,1.778174822,1.546247968,1.093807605,iOS,Edge,16-18,female,mid
21,59.86109091,78.48095292,28.04350055,32.94344718,3.279636112,1.484425471,1.844426944,Shared/Other,Chrome,19-22,male,low
12,58.62111379,67.33854584,34.36726166,21.54676845,1.932375738,1.599944291,1.094323406,Shared/Other,Edge,16-18,female,mid
12,47.71644461,71.25867319,31.94374152,33.24139658,1.477502603,1.657471369,2.675357514,Android,In-App,16-18,male,low
10,52.18568889,75.22809533,26.01316224,41.68165657,3.468232093,1.946799278,0.766705994,Desktop,Firefox,16-18,male,mid
12,57.42945063,67.84487234,29.7771655,23.66939951,2.566145249,1.379956125,0.611650072,iOS,Chrome,16-18,female,high
8,52.919732,70.93698255,30.53617139,30.18780672,3.459751058,1.106037756,1.509241084,Shared/Other,Chrome,16-18,male,high
15,44.95626378,60.49836833,28.99480614,25.13580635,3.596247645,1.417818806,2.375781096,Android,Safari,16-18,female,mid
16,41.18326142,63.14860971,31.07343745,28.2699384,3.208915048,1.037232605,1.148720058,Desktop,Firefox,16-18,female,high
8,30.26944555,81.32458686,32.38800564,30.55344065,3.285439291,1.354004943,2.991816003,iOS,Safari,13-15,female,mid
19,32.06692897,95.39396413,34.70448573,21.82347315,3.804504407,1.256744087,2.028123432,Desktop,Edge,13-15,male,mid
17,32.41581689,64.18234383,39.00736807,29.15263961,3.710043551,1.362755161,0.81252705,Desktop,In-App,13-15,female,low
14,77.46472471,80.23560075,30.65227896,42.01529606,3.453333652,1.868972165,1.854167897,iOS,Edge,19-22,female,mid
16,66.15059239,70.94988929,30.64710838,28.03868244,2.626509731,1.017300123,2.446338428,Desktop,Safari,19-22,male,mid
14,29.40286702,53.97810449,18.58019388,19.17158363,2.137066586,1.929070915,1.123628167,Android,Edge,13-15,male,low
17,73.89145204,72.32996238,34.34515638,30.16464954,3.725572092,1.44136756,2.365931687,Desktop,Chrome,19-22,female,low
16,33.36993237,72.53889486,24.39685817,31.10629734,3.892666834,1.411430576,1.368334414,Desktop,Safari,19-22,male,low
8,39.12383493,94.81601403,38.72104911,25.19630485,1.892540515,1.584506036,1.599105801,Desktop,In-App,13-15,female,low
18,53.19274855,61.88646108,20.69228236,29.70184844,3.502715289,1.476232814,2.96943333,iOS,Safari,13-15,male,low
17,35.66959595,67.80776684,27.17676825,45.34146779,2.385995028,1.035071279,2.479294704,Shared/Other,Chrome,16-18,female,low
17,61.10051924,69.13255239,30.3836643,27.25267136,3.795767307,1.627937493,2.985154958,Desktop,Chrome,16-18,male,low
16,73.92989335,69.10753803,28.20067293,47.07112959,2.676496953,1.176501223,2.025904423,iOS,Firefox,19-22,female,low
17,22.2328366,56.73444241,26.2229185,26.4166086,2.936601973,1.131055743,2.291656045,iOS,Chrome,13-15,female,mid
15,67.37668311,78.84974375,29.33096612,19.65644132,1.726960694,1.471516371,2.845198408,Shared/Other,Safari,19-22,male,high
21,58.48119453,91.82647594,28.28877435,48.50887229,2.503061716,1.604361475,1.256933981,Android,In-App,19-22,male,mid
22,62.09087711,58.51015442,37.35357445,37.66662089,2.20697877,1.732464479,1.403687813,Shared/Other,Chrome,16-18,male,mid
11,60.33436891,85.77042544,38.25951062,19.93824739,2.240850548,1.373304978,1.911460146,Desktop,In-App,16-18,female,mid
13,51.93670018,71.74494132,30.9456821,34.4959478,2.570116442,1.883969129,1.87927321,iOS,Edge,16-18,female,mid
19,79.09146892,71.10694379,30.51403192,45.14205755,1.051881927,1.32036197,0.989459517,Android,Edge,19-22,female,mid
15,41.40409632,65.31225262,38.94849495,18.95066998,2.893042581,1.385855377,1.349196094,Shared/Other,In-App,13-15,male,high
14,38.3101909,75.58788821,20.08917198,17.31852107,2.950425204,1.321983087,0.602748288,Android,Safari,16-18,male,low
14,30.10820791,73.0947481,31.45687228,20.56725585,1.592742833,1.006488084,2.267110894,iOS,Chrome,13-15,female,high
12,36.64869588,81.55982846,28.33342653,28.00032663,3.295508829,1.369702722,0.91775791,Desktop,Chrome,13-15,female,mid
20,49.77138064,75.39933047,28.45264463,32.29478905,1.371281998,1.080041324,2.388747672,Android,Firefox,16-18,male,mid
11,66.44924559,75.76383494,29.47611612,33.60934667,3.475274382,1.033297784,1.396613996,iOS,Firefox,19-22,female,mid
12,43.48047846,64.12432329,22.40116411,29.29980499,3.835352587,1.206070252,1.45557677,Desktop,Chrome,16-18,male,mid
21,52.91138705,92.41383655,44.21296864,38.10712866,3.619477862,1.205538471,0.601933186,Shared/Other,Firefox,19-22,male,high
8,59.37345978,73.19362947,34.12723749,19.29215294,2.157764291,1.70092897,0.524708219,Shared/Other,Edge,16-18,male,low
8,36.42538864,72.04618015,33.32783599,24.49862584,2.956043846,1.708151688,2.446686662,Android,Safari,16-18,female,high
22,41.35103888,74.9910287,33.25636599,38.92672909,2.231490799,1.078018699,2.730925927,iOS,Firefox,16-18,female,high
8,45.92852918,68.81011197,33.94377022,22.74713269,1.90186168,1.66115427,2.238962936,Desktop,Edge,13-15,female,mid
16,43.28676192,66.92708506,28.11974092,26.64251016,1.205338765,1.447500273,0.910054362,Desktop,Firefox,16-18,male,mid
12,55.21619316,79.07255782,27.47665372,48.12923101,2.76433016,1.380758291,1.332252115,Desktop,Firefox,19-22,male,low
16,71.90298419,57.9641784,32.6714269,47.30086783,2.133964349,1.815621771,0.948024624,Desktop,Chrome,19-22,female,mid
18,62.36871894,89.15936315,26.41928557,26.18998195,1.450072538,1.504802033,1.030803712,Desktop,In-App,16-18,female,mid
19,55.63268653,66.84408229,28.25068668,30.70100176,1.888351392,1.886436055,1.255122164,Desktop,Edge,16-18,male,high
8,57.9100871,71.58695485,28.73145132,30.58457385,3.639300814,1.440312976,2.063020804,Desktop,Firefox,16-18,female,low
20,46.7691527,80.10098731,27.13706976,19.06051622,3.507553964,1.545190829,1.88613807,Android,Edge,16-18,female,low
17,61.55491045,92.37904762,25.12450572,33.52567277,2.90112923,1.382641155,2.033215985,Desktop,Edge,16-18,female,high
20,51.41202777,86.9419609,30.45816014,28.12476849,2.582283433,1.324453422,1.809377442,Desktop,Chrome,13-15,female,mid
14,32.25890599,88.40666231,30.71694873,25.9088861,2.882336829,1.000252454,2.407935964,Shared/Other,Safari,13-15,female,mid
10,73.98449286,70.29174605,27.16187593,33.71759592,1.464433722,1.302369034,2.310960171,Desktop,Chrome,16-18,female,high
21,41.74387043,69.91734854,26.26107448,31.50813977,1.13003686,1.364426811,1.449773862,Android,Edge,16-18,female,low
17,64.63744125,68.58965272,26.45881181,39.2011283,2.245136482,1.214846012,2.077276077,Desktop,In-App,16-18,female,mid
18,15.4500695,75.93627861,27.08152549,20.50481363,2.007562948,1.181941402,1.309838915,iOS,Firefox,13-15,female,mid
17,75.46508235,64.4653146,31.43814031,38.33757928,2.944261336,1.863067996,1.232851276,Shared/Other,Chrome,19-22,female,mid
12,34.17455148,85.53121453,27.52751013,27.78329142,2.945271795,1.289958322,2.613337805,iOS,Chrome,13-15,male,mid
8,40.54531292,81.09909123,29.27756079,27.39505821,3.614072024,1.511442834,1.913065953,Shared/Other,Firefox,16-18,female,high
8,25.09885819,82.92137399,31.26106502,28.27783699,3.155080657,1.348546652,1.968458988,Android,Safari,13-15,female,low
11,87.65223895,68.14166791,32.63473128,27.73932474,3.488753414,1.551587661,2.961152395,Desktop,Safari,19-22,female,mid
20,39.01090868,93.22271227,29.64037204,28.70552398,1.949613194,1.782064522,0.938304196,Shared/Other,Firefox,13-15,female,mid
21,44.10663435,73.78681213,22.75686204,31.6395429,2.542725904,1.208281359,2.021425845,iOS,Edge,16-18,male,mid
9,58.36222036,73.52951935,31.32180964,34.46630711,1.697407121,1.297664506,1.603277781,iOS,Edge,16-18,male,mid
13,57.85974099,89.23126915,29.44424775,34.12182366,2.516623449,1.377327774,2.241852501,Shared/Other,In-App,16-18,female,mid
17,55.46186362,76.41989451,36.28439016,25.64424264,2.550575577,1.905084038,2.474831803,Desktop,Chrome,16-18,male,mid
13,44.43534222,68.17135108,23.24683121,33.62047151,3.234778676,1.489353125,0.884566442,Shared/Other,In-App,16-18,male,high
17,84.92826467,76.15152314,23.44131654,38.53159668,3.410702804,1.215453277,1.818433225,iOS,Safari,19-22,female,low
19,68.49462946,79.73334499,29.55449995,47.72541819,2.200932698,1.363802108,2.258962647,iOS,Firefox,19-22,female,mid
8,51.77013862,76.00011874,32.72403421,21.41948407,1.127772862,1.969235997,2.264655152,Shared/Other,In-App,16-18,female,low
7,35.55363203,83.76415366,32.67057234,15.16627877,3.374623019,1.882605624,2.918136556,Shared/Other,Chrome,13-15,male,low
19,45.20883346,87.09788188,20.94791608,25.34351701,1.036562653,1.332075242,0.655609315,Shared/Other,Firefox,13-15,female,mid
17,61.28907311,67.21084049,29.34181066,37.58685096,1.364856959,1.773319543,0.669393207,iOS,Edge,19-22,female,low
21,70.41598839,72.90412234,30.39006537,26.51286158,3.566043006,1.906267397,2.626130683,Android,Safari,19-22,female,mid
23,71.80112457,81.51193107,30.21941519,50.6864222,1.871082738,1.454316152,2.235617406,Android,Safari,19-22,female,mid
13,40.43173118,56.37136414,27.32613872,39.2076197,1.805662319,1.431405704,1.446878621,Android,Firefox,16-18,male,high
21,63.23882844,98.33035562,32.01970208,37.27356192,1.274114322,1.432614933,1.068256018,Desktop,Edge,19-22,female,low
21,55.22272668,75.55396912,32.17524186,49.22011325,1.761899195,1.230090792,2.028382577,Shared/Other,Safari,19-22,female,mid
14,67.88602503,67.19195048,27.55863138,39.92549759,2.347263872,1.355830379,2.205565942,iOS,In-App,16-18,female,mid
18,54.55208248,68.5961177,30.10804848,31.18731765,1.213600295,1.887204314,2.414563867,Desktop,Firefox,16-18,female,low
19,44.61497348,68.63856039,27.46631288,41.42008281,2.026056475,1.164399023,1.210407014,iOS,Safari,16-18,female,low
12,71.06869524,71.5201045,18.73733243,23.77721384,1.559250566,1.120191541,2.675759446,Shared/Other,Chrome,16-18,male,mid
21,69.4508566,74.75169686,32.06320681,46.52645143,1.488247323,1.202084315,2.724003488,Desktop,In-App,19-22,female,mid
19,60.05326026,64.99639738,33.63832247,33.47957359,2.865179846,1.589737613,2.926043698,Desktop,Safari,16-18,female,mid
12,69.32019758,83.24296078,27.93421196,37.71848651,1.590198599,1.160417705,1.032946323,Shared/Other,In-App,19-22,female,low
8,34.58734994,79.25439407,34.8618221,21.14054812,3.873233899,1.336296541,1.03169532,Shared/Other,Firefox,13-15,male,low
16,29.61553475,84.13622392,27.10988796,22.60584309,2.27647424,1.096698386,2.944778906,Desktop,Safari,16-18,male,high
13,47.0507049,72.1279382,20.65968579,36.775969,1.065366849,1.78932301,1.292721968,Android,In-App,16-18,female,mid
18,31.15797413,79.73921425,32.769462,48.34055452,1.065222424,1.239454814,1.857356014,iOS,Firefox,19-22,male,mid
15,71.85361226,76.43589825,25.93437953,33.07325382,2.71230639,1.914188424,1.815457025,Shared/Other,Safari,19-22,male,mid
9,50.14320402,71.22595254,30.26317145,26.46423409,3.970259124,1.557524376,0.587987505,Shared/Other,Chrome,16-18,male,low
16,50.29581223,70.9546826,34.85033894,28.69854848,2.663092122,1.615405677,1.303959851,Android,In-App,16-18,female,low
20,37.79719806,67.2430065,31.39544843,26.00516752,3.713391276,1.568604214,2.450845619,Android,Edge,13-15,male,low
18,37.13036285,77.77038455,20.85409529,22.01506484,3.403642564,1.474755062,2.112764191,Desktop,Safari,13-15,female,mid
11,45.80246718,66.53722941,41.04839987,25.01833422,1.116435943,1.034865906,0.726470005,iOS,Edge,16-18,male,low
19,48.76397219,72.62276627,27.63446293,27.15977515,2.631180204,1.27563537,1.05308837,Android,In-App,13-15,male,mid
17,26.03459546,82.09039768,20.55785265,26.17374189,3.557122292,1.386186944,0.652949702,Desktop,Chrome,13-15,male,high
11,34.30055256,84.65134124,35.33689921,24.0514748,3.875662024,1.596456106,2.09075668,Shared/Other,Edge,13-15,female,high
13,39.94444029,57.32405492,33.24959437,27.43084307,2.136023982,1.714842929,1.416293009,Android,Firefox,16-18,male,mid
10,71.05856344,76.00808831,31.84126081,35.3491081,1.458090431,1.172454086,1.924571201,Desktop,Firefox,16-18,male,mid
15,63.76949362,57.28943198,26.48171811,44.344706,3.285162673,1.832486775,2.938248847,iOS,Edge,19-22,male,mid
8,27.27684572,80.99578628,25.69746337,21.91345488,2.057454183,1.457260805,0.871560326,Android,Safari,13-15,female,low
19,30.87343121,66.93021733,28.8099046,22.77517692,2.571566821,1.514502165,1.670255111,Shared/Other,Safari,13-15,female,high
9,33.72907447,72.4607169,29.60695099,30.26289819,2.611930777,1.923225878,1.990949582,iOS,In-App,13-15,male,mid
14,27.87443132,89.76530037,33.60685839,25.27815062,3.283634545,1.770772688,2.158610984,Desktop,Edge,13-15,female,mid
23,41.85663524,89.9353451,26.89893933,43.65571555,1.76354985,1.698613001,1.728779551,Android,Safari,19-22,male,high
17,35.70256892,69.03503593,26.80576651,14.47957811,2.894733522,1.382457783,1.705237168,Desktop,Edge,13-15,male,mid
14,55.26968031,55.96856794,32.70212001,38.10743204,2.272711736,1.492422689,2.640883372,Desktop,Chrome,16-18,female,mid
20,66.77965837,84.78904552,34.22032613,30.75100106,2.307907798,1.109964828,1.166791215,Shared/Other,Edge,16-18,male,low
9,53.7771176,61.28147549,33.03525876,42.27362639,2.399818798,1.200049233,1.895480588,Android,Edge,16-18,male,mid
18,31.87040653,79.61228261,27.42282568,13.69024848,1.003437852,1.282404329,1.960096645,Desktop,Edge,13-15,male,high
14,72.91805578,72.8547905,34.32936294,38.2171089,2.155375213,1.003548992,2.033565654,Desktop,Safari,16-18,female,mid
9,58.64958206,61.16768203,29.79730682,25.12599742,2.045267943,1.717930525,1.043557428,Desktop,In-App,16-18,female,high
11,42.26025841,81.76940734,24.83971343,30.45122142,2.789129853,1.366122979,1.594564529,Desktop,Chrome,13-15,male,low
10,27.83471403,68.14445429,22.55538872,42.70387943,1.839788865,1.227810291,2.513394175,Android,In-App,16-18,male,mid
19,55.48611527,68.02910741,23.3247384,25.97918271,3.468148641,1.114657497,2.588985076,iOS,Safari,16-18,female,low
14,41.19250872,67.19595722,33.56798744,27.18039333,2.50299051,1.350201925,2.429765609,Shared/Other,Edge,16-18,male,low
12,55.62092262,63.12099621,29.91959944,32.73120535,2.458960682,1.141359131,1.5927228,Shared/Other,Edge,16-18,male,mid
22,73.38078946,92.47721791,23.13371892,51.16979428,2.584699698,1.37888238,1.469541357,Desktop,Chrome,19-22,female,mid
8,27.60513892,78.86033443,33.10806128,26.8429167,1.952497863,1.504578003,0.839360461,Android,Edge,13-15,male,mid
17,40.51876771,74.62991906,25.79475785,22.8961685,2.218516039,1.606177306,1.597119524,Shared/Other,Chrome,13-15,female,mid
11,46.40094463,52.90648515,23.30866214,28.26604961,1.21776893,1.006501147,1.822234916,Desktop,Safari,16-18,male,high
21,43.60187361,75.2916744,41.20492026,28.88034381,2.078729204,1.139309183,0.837085379,Desktop,Firefox,16-18,female,mid
23,62.97293274,75.57506739,35.0736272,38.74717082,1.406950318,1.20249905,1.278151655,iOS,Edge,19-22,female,mid
9,50.0277505,70.979507,33.72593441,37.54986222,2.362228433,1.52614276,2.626266511,Shared/Other,Edge,16-18,female,mid
13,37.88364542,82.46373242,29.8234157,31.40426802,1.721646545,1.274024694,2.801844839,iOS,Chrome,13-15,male,low
16,41.0137757,61.27209159,33.75960655,33.73355296,1.837901168,1.610194832,1.517337437,Desktop,In-App,16-18,female,mid
10,33.40836155,71.18416451,32.05129534,25.43950005,2.664526571,1.722233256,2.75994043,Android,Safari,13-15,male,low
13,81.96348747,78.00547448,18.81786898,53.2116656,3.337285767,1.562078138,2.983708804,Android,Safari,19-22,male,mid
9,38.39966412,51.89543261,32.84382398,19.82658875,2.352028763,1.012976671,2.426313198,Android,Safari,16-18,male,low
23,74.08070888,77.37209201,27.87319265,44.3055433,2.806148631,1.661476769,2.747027733,Desktop,Chrome,19-22,female,mid
12,53.86742849,74.01586745,25.98975377,41.92798793,1.29279262,1.727902383,2.922351776,Desktop,Safari,19-22,female,high
11,38.45363051,81.05348683,27.89299948,23.83575478,2.492914636,1.594930237,2.601501556,Shared/Other,Safari,16-18,female,low
15,47.2636726,75.2002734,24.65987812,32.01910258,1.056190876,1.391601881,0.687107054,Desktop,Edge,16-18,female,high
17,49.62065304,66.40561813,37.08417041,42.17653218,2.269718324,1.563892113,2.876704842,Shared/Other,Safari,16-18,male,mid
15,34.92642269,82.74936107,40.09599626,26.4221187,2.902264173,1.873999426,2.365765424,iOS,In-App,13-15,female,mid
17,46.58601347,78.47986908,23.17229072,29.79140017,1.446948275,1.262527571,1.403348549,iOS,Edge,16-18,male,mid
12,42.86163238,70.83854783,32.26780015,20.19295843,3.128208309,1.061406583,2.797336858,Shared/Other,Safari,13-15,male,high
15,32.87757868,75.17917738,24.58582969,26.46920823,2.587489303,1.514446428,1.923729596,Android,Safari,13-15,male,high
23,86.36766319,71.8443871,32.05036899,58.29562596,2.45722407,1.960741822,1.684004504,Android,In-App,19-22,male,mid
8,51.01951679,84.95954928,33.68113723,31.61466144,1.845874981,1.287888929,2.765048639,Desktop,Edge,16-18,female,high
15,45.23480865,71.84721813,31.15759386,44.60495201,2.143212029,1.77456025,1.543353683,Shared/Other,Firefox,16-18,female,high
23,72.60897124,49.62327818,24.20800487,44.07397178,1.884887248,1.773825797,2.701652196,Shared/Other,Safari,19-22,female,low
19,26.49244804,76.33633193,24.26254792,24.07298012,2.843300965,1.480173442,1.997416591,Desktop,Safari,13-15,female,low
11,44.7796571,80.0906805,35.95008285,43.4349691,3.363910802,1.696782274,0.982807101,Desktop,Chrome,16-18,male,mid
21,53.56667413,66.12037063,35.13941946,49.29369035,2.724109612,1.415559994,0.794409981,Android,Firefox,19-22,female,high
22,70.19463794,78.24997725,31.57204398,29.64402025,2.699199084,1.780073936,1.730987814,Shared/Other,Firefox,19-22,male,mid
7,24.22731598,82.9847701,32.59744437,27.87620943,1.039400121,1.35446162,2.357041726,Shared/Other,Firefox,13-15,male,low
15,42.1713349,72.2917253,31.46458691,23.27687132,1.667661129,1.487411178,2.630821691,iOS,In-App,16-18,male,mid
20,68.67688124,85.83548523,26.39151773,28.14479487,3.914431211,1.943427366,1.164956348,iOS,Safari,19-22,male,low
23,52.58130778,57.81519974,25.33070316,49.93689676,1.084552157,1.449895856,2.128428881,Android,Chrome,19-22,male,mid
10,53.3176903,73.6364764,32.29540029,38.24843546,2.128545371,1.743278259,1.640721496,Android,Safari,19-22,female,low
22,47.43435304,52.85083296,34.64818336,42.89872197,2.718979835,1.996825437,2.647545386,Shared/Other,Firefox,19-22,male,mid
11,54.82050728,88.72963014,29.30051622,34.68706401,3.768474894,1.236915119,1.849011838,iOS,Chrome,16-18,male,mid
20,44.81169819,80.6755741,25.36154069,24.16502084,3.660958881,1.575938167,2.099240946,iOS,In-App,16-18,female,mid
10,46.07611959,58.27840486,26.76562049,29.75115758,3.422534789,1.481462918,2.137120156,Desktop,Safari,16-18,male,mid
19,56.93697955,60.82140809,33.39275277,35.07099723,2.593457698,1.94180336,1.931543113,Desktop,In-App,16-18,female,mid
23,63.17000386,64.62019594,21.72475632,34.33329407,3.729128996,1.956007925,0.800951162,Android,In-App,19-22,male,mid
20,56.95772107,80.76920411,28.25786025,57.53552327,1.164873624,1.940956621,1.901867695,Android,Firefox,19-22,male,low
20,48.74919468,77.20990248,28.73473959,26.21989963,2.141989013,1.527572193,0.573294022,Desktop,Chrome,16-18,male,mid
8,45.1103444,88.90763172,22.44657648,32.05184214,2.72632278,1.394241988,1.266684929,Android,Chrome,16-18,female,mid
13,79.76465376,83.59390498,28.52996119,43.97482176,3.265709594,1.323246784,2.84545788,iOS,Firefox,19-22,female,low
13,41.53896663,66.8676796,29.69797631,30.82384011,1.785551594,1.95332216,0.776841561,iOS,Firefox,19-22,male,low
13,28.91996978,61.71648208,30.82807563,14.43147805,2.316211623,1.799560316,1.654798234,Shared/Other,Firefox,13-15,female,low
20,31.83867004,68.90348174,28.66852643,27.6651609,2.181883826,1.59778431,1.41882987,Desktop,Safari,19-22,female,low
11,56.67577533,77.72429684,42.79781125,34.13173696,1.013059574,1.55523823,2.831995142,Android,Safari,19-22,female,mid
21,55.19910072,100,32.12457623,22.86248265,1.072201115,1.253620169,1.276741645,Desktop,Chrome,16-18,female,high
16,33.12997264,75.74151896,30.88743208,23.12961371,3.660801789,1.453024014,2.429101843,iOS,Firefox,13-15,male,high
21,52.46975385,74.79905603,27.28366328,48.47928753,3.5791808,1.492367728,1.880808422,Shared/Other,Chrome,19-22,female,mid
13,62.01606851,78.33945048,28.10046017,33.81207897,3.469629827,1.708705201,0.828155528,Shared/Other,In-App,19-22,female,mid
10,55.1812162,69.19741826,26.82011612,38.8807275,3.762139371,1.715819573,2.342767451,Android,Firefox,19-22,male,mid
18,84.63781023,59.15672422,37.12141707,33.70344102,1.169543873,1.677673775,1.320504376,Shared/Other,Chrome,19-22,female,high
22,48.39369177,87.36420782,27.75484549,34.03227524,3.94300705,1.387822011,2.612746636,Shared/Other,Chrome,19-22,male,high
22,51.43286672,84.42329224,30.4297583,24.70253743,3.431747301,1.322471113,1.764511558,Android,Firefox,16-18,female,low
17,34.34869802,83.09846061,29.25785299,29.28414005,3.17257734,1.815615915,2.679784972,iOS,In-App,13-15,female,low
11,71.68964634,87.14877918,32.16909067,30.49209081,2.757677037,1.788035046,2.327769902,iOS,Chrome,19-22,male,mid
12,42.28552841,72.12362539,29.37167307,27.69184485,2.120853317,1.7214656,1.317396051,iOS,Firefox,16-18,male,low
11,27.31227169,92.06462456,27.29409423,21.92260415,1.039366377,1.315785383,2.449606453,iOS,In-App,13-15,female,mid
13,57.61623342,74.03970303,31.83344438,58.57850151,2.769525736,1.141357375,0.666141315,Desktop,Edge,19-22,female,high
14,55.13404368,62.30076913,35.98066859,33.88293453,3.631476125,1.107578703,0.594955552,Android,Firefox,16-18,male,mid
7,46.60272207,97.25210664,27.44283715,19.38924719,2.292926574,1.138453854,2.926388216,iOS,Edge,13-15,female,low
19,26.01339055,91.6304226,32.6986184,22.34995919,2.651009493,1.786130422,1.206639132,iOS,Edge,13-15,female,mid
12,43.2032538,77.48735074,24.48476776,17.15263773,2.151180278,1.093585341,1.499666158,Desktop,Firefox,13-15,female,mid
13,38.02482136,63.97514296,34.4376496,25.42585928,1.199225932,1.01435131,2.702524173,iOS,Edge,16-18,male,mid
17,71.96800784,64.89913541,30.80592461,47.47436341,1.634845982,1.172188528,0.668071589,Android,Firefox,19-22,male,mid
16,45.59674315,79.67594434,38.56196309,24.34215322,3.97951325,1.425102801,0.939858193,Android,In-App,16-18,male,high
14,67.95617544,75.49298276,23.50796421,32.91813839,3.318644161,1.219079336,0.652429299,Desktop,Chrome,19-22,female,mid
9,43.06321357,76.64956875,35.6604844,30.12084715,1.140331451,1.974272241,2.571624775,Shared/Other,Chrome,16-18,female,low
17,59.23906751,79.46374245,26.79884752,30.16326868,2.908409591,1.187528048,0.92683019,iOS,Safari,16-18,male,low
14,48.38991834,70.33382989,20.93356026,42.34439925,1.97380961,1.109266111,1.542471508,Shared/Other,Chrome,16-18,female,mid
11,31.18416489,66.73698483,26.36954921,21.91731536,1.599712437,1.737124073,2.718773153,Shared/Other,Edge,13-15,female,high
12,41.31738454,55.2113184,23.97455417,14.443529,3.879954725,1.768089905,1.020218037,Desktop,Safari,13-15,female,mid
18,55.83404916,84.5994505,26.78049177,34.73272547,3.018946922,1.436208764,1.140634035,Desktop,In-App,16-18,male,mid
20,54.6839242,67.09376009,28.58843979,31.06987941,1.968513333,1.168944091,2.854237079,Android,Safari,16-18,female,mid
18,27.49251724,78.19120842,35.93525575,26.74639417,2.987114873,1.648825877,0.64599056,Android,Firefox,13-15,female,low
12,46.81583146,55.21983529,29.96230229,30.11225664,3.764580569,1.536577018,2.240433787,Shared/Other,Edge,16-18,female,mid
14,40.29359945,78.26381008,36.8051868,33.98215667,3.95829554,1.589443221,0.638447835,Shared/Other,Firefox,13-15,male,low
18,52.76632404,80.66057459,27.58258046,37.47820876,3.12657134,1.962786509,1.928154571,iOS,In-App,16-18,male,mid
17,65.17231025,77.64291945,27.63416968,18.58332751,2.010786018,1.794929517,0.90922571,Shared/Other,Chrome,16-18,male,mid
9,49.27780162,71.15033471,37.1782236,24.04639335,1.461588908,1.976415624,1.105099982,Android,Edge,16-18,male,low
12,33.23549972,75.78292432,28.14921876,18.21727474,3.390252152,1.751546307,0.698673758,Desktop,Firefox,13-15,male,mid
22,61.02348691,71.67329201,25.18662153,49.97819214,3.431229798,1.568355046,0.771621948,Android,Safari,19-22,female,mid
8,19.96426429,88.63630408,22.78680747,16.01504176,2.405848061,1.46818098,2.25686093,Android,Firefox,13-15,female,mid
20,44.03670984,72.44793866,37.55836707,36.47830843,3.64680855,1.147911136,1.77086774,Desktop,Safari,16-18,male,mid
13,52.54645432,81.18699214,32.10014486,54.76743671,1.644156183,1.404832196,2.953886094,iOS,In-App,19-22,male,high
11,49.45874694,70.60317991,35.67518429,39.97518483,3.151897455,1.395288461,1.081483997,Android,Chrome,16-18,female,low
12,69.27696853,68.34892629,27.08219726,43.92043251,2.556986369,1.672511369,0.610830627,iOS,Chrome,19-22,female,mid
18,37.57803405,85.28698716,25.39141082,30.28572996,3.339747337,1.9631577,1.746268666,Shared/Other,Chrome,16-18,female,mid
22,61.24799977,69.01648259,26.37273617,28.61900092,3.19203211,1.088935245,1.376486681,Android,Chrome,16-18,male,mid
10,53.49989265,72.10078847,25.60080347,28.45369678,1.416524928,1.881212732,2.374052889,Shared/Other,In-App,16-18,female,low
20,41.49652902,100,30.31118696,27.20800522,2.891303587,1.716222825,2.140583581,Desktop,Safari,16-18,male,mid
14,21.06212492,86.82759019,34.01640018,24.25606825,1.566785666,1.157590322,1.091209965,Shared/Other,In-App,13-15,male,mid
14,52.15094748,83.80880532,21.15892506,49.66092855,3.110389493,1.387364837,1.745367893,Shared/Other,Chrome,19-22,female,mid
21,47.48205442,59.81578014,38.25957168,27.18466562,3.322666573,1.605908943,1.736288642,Desktop,Safari,13-15,female,mid
16,49.7909563,72.87310266,28.56148556,25.73029662,3.926729903,1.726465554,2.787612815,Android,Safari,16-18,female,mid
17,71.29481628,78.5948594,32.07689811,31.68228783,2.464250432,1.381438298,2.578440709,Shared/Other,Safari,16-18,female,mid
12,26.3930726,85.11479714,34.60068899,31.28258318,1.53117309,1.433695917,2.050844514,Shared/Other,In-App,13-15,male,mid
9,50.8812377,64.4686149,30.39638458,38.54548175,2.620322317,1.611206752,2.994253855,Desktop,Safari,16-18,female,low
10,78.95483087,70.34966898,31.60999565,38.52844695,3.288294433,1.439728638,2.638873726,Android,In-App,19-22,female,mid
15,59.39044369,81.44900626,27.77198437,23.84355033,3.301459306,1.340277462,0.505028161,Desktop,Firefox,16-18,male,high
19,79.53967551,86.59153808,26.47268943,29.67357302,1.795561719,1.891518816,0.678569117,Desktop,Chrome,19-22,female,mid
20,31.50705672,77.49592476,29.26414176,23.14890069,3.778184118,1.79885046,2.954449008,iOS,Firefox,13-15,male,low
20,33.97899057,65.63755591,40.45171824,24.07877011,3.17720953,1.333331733,2.884165143,iOS,In-App,13-15,male,low
15,55.13675216,66.5277895,31.20332343,25.3695848,3.572315675,1.522693137,2.429830281,Android,Firefox,16-18,male,mid
10,72.02096931,83.25224419,32.40950816,31.10838837,2.784491132,1.784461467,2.372762403,Shared/Other,Firefox,19-22,female,mid
22,56.42807989,71.33258727,31.7389474,34.12942063,2.00152489,1.0288484,0.80932022,iOS,Firefox,16-18,male,mid
17,50.82968547,75.92597149,25.5920138,18.04908757,1.266422438,1.470212121,0.81697878,iOS,Safari,13-15,female,high
16,31.09641081,59.51020338,27.56064413,25.79640912,3.454711861,1.985815106,1.140854321,iOS,Firefox,13-15,male,low
20,62.99792399,57.32818029,21.29210787,39.03638714,1.48336869,1.257448988,2.814158941,Shared/Other,Chrome,19-22,female,mid
15,43.18961869,61.18417284,26.20590283,32.68927476,1.199460409,1.519328117,1.282270833,iOS,Firefox,13-15,female,mid
16,75.5487477,70.47430182,26.90829975,30.66179422,3.318806461,1.066376253,0.970142859,Desktop,Chrome,19-22,female,mid
13,42.46349063,73.50033709,24.42289998,20.38861821,2.154638383,1.782734841,0.901535066,Desktop,Edge,13-15,female,mid
13,43.50681995,65.78719361,35.31869283,30.81728372,2.725801883,1.599101356,0.558370402,Shared/Other,Firefox,16-18,male,mid
20,49.37236641,92.50841072,23.83091099,40.88541029,1.99653775,1.836717365,2.291515689,iOS,In-App,16-18,male,mid
18,60.6992662,100,32.01395811,21.05165632,2.113857269,1.66983523,1.57945434,Shared/Other,Edge,19-22,male,high
14,44.25467113,99.35985124,23.32491877,35.01615557,3.999614315,1.64417809,2.235662325,iOS,Firefox,16-18,male,mid
19,49.85618318,90.73913982,32.41671816,31.1614272,2.721657602,1.194236758,1.987020789,Android,Safari,16-18,male,high
18,34.9931552,84.96697844,26.26035165,29.12303646,3.698499651,1.762653089,2.616931454,Desktop,Safari,13-15,male,mid
12,65.00686647,80.39636906,24.19202285,39.55754669,2.933137139,1.160353985,1.096318598,iOS,In-App,19-22,male,low
17,50.52678214,85.55054549,28.32896501,22.18696152,2.909887355,1.141046634,2.124157909,Shared/Other,In-App,16-18,female,mid
13,37.35100969,77.33951999,26.93674989,6.90231415,1.812517495,1.243718646,1.141406675,Shared/Other,Firefox,13-15,female,low
9,28.40633471,89.90296892,24.18552342,32.31467575,2.956332572,1.860350335,0.850670404,Android,Chrome,16-18,male,mid
12,39.73712251,67.52782692,25.76826504,29.73309975,2.160074484,1.802866372,1.466394684,iOS,Safari,13-15,female,low
19,48.58950523,69.64431306,28.91128506,22.92726943,3.657698872,1.174510402,2.075124755,Shared/Other,In-App,13-15,female,low
20,45.3887235,81.84104991,30.67291642,38.68649429,2.037478491,1.677144937,1.011729187,Shared/Other,In-App,19-22,female,low
12,41.14135591,70.98683704,40.83230095,25.49351984,1.149436899,1.741749805,1.408128618,Android,In-App,13-15,female,low
14,73.38592502,84.34835723,24.80059651,34.92657546,3.941833604,1.039359391,1.917469581,Android,Chrome,19-22,female,mid
11,37.14513093,68.86051141,29.64603787,21.52673218,1.564841047,1.066571947,0.971849614,iOS,Edge,13-15,male,low
7,31.6410067,50.41106411,28.50409084,14.6252016,3.866386431,1.438209281,2.303052292,iOS,Firefox,13-15,male,low
10,40.90529159,81.64552414,33.87386695,24.07453585,1.110184567,1.798962525,0.844877526,iOS,In-App,13-15,male,high
18,34.02099014,58.02903857,35.20833367,26.62925319,2.378835015,1.287000179,1.385326591,iOS,Edge,13-15,female,mid
21,44.60855566,69.44874844,19.21481637,23.31926701,1.827949101,1.1800499,1.891514745,iOS,Edge,13-15,female,high
16,40.59180655,67.6785251,18.54951569,25.78052676,1.892991384,1.725366448,2.781097032,iOS,In-App,13-15,male,low
22,46.78885751,84.72128132,35.75992783,46.56508801,2.67700921,1.125942416,0.973088277,iOS,In-App,19-22,female,mid
7,30.23880177,84.42983954,32.42152645,26.64585511,1.552687391,1.61355091,0.630278322,Android,Safari,13-15,female,high
15,42.92611643,68.51658816,29.12434122,22.92337197,3.376317338,1.737269683,2.754970236,iOS,Edge,16-18,female,low
23,58.46433507,87.69813934,30.835583,58.53881616,1.815341504,1.903321105,2.996735633,Android,Firefox,19-22,male,mid
12,79.18688468,82.55343218,32.641268,49.83791752,2.938782834,1.563907221,1.434423137,Desktop,Firefox,19-22,male,mid
23,64.22727461,74.13542579,27.22315872,40.37460477,3.286602319,1.953182597,2.963688498,Desktop,Edge,19-22,female,mid
20,49.52741493,54.49863248,32.10100575,47.34811344,1.99597469,1.89748652,1.632178961,Android,Firefox,19-22,female,low
8,28.93985283,38.64799772,40.46049286,28.54196173,1.524839541,1.73321957,1.404443836,iOS,Edge,13-15,female,mid
19,77.16953034,80.06149256,33.60603656,16.54380069,3.37934313,1.220691033,2.121409255,Desktop,Chrome,16-18,female,mid
22,54.0217319,70.99134665,36.49815643,51.89316404,1.959008414,1.463244145,0.867186282,Desktop,Chrome,19-22,female,mid
20,55.46684064,72.18805988,28.7045797,43.15587565,3.745167189,1.882050517,0.580600925,iOS,Firefox,16-18,female,low
15,44.55918689,60.04419424,19.58910468,20.22112184,2.249603518,1.326565455,1.215848606,Shared/Other,Firefox,16-18,male,mid
22,56.35364461,75.85461213,30.5936046,38.89303349,1.70478479,1.97997129,1.407941252,Desktop,Firefox,16-18,female,mid
10,43.57916649,66.60399713,38.09991432,48.42397701,2.242405429,1.280814031,2.060984491,iOS,Edge,19-22,male,low
18,85.02511521,63.75253469,22.28791898,35.51381147,3.918804438,1.005633278,2.964165058,Desktop,Safari,19-22,female,high
16,55.98985843,67.09400779,30.42840556,37.9445729,1.859189735,1.088092851,2.648821553,Shared/Other,Edge,19-22,male,mid
10,92.08102967,94.69684842,23.33222495,41.60704551,1.022195585,1.348567507,2.018589552,Desktop,In-App,19-22,female,mid
8,48.25637164,67.44296885,25.12325982,24.9206778,3.760154521,1.911050151,0.921576911,iOS,In-App,16-18,female,low
20,72.07389854,87.1488403,25.3764406,45.42755187,3.122963149,1.534786875,2.443432823,Android,In-App,19-22,male,low
18,43.65667358,75.92847819,31.03064984,25.66992112,1.960516872,1.319850493,2.653730949,Desktop,Chrome,13-15,female,mid
21,59.89273839,68.22976715,36.0849102,40.65647375,2.115547908,1.724076422,1.749958829,Android,In-App,19-22,female,high
19,59.57090882,71.00924844,33.08202729,32.32492963,1.517007836,1.018016648,0.734661649,Desktop,In-App,19-22,male,mid
9,60.72816134,44.05710751,27.7638782,20.62712637,1.024356421,1.443257341,1.422574391,iOS,Firefox,13-15,female,high
19,44.08534431,84.00843123,28.35576592,18.24618568,1.511897371,1.219746917,1.373461729,Shared/Other,Chrome,19-22,male,low
11,44.33374572,61.14465802,30.49014791,25.54314055,1.798263208,1.38401503,2.058147439,Android,Firefox,16-18,male,mid
15,46.392955,82.47067319,34.71347834,28.46219068,2.832782868,1.852500244,1.205169061,Android,In-App,16-18,male,mid
16,46.08732285,88.95183709,31.01814575,23.77752634,3.18580144,1.964662681,2.456706901,Desktop,Chrome,16-18,male,mid
10,28.84683776,64.59911513,31.26995711,20.32997249,2.968023127,1.803774051,1.581982311,iOS,Chrome,13-15,female,mid
11,68.12907221,62.67866073,37.36520066,23.42273338,1.995239475,1.931603323,2.678785726,iOS,In-App,16-18,male,mid
13,44.64420518,66.85121454,26.4809378,43.58741388,1.018420488,1.630842781,2.036122356,Android,In-App,19-22,female,high
22,73.43483224,76.44719798,27.25767686,29.7445904,2.555064372,1.761265836,2.431578471,Desktop,Edge,19-22,male,mid
17,35.14202037,65.53514542,29.11616094,21.75739185,2.339001221,1.561535903,0.50083242,Desktop,Safari,13-15,female,mid
16,37.46940235,78.96838808,26.93721028,27.33227986,3.565182189,1.651478767,0.609314239,Shared/Other,Firefox,13-15,male,mid
14,66.04920793,71.85039588,28.23024306,19.89298374,1.984618506,1.891969913,1.420650596,Desktop,Safari,16-18,female,high
15,53.30158789,68.45658129,32.93257579,50.15912117,2.687008982,1.074619056,1.370222581,Shared/Other,Safari,19-22,male,high
20,54.56701482,81.11671061,25.62717501,40.3215862,1.957209265,1.333366638,2.34744149,iOS,Firefox,19-22,female,mid
20,35.8453978,70.90907558,27.60087281,24.97188708,2.404767726,1.779641822,2.848238184,Shared/Other,In-App,13-15,male,low
15,58.49820365,79.92427122,21.81874925,41.46796828,3.840415903,1.299165083,1.263477928,Android,Safari,16-18,male,high
15,63.11061285,83.71993465,26.96461404,27.66078112,1.558301686,1.289759602,0.959869265,Shared/Other,Safari,19-22,male,mid
18,24.17940829,61.37748219,25.79679225,31.50205248,3.941890375,1.870782034,1.291682512,iOS,In-App,16-18,male,mid
10,42.14568714,77.98814225,35.93107867,25.80999584,1.438496061,1.297149319,1.705903541,Desktop,Safari,13-15,male,high
19,43.82466623,86.28613674,27.75435012,24.22122346,2.091605382,1.373329192,2.447952516,Shared/Other,Edge,13-15,female,mid
13,52.80114635,85.02809752,38.42935076,33.46985302,1.608777657,1.4282507,2.239736629,iOS,Safari,19-22,male,mid
7,40.55475916,83.9474755,29.82622063,17.86167495,1.088658373,1.344934936,2.558459294,Shared/Other,Firefox,13-15,female,high
20,65.95948384,63.94294525,34.22521534,39.79072064,2.801672968,1.68486834,1.666534057,iOS,Edge,19-22,male,high
21,61.66986698,55.65956078,33.00112521,32.51223113,1.364266367,1.466256741,0.508459966,Shared/Other,Edge,16-18,male,mid
12,20.94061304,85.42471059,28.72057687,26.55519533,1.986716964,1.964436733,0.931262367,Shared/Other,Edge,13-15,female,low
12,70.11751542,70.37670983,16.60609933,25.07989057,2.782738016,1.251051324,0.907850359,Android,Edge,19-22,male,mid
16,53.01001234,61.12397683,24.26003552,34.01637433,1.274895256,1.585641213,1.964705531,Android,Edge,16-18,female,high
16,31.41110862,71.93005954,32.92362674,23.92587088,1.980171049,1.371541224,1.486381946,Shared/Other,Safari,16-18,male,mid
20,36.16112251,85.56041606,22.45224189,44.43616801,1.278940829,1.621122603,1.188362125,iOS,Firefox,19-22,female,mid
17,40.93207284,75.87750203,23.91708766,31.84058545,2.789022295,1.632341041,2.364185105,Android,Firefox,16-18,male,mid
8,50.59083113,60.36563844,32.816235,29.27549498,3.314140566,1.62689568,0.545273593,Android,In-App,16-18,male,low
17,46.93406925,67.12288817,31.85775383,34.10796077,3.574740095,1.250611986,1.403634146,Android,Chrome,16-18,female,low
18,70.10903035,59.27910731,30.94255774,27.33962445,3.562673918,1.721050252,2.502689801,Desktop,In-App,16-18,female,high
13,48.27144538,75.26341289,30.94239496,18.31570977,3.324030305,1.85903837,2.252455015,Android,Firefox,13-15,male,low
21,28.00255759,70.8074438,28.25621094,17.11795096,1.988114469,1.578988916,2.005906358,Shared/Other,Safari,13-15,male,low
7,41.08113346,95.43042243,33.0381588,30.01828967,2.861028584,1.704984638,0.705954348,Android,Firefox,13-15,male,mid
17,34.09934828,69.33905531,31.52642403,13.53151375,1.48462438,1.501724647,2.812185422,Desktop,Chrome,13-15,male,low
18,51.33649804,68.79735703,31.46873676,27.36484527,1.34630092,1.744680726,1.17633711,Android,In-App,16-18,female,low
10,38.51906476,73.62214139,25.8219938,21.7354196,1.962595135,1.706560814,2.675604146,Shared/Other,Firefox,13-15,female,mid
22,62.2291991,63.61217063,26.73051453,35.77690474,3.614356194,1.902133868,1.347427093,Android,Chrome,19-22,male,low
16,55.48138381,87.09418301,28.15488859,30.79094704,3.744256674,1.174067384,2.73123115,Desktop,Safari,16-18,male,mid
12,29.63131577,78.56233123,30.28083628,26.56352428,3.46885096,1.435839639,1.841552257,Shared/Other,In-App,13-15,female,high
7,40.0023161,77.74625975,24.8818863,25.15141818,3.396857537,1.595548896,1.778659811,Android,Firefox,13-15,male,mid
12,56.16025709,75.51111503,32.30569192,32.02768868,1.804814032,1.132586096,2.800458508,iOS,Firefox,16-18,male,mid
11,47.14305065,73.78512895,25.69998762,21.55704702,3.669880365,1.467540262,2.624282611,Shared/Other,Safari,16-18,female,high
19,43.34908052,84.90909277,32.96165947,35.1225054,1.574335875,1.846799601,0.644631227,Android,Chrome,16-18,male,high
10,39.33225997,70.51487755,32.64055761,21.14172703,1.316348303,1.515084943,2.430439211,iOS,Firefox,13-15,male,mid
10,39.19788197,63.69388076,23.5524164,41.32016699,3.698755649,1.741812909,2.93045742,iOS,Chrome,16-18,male,mid
9,44.54084964,74.97538803,24.94668171,19.0183005,1.080441393,1.149916628,1.083581573,Shared/Other,Safari,13-15,male,mid
21,40.58927261,67.7984795,30.02707725,34.92697215,1.834461751,1.999482704,0.748839153,Shared/Other,Chrome,16-18,female,low
16,61.05874371,57.02856332,38.73529572,46.57638279,3.232241332,1.965824424,1.073015528,Android,In-App,19-22,male,mid
17,83.80044466,87.62276445,25.22697116,44.67302701,2.713955307,1.107511413,1.90336112,Desktop,Safari,19-22,male,mid
22,57.58116291,91.79728476,26.27608575,33.48543314,2.521641045,1.241223125,2.49037627,Desktop,Safari,19-22,male,low
16,50.02945984,70.32465516,30.58561258,24.98012164,2.944243224,1.117703062,2.866007063,Android,In-App,13-15,female,low
10,55.10661099,79.77331456,35.15658031,24.43300075,2.375241495,1.932956042,2.576866387,Desktop,Edge,13-15,female,mid
11,47.82031615,83.28361958,29.08087144,25.48764508,1.400165168,1.891584311,1.480315007,Desktop,In-App,16-18,male,mid
13,44.33852455,67.79611641,27.222998,22.65741257,3.322900353,1.321684047,2.511739463,Android,Chrome,16-18,female,mid
22,57.15871503,62.11860102,33.50711251,31.19289988,2.160346893,1.973276545,2.655455132,Shared/Other,Firefox,16-18,female,mid
15,70.88114003,76.52062659,31.93943859,42.53183537,3.348712431,1.366810095,1.180635898,iOS,In-App,19-22,female,mid
12,53.38812286,75.98414526,34.48299872,36.96739222,2.309157625,1.415496446,2.72040208,Android,Safari,19-22,female,mid
14,68.0808047,76.32684619,27.24774064,37.18661694,2.92617144,1.665262924,1.429701261,Desktop,Safari,19-22,female,mid
10,47.18536825,80.85495793,40.86340462,12.85285573,3.247445571,1.235097115,2.695943549,Desktop,Firefox,16-18,female,low
13,43.06234857,66.57516803,27.11552271,22.66226726,2.747851754,1.615014858,0.803958268,Shared/Other,In-App,13-15,male,low
10,85.08171019,75.63237657,26.17240752,28.98040096,3.970978284,1.738041805,1.318363853,Desktop,Safari,19-22,female,low
18,58.90962388,71.81437196,28.26918036,48.34100572,3.009495857,1.407526423,0.890786496,Desktop,In-App,19-22,male,low
21,31.85724887,82.98956843,32.24358206,30.53636486,2.896836302,1.254482754,2.654091558,Shared/Other,In-App,13-15,male,high
14,57.54582397,57.92774005,35.66143687,31.17935032,2.392675499,1.328079218,1.511813279,Shared/Other,In-App,16-18,female,mid
17,54.78662256,68.93938965,41.9104594,27.7777428,1.834703868,1.4039565,2.515978251,Android,In-App,19-22,male,mid
20,70.873521,83.79307293,30.19654599,49.10186614,1.977854632,1.156672134,2.271830831,Shared/Other,Edge,19-22,male,mid
21,37.00692891,62.58700727,27.13762488,29.11478899,2.61289203,1.833190804,1.308868396,Android,Edge,13-15,female,low
10,73.44192227,75.34862176,30.78217934,49.94410281,2.502338473,1.382219268,2.746681889,Desktop,In-App,19-22,male,mid
21,48.38995003,78.29261418,32.71935329,32.33155901,3.003645816,1.471260211,0.504574868,Android,In-App,13-15,female,low
11,60.74229131,66.14264399,28.68591579,41.87243022,3.840301856,1.530219048,1.207319823,Shared/Other,In-App,19-22,female,mid
17,33.98287668,59.33471504,38.05043551,30.7232711,1.572401799,1.451918075,2.851223218,Android,Firefox,13-15,female,mid
12,27.67307591,66.41611886,28.61947276,18.86870123,2.248562983,1.790026762,1.596778872,iOS,In-App,13-15,female,high
19,52.60418607,67.31990765,28.65459346,38.89353767,1.124474472,1.265405888,0.947196847,Desktop,Edge,16-18,male,high
23,56.98006042,65.05193906,29.16951118,55.16264702,2.250521978,1.838851584,2.057677584,Android,In-App,19-22,female,mid
20,33.0057048,72.01386521,25.83104468,17.34916383,2.978864105,1.330127688,2.141895989,iOS,In-App,16-18,female,high
23,60.7218163,71.77255447,33.53448145,30.61558596,2.21801732,1.8084023,1.987792827,iOS,Edge,19-22,female,mid
15,55.01969253,87.20045559,20.26943491,15.76417187,2.439750395,1.381779439,1.270808555,Desktop,Edge,19-22,female,mid
15,56.71504943,68.75678023,31.34874469,34.30458127,1.441607383,1.508821448,2.804739506,Shared/Other,Safari,16-18,male,mid
18,82.22078494,55.52224891,27.68491099,54.60818718,3.644637513,1.65707409,1.238772138,iOS,In-App,19-22,female,mid
13,84.23724324,66.01509513,28.64606752,48.87259495,1.600647991,1.052029847,1.595568736,iOS,Chrome,19-22,female,high
9,59.5972966,64.91668824,29.3557866,26.96231152,2.144559581,1.233493278,0.751328877,Shared/Other,Edge,16-18,male,mid
17,67.94583869,90.64290264,33.35359161,42.63121402,3.882658388,1.404945781,0.563228522,Android,Edge,19-22,female,high
14,48.04656196,69.72555544,27.17500488,24.95582652,1.753018536,1.17895044,2.143032999,Shared/Other,Edge,16-18,male,high
16,55.79498738,75.71155609,31.51036447,28.15053501,1.514093096,1.995780394,1.820808954,Desktop,Firefox,16-18,male,mid
18,43.15818273,58.04280509,38.68436387,27.28335005,1.617845934,1.42367641,2.159724589,Android,Edge,16-18,female,high
8,52.48179555,75.62909731,28.33083963,17.18385965,3.329102385,1.787896313,0.585712839,Desktop,Chrome,16-18,female,mid
18,64.12096375,66.33713791,36.60839267,26.71650567,3.966079402,1.714648903,1.418442217,Desktop,Edge,16-18,female,low
20,32.34177464,60.91096096,24.76407822,26.50694046,3.136326799,1.161640336,0.532563201,Shared/Other,In-App,16-18,female,low
13,64.63305761,66.57296006,38.18722408,60.61245468,2.535179573,1.762393906,0.893438606,Android,Chrome,19-22,female,mid
8,39.71862293,69.20506932,31.2695786,21.65317006,1.535895139,1.404376201,1.73709767,iOS,Edge,13-15,female,mid
12,67.71587045,70.38732923,26.76234262,45.49275026,2.174220499,1.159159032,2.494535166,iOS,Safari,19-22,female,low
13,72.37754848,74.50877277,31.87568036,22.86418675,2.415518392,1.498598032,2.710260057,Android,Edge,19-22,female,high
18,55.66177391,91.28202169,30.10428947,36.76818392,1.866473952,1.264188573,1.257419175,Shared/Other,In-App,16-18,male,mid
22,82.48712283,74.01551734,28.66924301,35.35200342,3.189776824,1.521756438,1.542504677,Android,In-App,19-22,male,high
16,75.38610353,77.76994331,38.51863577,48.24918981,1.648555997,1.310000011,2.916634178,Android,Chrome,19-22,male,mid
8,48.27968638,79.3445509,24.53574616,24.85975998,2.788623888,1.064852985,1.167330495,Desktop,Safari,16-18,male,mid
21,51.38041733,76.81459007,21.13986086,23.21666254,2.527013865,1.316178051,2.575500827,Shared/Other,Edge,13-15,female,low
13,35.47474554,72.77755334,32.19286618,24.34975784,1.464629811,1.35051016,2.480590418,Android,In-App,16-18,female,high
20,49.25398318,70.79754074,22.01670099,26.65723618,2.548947967,1.096719834,2.359406686,Desktop,Firefox,16-18,male,high
10,45.53601501,64.09373002,40.74794879,36.75901491,2.59087946,1.543904967,0.942382423,Desktop,In-App,16-18,male,high
22,54.44436752,66.71859862,26.54219299,13.61113761,3.602306807,1.598869977,2.409207751,Desktop,Firefox,16-18,female,low
8,46.17938513,83.92010707,30.46969173,21.32220895,1.544163961,1.352644922,1.327634196,Desktop,Chrome,16-18,male,high
16,32.08313382,67.80334831,36.49172048,29.51029123,1.706340477,1.931379719,2.553889251,Desktop,Edge,13-15,male,low
11,27.83242397,92.86577124,28.04475137,26.35517126,3.811459019,1.894093774,0.643979572,iOS,Safari,13-15,male,low
11,83.22823487,67.52752308,27.32899591,40.1116801,2.767768219,1.175031146,2.199253801,iOS,Safari,19-22,male,mid
12,17.74932338,61.91746745,30.77829149,28.94623743,3.723599601,1.647595118,1.694707487,iOS,Firefox,13-15,female,high
12,40.43376368,71.77840267,30.95288645,27.51025857,3.222867745,1.675400221,1.204310684,Shared/Other,Edge,16-18,male,mid
12,72.85596755,58.85953875,35.53484434,23.93142054,1.98827706,1.687208186,2.62525957,iOS,In-App,19-22,female,mid
20,62.0954232,76.75978089,22.46677939,40.44578397,1.67290788,1.259675456,2.027379424,Desktop,Firefox,16-18,female,mid
10,29.79475223,72.89292152,32.74511317,53.35453062,3.281628954,1.951002012,2.114951695,iOS,Edge,19-22,male,high
21,35.25692364,67.68943109,25.33828684,30.43803493,2.2826827,1.125129216,2.783428243,Android,Safari,13-15,female,high
21,35.38315046,75.08537615,38.04770829,27.13535008,3.646347062,1.040240422,2.805487097,Android,Firefox,16-18,female,low
19,41.90239458,84.29970994,32.80262425,24.36218831,3.662391771,1.549128181,2.866273853,Android,Chrome,16-18,female,high
14,37.17655919,65.35342411,29.17458669,29.43785801,3.129211578,1.992737304,2.341901487,Shared/Other,Safari,13-15,female,low
9,54.54035096,66.59603661,28.78041642,42.01792151,2.390806539,1.648048373,0.53028279,Shared/Other,Safari,16-18,female,mid
16,54.24031368,93.16420571,35.71379349,31.11412557,3.151848916,1.019032254,0.762713988,Desktop,Edge,16-18,male,mid
11,39.61764522,76.00313521,37.80760653,28.60243054,2.167993201,1.592863209,1.789505254,Shared/Other,In-App,13-15,female,low
9,37.66378481,78.10153826,30.68213459,35.72877644,1.949652398,1.333774792,2.636811485,Shared/Other,Edge,16-18,female,high
16,79.99875803,69.66436651,32.14855839,30.55412309,1.284497841,1.876901468,0.577800364,Android,Safari,19-22,female,mid
13,54.76820232,78.07843833,29.11703153,41.80584998,3.416580587,1.141078922,2.42331126,Android,Edge,16-18,male,mid
8,38.2418902,85.33386155,21.31103238,28.94591516,3.568780506,1.375375165,2.274338195,Shared/Other,Edge,16-18,male,mid
18,43.45315359,63.02833407,38.36494851,16.82527512,3.476657138,1.071933151,0.991035217,iOS,Firefox,13-15,male,high
13,48.36367004,59.74894359,30.66583245,33.19804279,3.538684969,1.818238028,1.490179635,Android,Firefox,16-18,male,mid
8,29.70408775,60.54389799,30.2021447,30.83400065,3.289569612,1.241370638,2.26742045,iOS,Firefox,13-15,female,low
16,57.76899424,77.9482346,25.40272662,53.79750064,2.858951351,1.869730335,1.931635264,Desktop,Edge,19-22,female,high
13,43.63876115,79.22545649,29.5668175,37.6198038,1.832162506,1.710286339,2.068585376,iOS,In-App,19-22,male,mid
15,40.98396319,81.39751454,23.41604721,18.85610325,3.391534175,1.93923601,2.010026323,Android,Safari,13-15,male,low
22,66.88108095,64.58994782,32.91716785,48.48666547,1.600145899,1.469580703,2.77893285,Desktop,Firefox,19-22,male,low
21,53.01687023,92.30116769,21.60127337,11.9418113,1.198136612,1.135094557,2.159122474,Shared/Other,Chrome,16-18,female,low
17,33.00505729,65.08594153,31.61126849,19.34999812,1.111841911,1.798479834,2.289615611,iOS,Firefox,13-15,female,mid
18,42.05825572,94.83272656,25.99804448,26.13049257,3.105327311,1.176087758,2.930458188,Shared/Other,Edge,16-18,male,low
9,50.14761858,92.57489934,27.96217292,31.84442293,1.152853257,1.497706251,1.331178067,Desktop,In-App,13-15,female,low
8,39.50490822,76.61988344,28.59314732,30.12348202,1.409061385,1.622451874,1.311672195,iOS,Edge,13-15,male,low
11,35.85235741,64.78732473,21.14363892,28.17481437,3.796054454,1.301620737,2.668960882,Shared/Other,In-App,13-15,female,high
11,79.83502095,77.47803348,33.69008875,40.68287249,2.316126704,1.982189903,2.655035267,Shared/Other,In-App,19-22,female,mid
11,52.78574026,68.42920562,30.4722091,28.37556118,2.991960586,1.240741138,0.797566445,Android,Safari,16-18,female,mid
18,64.75202838,74.2416328,28.04939655,26.58031603,2.748156106,1.70600241,2.524862523,iOS,Firefox,16-18,male,low
15,46.10405629,82.52603524,27.0047291,35.12359899,1.085413678,1.69024343,1.985682026,Android,In-App,16-18,female,high
9,50.64513928,66.64060224,21.94915101,30.54030558,3.505740847,1.390394373,0.528173615,Desktop,Firefox,16-18,male,mid
17,45.35949374,71.68289095,33.93118752,26.70756604,2.72851536,1.594719496,1.787469701,iOS,Chrome,16-18,female,high
17,56.20459802,75.78092327,41.20419637,28.72038214,1.426066132,1.751753358,1.954464588,Shared/Other,Edge,16-18,female,low
8,67.52211157,84.05570396,29.75041794,37.30095537,1.006758948,1.266638653,2.499647753,Desktop,Safari,16-18,female,low
19,52.12219128,64.04763579,23.68297944,32.51179973,1.496713377,1.336225973,1.964710325,Desktop,Firefox,16-18,male,high
15,63.61538203,71.64699159,30.60589013,30.1134462,3.359330212,1.912714086,1.717107915,iOS,Firefox,16-18,male,mid
23,64.97387612,70.94949047,26.00763602,25.45519641,2.075910604,1.96522766,2.244899278,Desktop,In-App,19-22,female,mid
19,48.09891939,75.13988116,40.60657965,35.00037503,2.976852541,1.686075964,0.555807182,iOS,Firefox,19-22,female,mid
21,59.84296445,61.4968219,31.26629311,20.26699696,3.044337628,1.937653786,1.029666349,Shared/Other,In-App,16-18,female,mid
9,30.78986861,54.75365446,31.00796147,34.59143398,3.662766136,1.670162578,2.995885878,iOS,Chrome,16-18,female,low
9,43.47918127,95.34749158,34.10782062,23.78383241,1.634239047,1.745220127,2.115658443,Shared/Other,Safari,13-15,male,low
19,48.3228705,80.67580451,21.67491684,35.47644256,1.039220859,1.475218342,0.715034089,Android,Safari,13-15,male,mid
13,23.74712798,77.472034,38.84648873,30.01499258,3.191774299,1.094324097,1.82163958,Android,In-App,13-15,female,high
12,62.69236179,79.28168034,22.37079358,45.44612504,3.408398295,1.759411447,2.316872831,Android,Chrome,19-22,female,high
19,31.73404087,99.48812306,28.29639614,22.4031656,1.480614263,1.77855546,1.248341143,iOS,In-App,13-15,female,low
21,49.54240031,82.6457904,30.88204708,37.31209923,2.756344874,1.712565078,1.540201193,Shared/Other,Edge,16-18,female,mid
15,66.65427755,80.74827884,28.58268977,41.86666119,1.271458876,1.869824009,1.441763006,Android,Safari,19-22,female,low
22,69.14103423,81.44048216,28.28738631,30.68008875,2.492860196,1.850150498,1.117661102,Android,In-App,19-22,female,low
9,52.96295366,75.73045817,29.89949179,30.66316933,3.584584391,1.045091972,1.933624966,Shared/Other,Chrome,16-18,male,mid
15,30.68218561,85.86134777,34.01251062,25.71202433,1.967518567,1.729252269,1.082136879,Shared/Other,Firefox,13-15,female,low
22,55.10708583,69.76314467,33.65836163,33.62217214,3.654163818,1.691479182,2.165458332,iOS,In-App,19-22,male,low
11,45.48044972,76.72145409,32.59791414,16.66215512,1.302747951,1.971716739,0.867750026,Shared/Other,Safari,13-15,male,high
19,45.5322257,69.484726,30.26469734,38.88740454,2.393428437,1.817449514,2.315506969,Desktop,Edge,16-18,female,low
17,61.12674448,94.58131615,32.44905627,47.58337354,2.681794212,1.355428531,1.922151993,iOS,Safari,19-22,female,high
16,32.20918402,72.11521797,23.801449,30.1628086,1.344568208,1.138621063,2.04359095,Shared/Other,Chrome,13-15,male,low
22,43.65137623,81.99912685,33.62164457,46.45596418,3.993601075,1.071451087,2.955633212,iOS,Safari,16-18,male,high
15,73.01786144,78.96077528,23.93960352,33.6045424,1.169532823,1.609238356,1.885042548,Shared/Other,Edge,19-22,female,mid
19,60.92214598,82.74723945,30.56805619,41.82134871,3.236290801,1.390414985,1.342581566,Desktop,In-App,19-22,female,high
12,53.60068723,70.78223136,29.32677954,33.30590184,1.047221833,1.477006126,0.738849114,Android,Safari,19-22,female,low
20,55.01159179,83.7184457,30.24648713,36.66825478,3.534485875,1.731324177,2.335189789,Shared/Other,Firefox,16-18,male,low
21,23.58100026,74.3891455,30.781993,27.64272547,2.17394213,1.153680824,2.039590265,Android,Firefox,13-15,male,low
14,31.76580572,74.77666182,25.63117954,38.47600677,1.029769621,1.968737489,2.378909079,Shared/Other,Firefox,16-18,female,mid
21,51.63951481,76.26262731,36.09410426,32.87322155,3.123577601,1.217504067,2.279961615,Shared/Other,Edge,16-18,female,low
19,37.10370531,83.81696427,32.83135354,16.43372739,2.982493896,1.012936892,0.950342568,Shared/Other,Chrome,13-15,male,low
12,38.25965037,70.00575854,35.17578841,24.03739884,2.278614317,1.259191021,2.417786403,Shared/Other,Firefox,13-15,female,high
19,55.12809271,87.50788695,26.88586813,37.15974189,3.256773779,1.901254797,1.268137453,Android,In-App,19-22,male,low
22,61.86426722,68.32934717,25.4271754,22.50947137,2.479644531,1.449734501,1.801425267,Desktop,In-App,19-22,male,mid
18,52.79627471,71.33183603,22.44173142,25.44898043,3.926142622,1.766136296,1.289553141,Android,Chrome,13-15,male,mid
16,38.16605826,71.541224,29.6294054,34.83066358,2.323079871,1.902129192,2.641537821,Android,Edge,16-18,male,mid
15,33.30708631,90.82880045,31.87591156,15.6708556,1.587129443,1.367910938,0.541540567,Android,In-App,13-15,female,mid
11,39.62868247,75.41040119,39.75254745,13.0818937,2.426658526,1.691558367,0.990580116,Shared/Other,Safari,13-15,female,mid
20,55.83259261,78.56200589,30.07538519,21.35100991,2.569182727,1.182426685,0.555234368,Desktop,In-App,16-18,female,mid
21,53.47345723,93.27156758,31.72047216,28.53509715,2.25661968,1.669204005,0.804030287,Desktop,Chrome,16-18,female,low
12,59.23480357,92.44655062,22.3768434,42.24785529,2.289324503,1.465339227,2.717024664,Shared/Other,Chrome,16-18,male,low
18,31.77865431,66.63415006,37.10318564,22.46485869,2.81874726,1.64678244,1.512481927,Shared/Other,Safari,13-15,male,low
14,44.54273959,59.27032415,29.14582028,28.71836451,3.967449732,1.260506449,1.540653982,Shared/Other,Chrome,16-18,female,high
21,88.59325089,66.96957599,38.2725664,51.46393676,2.169232551,1.488581145,1.542174458,Android,Edge,19-22,male,low
14,47.52344396,76.48581331,29.58987675,37.72164563,2.462399722,1.111057133,1.223944765,Shared/Other,Chrome,16-18,female,low
14,55.11015928,86.61211402,38.04038568,34.27214204,2.546925602,1.926471205,1.80269924,iOS,Safari,19-22,female,mid
12,53.73957863,81.80562843,32.71901612,21.43889877,2.02386875,1.764626891,2.094188394,Android,Chrome,16-18,male,low
8,83.71820814,94.35177502,26.02062957,27.83298602,3.100853296,1.863073999,0.9512678,Desktop,In-App,16-18,female,high
16,44.9275135,43.46009945,32.49461008,29.23175713,1.716037321,1.447325041,2.876067874,Shared/Other,Safari,13-15,female,high
21,35.9970206,69.5278156,38.94895385,28.62926826,3.193871158,1.92746128,2.375085245,Android,In-App,13-15,female,low
11,72.51150726,74.61086255,34.63714885,46.66739435,1.84288316,1.716386558,2.714755944,Desktop,In-App,19-22,female,low
20,41.13960612,60.3191458,37.81236748,29.8433074,2.038091529,1.218059285,1.187516916,iOS,In-App,16-18,male,mid
15,56.64662568,73.77097546,26.70765939,28.60124844,3.006452782,1.593596135,1.197007406,iOS,Safari,16-18,male,low
11,70.12281005,81.56506083,23.43363856,34.1684981,3.420435051,1.966310709,1.636490267,Shared/Other,Chrome,16-18,male,low
19,69.45750865,83.24086581,31.51576914,40.85249976,1.601048092,1.246078605,2.882219032,Shared/Other,Firefox,19-22,male,mid
18,22.47224963,74.46992872,38.36356915,28.90759076,1.906218702,1.582034347,2.866640077,iOS,Firefox,13-15,female,mid
17,69.13912846,61.92991719,17.53354243,26.9917704,2.363630208,1.899950147,0.717735627,Android,Edge,16-18,male,mid
14,71.81242329,81.11768507,38.57544098,40.0008023,1.112457841,1.374477898,1.913606834,Shared/Other,Safari,19-22,male,high
13,59.62320858,68.7242832,34.65789812,24.45093972,1.29043617,1.520255585,1.82198653,Android,Chrome,16-18,female,mid
22,66.40449243,71.25338437,24.52554807,42.43826927,2.755366975,1.725200397,2.088498894,Desktop,Safari,19-22,female,low
7,46.61139459,73.14315504,22.16476714,18.99392178,3.747869786,1.58593723,1.025294216,Android,Safari,13-15,female,mid
16,38.39259548,74.63068752,29.79239638,32.691651,3.761080942,1.456617033,2.305459798,Shared/Other,Firefox,19-22,female,mid
18,56.57093523,71.21015926,34.04889636,30.82690408,2.243492575,1.446334026,2.620686502,Android,Safari,16-18,male,high
20,51.2805624,85.00504177,27.31736699,32.22076969,1.482097979,1.473664757,2.803957835,Desktop,Safari,19-22,female,mid
19,42.86682584,78.36889111,32.00551184,23.87501036,1.705183015,1.558795115,1.463126796,Desktop,Firefox,13-15,male,high
19,52.14839009,82.82277479,37.64789726,26.55470223,3.951025019,1.190088792,1.622611816,Desktop,Safari,13-15,male,mid
23,70.10679255,60.74829021,29.09815378,43.94289546,1.071968222,1.559138269,0.902615447,Android,Edge,19-22,female,mid
9,46.40197785,64.96281003,26.67115772,23.78294094,1.518732409,1.640406117,2.798487103,Desktop,In-App,16-18,male,mid
9,66.45106956,88.6993672,32.52495982,35.07526128,2.366208411,1.63007315,2.29137267,Android,Chrome,16-18,male,low
13,39.29459747,63.82070618,32.12508659,33.27317374,1.350299079,1.37012262,1.269118312,Desktop,In-App,13-15,male,high
10,63.92142826,81.17620665,36.11172628,30.67493741,2.022218067,1.047494225,2.663937657,Shared/Other,Edge,16-18,female,high
17,71.71289881,76.13945451,29.67147594,43.58885615,1.19591943,1.793671285,1.589162552,Android,In-App,19-22,male,mid
19,45.2657466,60.44711024,34.35089087,20.61781412,1.195823154,1.081823923,0.814916941,iOS,Safari,16-18,male,mid
21,55.78070598,66.67591526,35.27704857,18.51931665,3.337919954,1.322662366,1.575058968,Shared/Other,Chrome,16-18,male,low
13,72.67475517,60.57545542,36.34640339,56.96176889,3.306728319,1.863304286,1.412052606,Android,Safari,19-22,male,low
10,38.05705021,80.94130641,27.03348554,20.04651245,1.816009168,1.795935838,1.851309647,iOS,Chrome,13-15,male,mid
21,48.64624388,90.3884729,34.55631142,42.79510482,1.322035874,1.048011866,2.462280386,Android,Chrome,16-18,female,mid
18,70.46054113,80.18019256,31.71407788,58.22392833,2.987462188,1.327703349,2.807830798,Android,Safari,19-22,female,high
23,54.69696529,71.44502352,38.51171615,56.95515819,1.935850028,1.855900763,1.91933195,iOS,Edge,19-22,female,high
19,51.98635252,66.37409038,35.85602135,39.94669427,3.103818954,1.646282145,0.945934159,Shared/Other,Firefox,19-22,male,high
18,36.67051275,66.21667201,39.63844028,34.46097122,2.884163593,1.122740946,1.785131138,Desktop,Firefox,16-18,male,mid
21,25.90931021,73.22675026,28.2406855,27.93521212,3.150885104,1.63475692,0.70348522,Android,In-App,13-15,male,mid
20,58.32177391,61.18450941,21.94141467,28.92688459,2.379726766,1.656175631,1.15208904,iOS,Edge,16-18,female,mid
19,31.93102454,82.58958895,22.74763295,26.29000499,1.205780471,1.380661101,1.626811523,iOS,Safari,13-15,male,mid
15,57.81257191,66.87842869,31.05463081,38.00864886,3.651767626,1.543777309,0.600337626,Shared/Other,In-App,16-18,female,mid
12,55.22464117,62.61713065,27.69324009,27.53682478,2.819391056,1.741251171,0.827152666,Android,In-App,16-18,female,high
17,59.20419303,74.73578616,29.86792608,28.5418429,1.610282506,1.286200397,2.537458411,Desktop,Firefox,16-18,male,low
9,58.71335184,89.58883287,30.66449993,38.12003851,1.243583772,1.889738976,1.945766624,iOS,Firefox,16-18,male,low
17,39.96798053,71.50824698,22.92617992,38.71556436,3.973144518,1.574122094,2.234000557,Android,Safari,13-15,female,high
19,41.1904991,82.03795884,28.16068353,37.39630778,2.809162804,1.453125407,1.056432778,Android,Chrome,19-22,female,high
16,54.89933278,62.04944875,22.19615887,49.76666495,3.104510373,1.090373538,0.70229853,Desktop,Chrome,19-22,male,low
17,37.40843558,83.25414118,39.82370501,37.4147441,3.284521929,1.866177922,2.007611423,Android,Firefox,16-18,male,low
12,40.02243721,64.09015505,29.56361281,33.96915283,3.144540326,1.680628916,2.98227048,iOS,Edge,16-18,male,low
14,66.8761844,78.79833455,32.83652813,42.55498344,2.273312812,1.710529173,2.669222193,Android,Firefox,19-22,male,low
22,61.48797665,66.32195989,34.27398958,35.47340883,3.822893843,1.215285225,2.984055537,iOS,Firefox,19-22,male,mid
18,54.77239623,71.65305031,34.16612264,21.60272247,3.357484972,1.223675598,2.430805113,iOS,Firefox,16-18,male,low
7,33.54148239,95.36448583,36.76574421,25.53217708,3.530469267,1.417738176,1.830961783,iOS,In-App,13-15,male,low
21,49.96540419,71.73582374,32.14675357,30.15751524,2.367769821,1.852347801,2.559780319,Android,In-App,16-18,female,mid
11,45.71274555,75.10067009,38.49229351,28.20826781,3.442179023,1.745218477,0.551196153,Android,Edge,19-22,female,mid
20,34.61965249,73.773449,25.90737597,30.99157054,1.706350437,1.984261294,1.855725348,Desktop,In-App,13-15,female,mid
21,32.99371947,89.22595198,32.43447406,34.4775121,1.271109246,1.776873912,1.908087672,iOS,Safari,13-15,male,mid
13,60.59340302,59.80131963,29.72303237,34.87416544,2.52235719,1.039595572,2.761924504,Desktop,Safari,16-18,male,low
13,69.93000569,73.65956788,17.98327227,54.11511789,1.049219286,1.082362132,1.144524107,Shared/Other,Firefox,19-22,female,mid
23,76.84280799,84.31148531,22.77359998,37.26402797,3.07634499,1.398470245,0.570358203,iOS,Firefox,19-22,female,mid
15,54.92337619,73.18313522,32.75749265,22.60887289,2.197826152,1.745964847,0.83520693,Android,Safari,16-18,male,low
20,28.95972803,67.21841284,23.6500811,34.48302034,1.693163859,1.986176887,0.881654674,Shared/Other,In-App,13-15,female,mid
11,29.88099131,70.94263498,32.49707304,26.05403694,3.261478785,1.88135524,0.928774557,Desktop,Firefox,13-15,male,low
12,40.81518312,67.22798096,34.5071039,53.46954219,3.001204655,1.353926195,1.934637082,Android,Firefox,19-22,male,mid
20,63.75220042,80.80437191,34.89748445,49.17510827,2.622794742,1.954385832,2.435359049,iOS,Safari,19-22,male,low
22,48.94820583,84.89401064,34.51785696,26.24487073,3.990732668,1.768855271,1.456434265,iOS,Safari,16-18,female,mid
13,52.61577484,69.79876482,30.39411,19.57273271,3.388641307,1.064324195,2.857935128,Shared/Other,Chrome,16-18,male,low
17,29.78006477,82.9746674,21.53786543,33.81025893,1.117655504,1.715460267,1.823509908,Desktop,Firefox,16-18,female,mid
16,67.91113178,68.20580439,31.45290174,61.75734527,2.992217103,1.611647333,1.683391718,Android,In-App,19-22,female,low
16,35.19708442,78.38594433,30.96827658,19.2353295,3.651532913,1.841960681,2.86447818,iOS,Firefox,13-15,female,low
20,65.42479159,45.04733109,29.85937838,29.95973371,3.283061813,1.707971508,1.321337791,iOS,Edge,16-18,female,low
12,41.18996334,79.91586508,31.07007195,18.30885315,3.352396776,1.727877622,1.535154851,Shared/Other,Firefox,13-15,male,low
20,50.80027088,94.08134244,36.00488765,39.81104697,3.802583326,1.164615894,1.857560573,Shared/Other,Edge,16-18,female,low
18,51.62399202,71.00272018,40.60079854,34.46567508,1.430427112,1.507802885,2.76697351,Shared/Other,Safari,16-18,male,low
13,60.47701569,67.38296753,30.27028745,32.55612443,2.901815081,1.286854434,0.759419915,iOS,In-App,16-18,female,mid
12,56.63562237,58.94273479,29.77902133,42.84839695,1.290198851,1.801400869,1.849553508,Desktop,Safari,19-22,male,low
10,33.87766201,75.40535478,25.03656409,38.58652292,2.676090892,1.090241318,1.211211198,iOS,In-App,16-18,female,mid
15,65.55953724,89.04241891,24.19087851,31.93787404,2.714547763,1.846757931,2.054686402,Shared/Other,Edge,16-18,male,mid
8,55.05239913,76.56591505,39.87493412,23.25055288,3.603768726,1.996834762,2.447612175,Desktop,Firefox,13-15,male,mid
15,40.03258948,85.10961186,26.03269265,35.61031271,1.721121862,1.683978677,1.237482367,iOS,Safari,16-18,female,low
11,56.91356381,58.2418319,41.93748161,25.86746816,3.17540388,1.858054179,1.257395203,Shared/Other,Edge,16-18,female,low
12,41.03726231,91.53635216,27.32624598,24.78745124,3.488380282,1.898885754,0.670335659,Shared/Other,Chrome,16-18,male,high
17,71.15343219,83.12221311,19.80629381,29.65578351,3.601633308,1.418550975,1.496502389,Desktop,Edge,16-18,male,mid
15,44.41796797,58.18185546,33.62619925,35.54747296,2.911940889,1.367387289,2.651975953,Desktop,Safari,16-18,male,mid
15,40.76488439,72.50059337,31.99532594,13.57457753,3.594176709,1.249823213,0.711160412,Android,In-App,13-15,female,mid
11,72.709793,79.57671611,35.82578562,33.04174947,1.572946092,1.404795406,1.84668125,Shared/Other,Chrome,19-22,male,low
13,42.64903233,82.92961605,32.84514769,19.89559149,3.711189929,1.098429869,0.761909644,iOS,Firefox,13-15,female,mid
11,37.95983371,81.52853339,32.40718481,20.97993501,1.831182176,1.21471437,2.787052234,iOS,Chrome,13-15,female,mid
9,36.11788007,70.58976179,31.27849769,11.51260548,1.890090093,1.926621349,1.572808294,Android,Firefox,13-15,female,low
11,58.9448533,71.35316037,32.19881071,44.30670119,3.321976212,1.008291808,0.824521153,Desktop,Firefox,19-22,male,mid
14,41.27819224,92.09078512,32.96428655,29.83708176,3.314956601,1.739012744,0.704731321,Shared/Other,In-App,13-15,male,low
12,56.87176406,81.46151089,25.30105846,35.57736405,3.525815892,1.539843523,1.308307749,Android,In-App,16-18,male,mid
15,41.50204997,67.56639997,27.91710175,35.60790009,2.456409462,1.79897689,2.877954527,Shared/Other,Edge,16-18,female,mid
21,60.72388792,79.17864026,25.70106179,30.65964555,2.173610325,1.399787748,2.412223822,Desktop,Chrome,16-18,male,low
18,65.744913,66.06507749,29.49929845,40.22960391,1.846297486,1.632685967,1.045955326,iOS,Safari,16-18,female,mid
18,59.79817661,73.15385198,31.3437236,41.35121486,1.094566556,1.433408734,2.261079552,Android,Safari,19-22,female,low
20,22.18272594,85.19833812,32.42261511,26.27094289,3.374593213,1.721685599,1.397740959,Shared/Other,Chrome,13-15,female,high
19,51.89290575,97.952112,39.10291953,27.61383371,1.860419311,1.250134104,0.511915326,iOS,Firefox,13-15,female,high
11,30.33088459,72.91378761,32.7411414,23.02756995,1.77210619,1.726086504,2.267002221,Android,Firefox,13-15,female,mid
8,26.6740638,60.64854407,31.91770234,24.73159168,2.210070915,1.975633065,2.01943306,Desktop,Edge,13-15,male,mid
19,57.9115365,81.83667784,29.86997371,33.19739544,2.180412232,1.708042337,0.674838411,iOS,In-App,16-18,male,mid
16,51.53697513,67.48973193,34.47730112,32.77138716,3.222261404,1.778476829,2.57796989,Desktop,Firefox,16-18,male,mid
22,41.15346934,71.38535671,28.10260372,35.33670923,1.232706722,1.61807268,2.621595995,Desktop,Firefox,19-22,female,mid
11,31.08026438,76.75627713,22.18480693,21.32772255,2.030865988,1.114508786,0.632095937,Android,Firefox,13-15,female,mid
20,45.07085689,66.41475907,32.16826332,26.52231262,1.773411751,1.586107118,1.297568171,Shared/Other,Safari,13-15,male,low
11,37.19879391,69.50455409,29.59506045,18.43535378,1.416450047,1.079032676,1.972173476,iOS,Chrome,13-15,male,mid
21,42.91928929,65.33873477,38.72951816,56.62821734,2.511945777,1.967203456,2.154028741,iOS,Chrome,19-22,female,low
16,28.82567193,67.02480971,27.58696468,24.5039975,1.447277262,1.484425195,0.832296239,iOS,Safari,13-15,female,mid
22,66.11359793,75.32108246,35.40219532,32.80957254,1.174730358,1.563388931,2.493802498,Android,Chrome,16-18,male,high
7,43.21135502,77.349902,30.34604125,36.5905113,3.839517986,1.231103025,0.927240871,Desktop,Safari,13-15,female,low
11,40.91590487,86.64710785,31.20115313,31.65351973,3.762065324,1.485823367,2.099220255,iOS,Safari,16-18,female,mid
20,60.10211877,77.23875678,29.83028879,34.51104152,1.459696961,1.476051194,2.117655518,Android,Firefox,16-18,male,mid
11,78.28999088,100,26.4705898,53.05645562,1.839813315,1.542744719,0.92217173,Android,Firefox,19-22,male,low
11,81.08466228,75.72801794,38.55404272,42.50730663,3.907807733,1.955699559,1.531073725,iOS,In-App,19-22,male,high
19,58.90335315,81.5307626,36.02435996,31.15092731,1.596821845,1.397123026,0.678060072,iOS,Edge,16-18,male,mid
13,44.72212668,53.45868406,29.15592081,28.05151279,1.611886952,1.146598414,2.140177792,Desktop,Firefox,16-18,male,mid
14,45.84738125,72.39107731,30.30548818,45.31918674,3.980890426,1.183383833,2.276768405,Android,Safari,19-22,female,low
11,41.95732079,86.53150876,23.29179512,31.15528446,3.976777611,1.646771289,0.777978444,Shared/Other,Chrome,16-18,female,low
11,63.35648462,67.96166742,34.42735291,46.75807976,2.204855722,1.413251003,1.728182295,Shared/Other,Safari,19-22,male,mid
22,50.72199528,82.0594135,37.10197247,39.32687041,3.76471442,1.45691735,2.144180625,Android,Chrome,16-18,female,mid
16,58.75003089,74.87045652,32.93677886,50.13420721,2.68472721,1.415641567,0.679954843,Desktop,In-App,19-22,male,low
19,28.93808067,75.37335077,29.86041538,19.50327794,2.490373775,1.758544921,0.660960265,Desktop,Firefox,13-15,female,high
16,51.87101537,59.09748096,22.74645273,26.2315538,1.308660423,1.816153724,2.421573773,iOS,In-App,16-18,male,low
14,44.72405444,90.38621874,25.39117453,19.73104601,1.404379259,1.540817978,2.804260564,Shared/Other,Chrome,13-15,male,high
13,31.80590061,71.93187204,21.87079366,25.81095783,2.917052287,1.87746495,1.811552754,Android,In-App,13-15,female,low
16,82.37429319,84.70694015,26.80674342,37.20894144,3.913022174,1.840336653,2.772850709,Desktop,Firefox,19-22,male,mid
10,59.77930676,77.87159509,29.79541695,56.58691464,1.64698244,1.714365162,1.835023293,iOS,In-App,19-22,female,low
19,58.74114082,82.75465621,33.89092438,35.148103,2.296881803,1.727471482,1.728289294,iOS,Firefox,16-18,female,mid
14,67.00186751,60.26719827,32.4330974,42.67645178,2.762168423,1.900339964,1.682933145,Shared/Other,Firefox,19-22,male,high
13,95.19975867,78.74645167,29.1131112,33.15702021,1.212427,1.329921821,2.099862338,Shared/Other,Chrome,19-22,male,low
13,72.37051633,73.42773283,34.68407158,39.14606339,2.719985478,1.967519188,2.956400905,Android,Safari,19-22,female,low
8,51.47493628,68.58027044,25.27174674,45.02229876,1.330247678,1.370347871,1.422322988,Shared/Other,Firefox,16-18,male,low
19,65.87225754,81.67366209,30.62418404,23.22308294,1.853490352,1.458851818,2.137792325,Desktop,Firefox,16-18,female,mid
21,36.4812237,95.32473661,24.64175423,21.31492569,1.262718452,1.495301654,2.82708104,Android,In-App,13-15,female,low
19,39.46837867,74.54188956,29.68352371,24.26944324,2.044156861,1.541051223,1.234607297,iOS,Edge,16-18,male,mid
18,51.71012959,71.54095278,29.75226991,48.97430105,2.938391105,1.631924281,0.776069091,Desktop,In-App,19-22,male,mid
19,38.77666076,82.24797845,29.55867293,27.2599505,2.224276409,1.177682934,1.872574823,Android,Safari,13-15,male,mid
10,56.15192822,81.25478388,30.31107537,31.26019009,2.099617163,1.980099103,1.855750185,Desktop,Chrome,16-18,male,mid
11,34.64250879,86.5481512,33.780839,23.05627353,1.357016172,1.473100861,1.215557753,Android,Firefox,13-15,male,low
12,44.93713368,92.16563327,25.39582984,34.35821637,1.315199444,1.890968636,1.589144494,Android,Chrome,16-18,female,mid
12,71.60434927,81.98049258,35.05742647,39.00804143,3.963857105,1.510312583,1.567936974,Android,Edge,19-22,female,low
22,51.50146034,75.48194454,38.9893699,33.15791425,2.186616243,1.39467716,2.334521785,Shared/Other,Edge,19-22,female,low
8,50.26937788,79.17422031,28.28245485,23.5205019,1.903078261,1.940998928,1.202662872,Desktop,In-App,16-18,female,mid
15,66.92733563,78.40686525,30.83435108,39.81833119,3.974736384,1.428431144,0.875737533,Desktop,In-App,19-22,female,low
16,41.70284917,80.08594313,27.60427093,27.79342548,1.241576058,1.865660431,1.951316539,iOS,Chrome,16-18,male,low
18,60.04341813,65.92285725,38.64209833,53.21324861,2.435079887,1.656965697,2.557681291,Shared/Other,Firefox,19-22,female,mid
16,52.15552228,67.40757318,30.05579456,51.94257404,1.423938233,1.308976461,0.608893951,Shared/Other,Firefox,19-22,female,mid
16,41.20612308,69.3722281,28.67196378,19.58399158,1.696895309,1.222092831,2.354623544,iOS,In-App,13-15,male,low
17,48.24110507,97.06782725,21.5673497,15.97061502,3.05867501,1.238713692,2.589863844,Desktop,Firefox,13-15,female,mid
12,25.37500327,62.90399159,29.1426913,24.1643657,1.9291918,1.207246562,1.403610386,Android,Edge,13-15,female,high
16,35.2155258,73.6231981,26.08590868,36.75975969,2.602359943,1.124082586,2.521576568,Android,In-App,16-18,female,mid
21,65.19674058,67.76188202,32.9634904,34.38946089,3.839418488,1.342845107,1.250622117,iOS,Edge,16-18,female,low
12,68.55900605,75.36115904,42.72812598,44.26567912,2.869022757,1.137499554,1.297605607,Desktop,Edge,19-22,female,mid
14,40.96259666,86.09371569,24.30408938,35.50992249,3.465958983,1.420439179,2.750344878,iOS,Edge,16-18,female,high
10,52.29459871,92.28031197,38.0695955,29.06559574,1.883269301,1.06872628,1.498001294,Shared/Other,Safari,19-22,male,high
15,36.11194005,83.55294213,36.66874524,21.23256688,1.534196315,1.791144966,1.247988765,Android,Edge,13-15,female,mid
10,60.09103412,59.79850277,25.74499196,27.41699868,1.050982749,1.195972661,1.489708914,Desktop,Safari,16-18,male,low
12,36.85959168,66.62617916,28.23891341,24.58294965,2.800082208,1.375986669,2.538749318,Android,Safari,16-18,male,mid
17,64.95201274,85.94243294,35.9935676,19.02960045,1.010393227,1.474611529,1.000671515,Shared/Other,Firefox,16-18,male,mid
17,35.00562659,71.62250967,26.00907053,23.77897334,1.767469075,1.176817358,1.861812192,Shared/Other,Chrome,13-15,male,mid
22,56.49796993,53.46990561,31.43550319,26.43985496,1.761028455,1.24335452,0.749420085,Desktop,Safari,16-18,male,mid
20,36.11132037,56.24190907,37.60138994,21.14119578,1.846813202,1.275189072,2.494475765,Android,Firefox,13-15,female,mid
16,60.50564956,80.66465484,31.37268094,61.06778789,3.657472873,1.788327396,1.6879729,iOS,Chrome,19-22,female,high
13,58.52424401,61.46217239,33.12469745,34.90300525,2.303184682,1.210201214,2.688262892,Android,In-App,16-18,female,mid
16,20.4328962,74.06436462,26.40070495,26.45397904,2.029992817,1.213514781,2.77238469,Shared/Other,Firefox,13-15,female,low
11,44.59222262,59.20838387,35.75911281,29.49368104,1.927162726,1.20737798,1.522567802,Shared/Other,Firefox,16-18,male,low
18,40.792391,74.5082587,31.71265495,31.07830896,2.840982422,1.450298626,1.304699127,Android,Edge,13-15,female,high
19,59.76909933,81.63560596,26.96264621,31.47458983,1.267663634,1.228460045,1.009335853,Android,Safari,16-18,male,high
17,48.16756263,72.54934913,24.48954022,36.97364812,1.149154877,1.654903532,0.693740054,Shared/Other,Firefox,19-22,male,mid
8,27.43586102,84.01932789,37.85353743,34.04738815,3.999466496,1.802085744,1.572091333,iOS,In-App,16-18,male,high
20,56.89433186,76.74201342,28.03074732,30.43488688,1.18540861,1.738874227,2.374906804,Desktop,In-App,19-22,male,mid
10,60.34686893,68.0000126,37.74271286,31.22222694,3.354327494,1.649489914,1.953789586,iOS,Safari,19-22,female,low
7,34.22600476,52.48989744,22.8506488,22.85789135,2.009342761,1.000201398,2.727572547,Shared/Other,Edge,13-15,male,mid
19,51.89727252,66.20129595,25.99829684,34.81952168,2.841419204,1.621297034,0.616350099,iOS,Firefox,16-18,male,low
21,48.29997708,66.636615,34.14611793,21.28645288,2.393938003,1.965726623,1.245288883,Android,Firefox,16-18,male,mid
12,22.4762147,77.2065061,37.42120087,29.32566046,2.511177439,1.272205849,0.680792537,iOS,In-App,13-15,female,mid
12,68.01183642,64.80264859,28.97845241,22.43353766,1.143921358,1.966557693,2.325236339,Shared/Other,In-App,19-22,female,low
17,61.07931942,60.13837725,32.46359673,47.37957581,1.498778285,1.59277072,2.403274789,Android,Firefox,19-22,female,mid
21,50.34648437,68.59850462,32.85153265,27.32253738,3.177087959,1.44127607,2.590637523,Android,Safari,16-18,female,low
16,64.02140137,53.44109261,31.33092166,35.7352304,2.91872162,1.445877342,0.703602168,Desktop,Chrome,19-22,male,low
15,68.91671383,69.14792669,38.59517917,42.85242811,1.274085212,1.962371754,1.580751925,Android,Safari,19-22,male,high
9,45.38486865,76.27121945,32.419303,32.69325374,3.184522306,1.699408535,2.052840488,iOS,In-App,16-18,female,low
19,36.54269557,82.73341695,27.88311255,28.52406559,2.466679429,1.163917203,2.172001498,Shared/Other,Edge,16-18,male,low
8,31.55056224,66.89462439,33.08945503,22.65761175,1.830242693,1.944261863,0.714507406,iOS,Chrome,13-15,male,low
13,48.60974129,90.92852064,30.85283013,34.73189622,2.076393571,1.716798029,1.945229597,iOS,Edge,16-18,male,mid
19,64.02546022,77.85317537,33.72653296,38.74716453,2.450987471,1.033476065,2.788567264,Desktop,Chrome,16-18,female,high
20,52.09465831,81.05251059,25.6591249,40.07116182,1.151193383,1.480341576,0.870547775,Desktop,Firefox,16-18,female,low
21,63.1410959,68.75285833,30.7671369,40.12178065,2.206933964,1.414000683,1.334548921,Android,In-App,19-22,female,mid
22,53.838947,60.73599974,35.29613355,22.37708672,2.749825835,1.483907318,1.334196303,iOS,In-App,16-18,female,mid
10,41.37651977,69.61473546,37.57588197,16.34862238,3.010322348,1.489719254,1.592714665,iOS,Edge,13-15,female,low
15,48.12479117,72.14235284,24.41854915,26.08759193,3.36919529,1.889621236,2.256441425,Shared/Other,Edge,13-15,female,high
12,40.19041453,80.90259515,37.37345468,31.01979483,2.133888161,1.91558055,2.67770314,Desktop,Firefox,13-15,male,mid
16,43.69226427,83.99041533,41.98511959,25.60809902,3.533419803,1.729320748,2.579302814,iOS,Chrome,13-15,male,low
12,61.64688095,79.91965392,20.99881949,31.91039881,3.483286491,1.402118338,2.571644898,Android,In-App,16-18,male,low
19,81.98227015,91.25647937,30.98061253,36.5512949,3.338291823,1.642650833,2.846079539,Android,In-App,19-22,male,mid
9,31.72419144,63.63825763,29.02329502,25.29591917,3.704990244,1.805699185,0.67902978,Desktop,Firefox,13-15,female,mid
8,54.53288392,67.01101102,35.14239505,38.72758473,3.41920108,1.53395473,2.484818188,Desktop,Safari,16-18,male,mid
15,51.74147758,69.74797065,31.86247774,29.34844693,2.363473241,1.185115836,0.980242925,Android,Chrome,16-18,female,mid
9,32.10728051,81.59015119,31.45897918,31.8262796,1.406102562,1.829993646,1.178043333,iOS,Firefox,16-18,male,mid
17,47.54845816,84.485543,26.78432104,24.83194515,2.093379544,1.15989736,1.510290454,Android,Chrome,16-18,female,high
13,41.94063582,84.46317517,32.98028105,32.15086372,3.106307739,1.210333702,1.18897392,iOS,In-App,13-15,male,mid
13,47.92017835,83.30117664,32.95670661,37.68745408,2.515337263,1.399101939,2.788628422,Desktop,Firefox,16-18,male,mid
15,68.71801685,80.74692994,26.64542811,46.79119879,1.668297629,1.96914162,2.090280143,Shared/Other,In-App,19-22,male,high
18,37.76111448,89.26536154,23.73794408,26.43008078,1.916992218,1.238385692,1.720363024,Android,Firefox,13-15,female,high
21,61.07982511,82.43822222,26.45900399,26.38983769,1.88027065,1.707849749,2.249930925,Android,Edge,16-18,female,high
22,45.98486867,64.71970934,27.78389592,18.9687803,2.420375057,1.730113438,2.059100674,Android,Chrome,16-18,male,high
10,39.04504841,63.71690189,34.4950741,25.96252469,1.458092637,1.768401223,1.590449924,Shared/Other,Firefox,13-15,male,mid
19,58.67417051,71.19204146,33.72222737,64.94369708,3.102097963,1.861667259,1.006539252,Desktop,In-App,19-22,female,high
17,63.43502208,86.09413982,33.08037223,37.5317667,2.925877636,1.794585141,2.018740744,Android,In-App,19-22,male,high
16,48.38222006,83.01785184,24.96845997,25.70170514,1.907096177,1.044920055,1.891726454,iOS,Firefox,16-18,male,high
22,56.20093198,64.76047054,30.48291167,24.30648044,2.955284017,1.065667566,0.750917012,Android,Firefox,16-18,female,high
16,48.25436694,61.88856178,34.4010707,23.16570927,2.594610391,1.627223583,2.099429303,Desktop,Safari,16-18,male,mid
7,29.56722109,81.56866063,28.76194232,24.43838441,1.463230324,1.056934957,1.705790261,Desktop,Safari,13-15,male,low
12,62.79938019,87.88766867,31.67726125,46.7708876,1.108403619,1.566634296,1.429402803,Android,In-App,19-22,male,low
21,45.03086656,77.51069561,25.97321202,20.98169438,1.339037876,1.25503567,0.944676584,Android,In-App,13-15,female,mid
23,74.95974619,77.16782072,25.09773552,33.76728734,3.93720821,1.571951102,2.872603692,Android,In-App,19-22,female,low
15,59.50241652,73.97392313,36.10401299,27.58007266,3.89188663,1.679389319,2.957133117,Desktop,Safari,16-18,female,mid
15,38.48386896,86.64464693,29.2090531,24.38259768,3.335086791,1.851246124,1.179892787,Android,In-App,13-15,female,mid
19,44.49514462,77.85665143,29.45592403,31.72592328,2.397865593,1.956237002,2.701891537,Shared/Other,Chrome,13-15,male,mid
8,66.74214971,64.72686577,29.30513634,32.16765229,2.677203183,1.265043529,1.461082744,Android,Chrome,16-18,female,mid
11,65.95208915,91.03413915,30.36655342,43.37998121,1.669578879,1.441722491,2.343171726,Desktop,Safari,19-22,male,low
10,17.0660831,64.54924721,32.14004222,33.93819452,1.851594302,1.78175739,1.65102935,iOS,Edge,13-15,female,mid
19,35.70941853,87.4153855,24.83310045,27.35868207,3.897351251,1.074047966,1.161261011,Desktop,Firefox,13-15,female,mid
14,91.28073511,91.3061898,26.70997074,47.93247381,3.611786901,1.18259875,2.216030859,Android,In-App,19-22,male,low
16,50.65915324,80.14427455,27.71835974,40.53514274,1.525521223,1.863703904,2.425802335,Desktop,Chrome,19-22,male,low
9,46.96802536,80.79520541,27.60425394,23.53153737,1.685881776,1.815493723,1.632448827,Android,Safari,13-15,male,low
17,37.98233821,82.48120032,30.06827832,20.12224268,3.494759457,1.991778572,2.057734338,Desktop,Firefox,13-15,male,high
10,33.86754844,61.22374344,22.24811565,34.33477744,3.653713619,1.853822375,1.997105939,Android,Edge,16-18,male,mid
16,60.33487293,74.39736719,27.44890163,21.08480699,2.38480965,1.696218398,1.381008246,Desktop,Chrome,16-18,female,low
15,47.89912792,84.32375242,30.85960424,25.45309694,1.830969345,1.2421447,2.673924362,Android,Chrome,16-18,female,low
20,38.62441253,80.38844563,33.70598505,23.80313029,3.670566782,1.956791373,0.519191295,iOS,Firefox,13-15,female,mid
14,65.65103406,68.4022444,28.80136928,33.50233245,3.560813218,1.703016123,2.50084347,iOS,Edge,16-18,female,low
22,70.97624616,73.69804467,30.08220464,31.30014905,3.138048448,1.197192692,0.823961343,Android,Edge,16-18,male,low
11,84.048508,69.61332925,28.6027008,46.65165644,3.724697489,1.603628042,1.104269068,iOS,Safari,19-22,male,low
16,22.83690403,74.16668525,21.59606051,22.37119258,1.709378728,1.622800138,0.788535598,Android,In-App,16-18,female,mid
12,42.33302151,78.37621531,29.86659433,26.42255991,2.368768303,1.112450673,2.981636868,Android,Firefox,13-15,male,mid
12,53.39508013,83.81348335,32.33469026,19.13664793,2.407653159,1.82908099,2.453819333,iOS,Safari,16-18,female,mid
16,61.41091329,74.26665998,31.20946897,33.98261513,3.875524808,1.038200795,2.817180507,Shared/Other,Edge,16-18,female,low
8,45.67308087,90.35646035,24.53313657,37.93826794,3.924423302,1.606426491,2.303713524,Desktop,Chrome,16-18,female,high
20,65.74934314,73.80453234,29.32297534,23.13238916,1.030638249,1.858706823,1.9003733,iOS,Edge,16-18,female,mid
21,56.88540564,58.00730919,29.31980344,23.39073931,2.413764909,1.597855276,2.281594879,Shared/Other,In-App,13-15,female,mid
23,61.74738199,86.93468429,25.46433175,64.56783772,3.769822259,1.637285647,2.879596367,iOS,Safari,19-22,female,mid
11,29.7245849,90.65044215,26.93077465,25.0200063,1.784092085,1.078053958,1.361536982,iOS,Chrome,13-15,female,mid
10,51.87247382,76.86506217,31.13291965,35.73650572,1.227561357,1.201957474,2.144276673,Shared/Other,Chrome,16-18,male,mid
17,37.41398145,71.57044954,31.27090262,16.15319299,3.540438886,1.265792516,0.628057678,Android,Chrome,13-15,male,mid
15,48.68299746,66.81578639,34.74471026,25.8595822,3.538260585,1.060150884,2.882501496,Desktop,Safari,16-18,male,mid
21,74.20617682,66.23247769,34.59402323,35.05930158,2.687043667,1.278650341,1.471532652,Desktop,Chrome,19-22,male,mid
19,36.6616829,70.04516319,35.826628,26.08522425,3.956979543,1.36815574,1.378791562,Shared/Other,Firefox,13-15,male,low
19,69.65689608,85.21282393,31.15500804,55.58405223,1.558921522,1.589995291,0.626620262,iOS,In-App,19-22,female,high
16,84.0303688,85.21725269,31.68786867,39.81217757,1.498572759,1.900873593,2.004467911,Shared/Other,Edge,19-22,female,high
18,57.98940395,70.67023735,41.29230398,31.1099073,2.040967956,1.62753649,0.631755236,Desktop,Chrome,16-18,male,high
19,33.64759335,85.21658728,30.29827283,30.13012202,3.762584696,1.409238397,1.208614649,Shared/Other,Edge,13-15,male,low
13,42.43188874,89.81534997,25.91021629,32.29308431,2.954645282,1.168246216,1.297498189,Shared/Other,Chrome,16-18,female,high
14,81.18635037,87.13032502,30.50345369,28.17211831,3.846578951,1.538545442,2.824985456,Shared/Other,In-App,19-22,male,high
7,32.61832683,78.41442623,26.9920801,24.18528743,3.472262837,1.728806199,1.072786669,Desktop,Safari,13-15,female,mid
16,34.07634146,73.2721821,29.01007815,22.23284377,1.396551791,1.307658013,1.448742083,Shared/Other,Safari,13-15,male,mid
15,34.47580856,84.51332606,20.44510811,25.97456186,3.729612622,1.9763129,1.068120228,iOS,Chrome,13-15,male,mid
17,36.76095356,41.65107289,26.76821231,17.82729766,2.738522327,1.219396711,1.815109062,Desktop,Chrome,13-15,male,high
17,36.90016964,73.59211111,27.53001071,40.6465431,2.458221221,1.667574123,1.23726279,Shared/Other,Chrome,16-18,female,mid
11,48.63208175,64.9572634,23.97793904,32.21627619,2.19015735,1.188592998,2.227611362,Android,Safari,16-18,female,mid
11,55.94195079,97.86797622,30.06294467,33.37073478,2.872487368,1.132572867,1.475742206,iOS,Firefox,16-18,male,low
20,58.14170265,59.59179162,31.16214302,36.22352073,1.682687984,1.777829979,2.906604157,Desktop,In-App,16-18,female,low
15,60.43042527,58.74282397,31.4995223,34.17082305,2.139115668,1.156693334,1.383667983,Shared/Other,Firefox,16-18,female,low
21,37.71313349,70.4628681,32.64199508,20.04676345,1.857133857,1.870752353,2.723332412,iOS,Edge,13-15,male,mid
19,36.49489032,81.93692235,25.07026764,25.32305539,3.312889073,1.280202867,1.520107497,Shared/Other,Safari,13-15,male,high
19,29.70209537,83.06858498,35.63735712,20.98343571,3.270546496,1.170938928,1.905994994,Desktop,Chrome,13-15,female,mid
11,38.61423272,83.12038072,32.84237606,19.23520836,1.408079275,1.705826895,2.79960256,Desktop,Chrome,13-15,male,low
17,35.25985644,71.02719299,29.1119494,20.19238656,1.273201981,1.143207156,2.281074332,Desktop,Safari,13-15,male,low
10,52.10197874,46.23967718,26.35735562,27.80856033,3.341616078,1.713153984,2.018272602,Desktop,Firefox,13-15,male,high
23,54.42630429,67.74995524,32.54741647,29.9428702,2.032720416,1.666478691,2.844127463,Shared/Other,In-App,19-22,female,mid
12,54.84696684,63.95375026,26.59639195,22.62991689,2.398770782,1.666496741,1.462479869,Shared/Other,Chrome,16-18,male,low
15,76.50757332,78.28731207,28.40433739,26.43175849,1.987791629,1.748066802,2.543626403,Android,Safari,19-22,female,mid
21,67.30627039,72.12263539,35.06056059,34.63657288,1.791594628,1.561672959,1.552246306,Android,Firefox,16-18,female,high
17,44.13772306,66.3501881,30.90789045,22.67554975,2.717120492,1.953464476,1.355150361,Android,Edge,16-18,female,mid
19,59.24211616,93.73576394,25.53290457,54.04737809,1.099986385,1.414067167,2.543147028,Desktop,Chrome,19-22,female,mid
20,51.16698563,62.78649473,34.82976253,35.25694135,3.043112366,1.66624827,2.015484062,iOS,In-App,16-18,male,low
12,49.77588136,82.70107779,32.24534034,26.83499888,3.838471365,1.9158531,1.515112331,Shared/Other,In-App,16-18,male,mid
13,29.13883287,82.88864216,35.5438833,18.26399753,2.215974123,1.555203089,1.133177239,Desktop,Firefox,13-15,male,mid
15,73.28363514,43.17718751,20.36803715,48.21702123,2.885071689,1.110935597,2.019210601,iOS,Firefox,19-22,male,high
9,33.89828291,67.62417557,21.06223503,39.06520288,3.413075534,1.089319521,2.648733225,Android,Edge,16-18,male,mid
8,37.19914407,61.76622117,32.76402902,22.0946635,3.044424939,1.839467097,0.808388429,Desktop,Chrome,13-15,male,low
15,35.43711553,60.78235164,31.74808181,21.03688585,1.433730669,1.324412768,0.908839237,Android,Edge,13-15,male,high
15,29.68491573,72.21401806,36.58777435,32.01333548,2.023540164,1.607526862,2.25474836,Desktop,Firefox,13-15,male,mid
18,45.01263506,65.76726884,23.38935882,22.71882998,1.061792874,1.041060745,2.201716335,Shared/Other,Chrome,13-15,female,high
20,70.84052636,79.92775554,24.45706665,26.82901803,2.014599308,1.043561671,1.966166685,Android,In-App,19-22,female,low
19,48.91482379,78.19765513,29.08650114,20.6349879,3.278185275,1.55286682,1.130142321,Desktop,Safari,16-18,male,low
16,61.98862647,84.92575464,38.15738668,53.97918915,1.733361917,1.812773288,2.497453669,Desktop,Firefox,19-22,male,high
19,29.3994505,75.65829063,31.09800372,23.93438862,2.078679574,1.817165183,0.723138668,Desktop,Safari,16-18,male,mid
16,45.6931416,74.15824651,30.35468019,56.5189546,3.009742056,1.643157603,2.756792337,Android,Chrome,19-22,female,high
10,50.58438695,76.51415908,27.93758202,30.5980708,1.170001927,1.028185495,0.881030065,Android,Edge,16-18,male,low
9,32.96085993,76.54972019,33.83612314,22.31087205,3.338270092,1.75309968,1.144522621,Desktop,In-App,13-15,male,low
12,40.19712449,67.74252267,33.09211525,29.54273534,3.3607358,1.230603043,0.744780564,Shared/Other,Safari,16-18,male,low
23,87.75299892,65.78281564,33.07260023,45.60086853,2.530921793,1.44401663,1.559683765,Shared/Other,Firefox,19-22,male,mid
14,62.47803623,67.02514128,27.59348574,36.31423093,3.017052179,1.025786943,1.624989468,Shared/Other,Edge,19-22,female,high
13,57.99202719,79.09249453,20.45095651,32.54723954,1.764977189,1.6210362,1.618956232,Shared/Other,Safari,16-18,female,mid
11,25.82437006,70.05507398,30.18822533,43.84170108,3.058903377,1.487191775,2.477413497,Shared/Other,Edge,19-22,male,mid
19,34.64805061,70.13337193,26.06959401,26.97016752,1.983758654,1.423874743,2.138517808,Android,Firefox,13-15,female,low
19,39.32380957,63.94218096,37.15850833,24.99041523,2.50255292,1.998903368,1.796915572,iOS,Firefox,13-15,female,mid
21,40.47514814,97.76079018,33.79706887,33.9870898,1.44851893,1.417415395,1.338965525,iOS,Safari,13-15,female,mid
23,73.68442441,69.20950274,26.96368882,46.59741843,3.978888401,1.570775018,0.847395661,Android,In-App,19-22,male,mid
7,53.492875,72.5153379,37.70547545,24.62585728,2.045466229,1.962451046,0.520733274,Desktop,Safari,13-15,female,low
20,77.28809906,66.07526915,30.65689917,49.72301515,3.396739503,1.973153293,0.953070723,iOS,Safari,19-22,male,high
22,53.4337035,71.36301009,33.61521887,35.28853435,1.979470885,1.593329403,2.794657127,iOS,In-App,16-18,male,high
17,59.64126036,76.55918586,29.42014374,37.73804975,1.652516001,1.636672868,2.701912529,Android,Chrome,16-18,male,high
18,82.53962826,83.15232243,38.91720951,30.46125128,3.584816598,1.101900025,1.25255819,Desktop,Safari,19-22,female,mid
16,60.10842853,87.78406294,25.82001156,47.77024976,1.929496674,1.200772648,2.51911532,Shared/Other,In-App,19-22,male,low
21,23.40718816,81.90008758,26.69405434,32.08100966,3.086815831,1.67907988,1.686889184,Desktop,Chrome,16-18,female,mid
18,41.4971131,74.58320222,21.22620791,25.09554236,3.090830878,1.011886409,2.093667647,Desktop,Safari,13-15,female,mid
10,33.17092467,82.60193555,40.85238164,16.13718829,1.028603823,1.391727351,2.766727514,Android,Safari,13-15,male,mid
23,73.16989051,80.93594747,31.81943566,40.53452166,3.493011377,1.253838482,1.073841059,Shared/Other,Chrome,19-22,female,mid
18,32.44286654,82.65425914,29.02497618,26.38592999,3.5537559,1.454973695,0.500487156,Android,Safari,13-15,female,mid
10,38.90523412,76.31965557,35.29758495,22.41975922,2.685127709,1.006862961,2.952486452,Android,Firefox,13-15,male,low
18,34.26976709,95.13320946,27.38223129,33.57349688,1.887978946,1.313056687,0.811418869,Desktop,Chrome,13-15,female,low
19,62.19804379,71.87967137,27.08621826,48.24163317,3.950658247,1.593057426,1.228512217,Desktop,Firefox,19-22,female,low
15,49.99566372,80.02554743,27.3603953,40.70727206,2.131334443,1.707729188,2.593074173,Android,Firefox,16-18,female,low
7,28.72900143,71.83454297,28.95468009,24.71661611,2.902270103,1.095849634,1.432871342,Shared/Other,In-App,13-15,male,mid
16,44.43237323,73.61055649,38.82485927,29.17680974,1.737493805,1.620888269,1.847894308,iOS,Edge,16-18,female,low
12,61.46662061,63.93230704,29.48470419,41.42154971,2.276134292,1.603141245,1.932365313,iOS,In-App,19-22,female,mid
13,47.59105616,82.06788837,32.55132192,18.2905226,3.650811234,1.416150456,1.36506571,Shared/Other,Edge,13-15,female,mid
11,71.23564962,76.64374258,34.01915023,38.58863178,2.143689997,1.098903526,0.93446051,iOS,In-App,19-22,female,low
7,31.36616176,64.79374959,25.91967906,25.46069095,3.965830727,1.066542815,2.60891073,iOS,Firefox,13-15,female,high
22,54.31385118,58.18411277,43.43198892,29.02579743,2.326600844,1.947035694,1.699407978,Shared/Other,Edge,16-18,male,high
11,84.95021677,74.02596612,28.13095156,46.2053409,3.079498413,1.223682527,1.583501795,Android,Chrome,19-22,female,mid
16,51.06804587,70.91887154,26.91447035,25.40406592,2.36231597,1.371716298,2.726624729,Desktop,Chrome,13-15,female,high
21,80.7000604,61.23565647,33.52772234,38.50846011,1.312107303,1.252648326,1.774399238,iOS,Chrome,19-22,male,mid
15,73.31486093,70.65391091,30.09826501,42.0786299,2.295231227,1.572622823,0.954989053,Android,Safari,16-18,female,mid
14,51.62525294,53.22604872,33.17021867,22.32142684,1.44072367,1.740595487,0.637517078,Android,Safari,13-15,male,low
22,64.26957947,59.13170042,25.62314502,42.41267375,3.567268579,1.567915286,0.723805532,Shared/Other,In-App,19-22,male,low
22,44.02988172,85.00803043,26.45320545,32.73795546,2.576236213,1.956584861,1.702656613,Desktop,In-App,16-18,male,mid
20,37.16387021,52.79743685,29.84298492,20.48180515,2.632780065,1.133229707,0.513398262,Android,Chrome,13-15,female,mid
16,83.43986994,86.07780587,32.5425617,34.38487979,3.715201155,1.276527759,0.821834523,Shared/Other,Chrome,19-22,female,high
11,50.48401596,63.85492732,22.08912444,30.52649219,3.448573188,1.222612912,0.797900663,Desktop,Firefox,16-18,female,high
22,48.95134769,85.97567608,34.52107342,25.4682864,3.180761016,1.936233901,1.093050835,Desktop,In-App,16-18,female,mid
7,24.69454285,71.32958604,28.12977938,24.92585021,1.57779305,1.762267023,0.652569279,Android,Edge,13-15,male,mid
9,29.69423388,88.48309584,31.8763288,27.62651424,1.049220281,1.419095071,2.961164076,Desktop,Firefox,16-18,female,mid
15,73.86117446,83.81026415,29.76486836,53.48222567,3.4514258,1.984187113,2.869238205,Shared/Other,In-App,19-22,female,low
20,76.93003518,68.07862552,32.2865105,49.69504233,3.563597109,1.618577916,2.023624396,Shared/Other,Safari,19-22,female,mid
18,32.30851538,70.86974304,25.21492835,32.99852101,2.695860665,1.076860779,0.765675535,Shared/Other,Edge,13-15,female,low
11,56.74674249,61.22959811,24.00920794,38.12942207,2.496217992,1.702499573,2.429657828,Desktop,Edge,19-22,male,low
22,46.70914509,69.91516426,30.85368555,24.33476166,3.453619173,1.566054156,2.619711043,iOS,In-App,16-18,female,mid
21,34.80792124,82.54465829,22.46599178,30.65972035,1.114204693,1.771181696,0.779265306,iOS,Firefox,16-18,female,low
9,34.12182548,75.69169793,31.04459637,24.68622603,1.673117293,1.355233032,2.941626389,Desktop,Safari,13-15,male,mid
11,62.13427692,57.64369124,31.92115958,17.07329516,1.815822408,1.538631648,0.885007184,Shared/Other,Firefox,16-18,female,mid
18,34.4746166,62.66818694,29.76175784,19.8392895,3.473417974,1.430671605,1.475284809,iOS,Safari,13-15,male,low
15,23.03516658,60.2187811,27.4438879,27.26085374,1.926937161,1.390452415,1.270655771,Shared/Other,In-App,13-15,male,high
17,38.89991329,83.77909798,23.83900767,23.8451016,1.35489667,1.60184763,2.961203708,Shared/Other,In-App,13-15,female,low
21,78.15187347,66.68861238,35.26841278,27.96214674,3.120953254,1.258344533,2.451623854,Desktop,In-App,19-22,female,high
18,68.79715746,58.62031775,26.37571662,40.25091355,1.161853397,1.520774239,2.541523014,Android,In-App,19-22,female,low
18,40.51351679,86.31285967,31.92140395,24.27216175,2.51129501,1.094041021,2.041909108,Desktop,Firefox,13-15,female,mid
19,62.79153087,60.80142465,24.04645284,28.10966166,2.292459064,1.503310031,2.394559985,Android,In-App,16-18,female,high
19,40.75206513,61.68650559,28.90128126,32.4620921,1.53974259,1.424862058,2.386304312,Desktop,Chrome,16-18,male,mid
12,68.03417901,67.73263526,33.71100741,55.9828756,3.209356161,1.564898686,0.986322529,Android,In-App,19-22,male,low
22,53.55610603,68.66198604,24.35409032,42.94903538,2.539367688,1.63784418,1.857237453,iOS,Firefox,16-18,male,low
20,59.90386237,81.8139378,37.78044743,30.73850525,2.929053047,1.578349828,0.567166305,Shared/Other,Edge,16-18,male,mid
10,35.49465338,60.62853276,27.28601375,24.57546338,1.971759482,1.232769856,1.173594076,Shared/Other,In-App,13-15,male,mid
21,47.48355112,66.4286529,29.02409164,39.95811138,1.804601086,1.028441213,2.692385722,Desktop,Chrome,16-18,male,low
10,44.10067384,62.35292956,38.73059941,32.12605992,1.580703415,1.657451009,0.79091651,Android,In-App,13-15,male,mid
10,74.25430286,86.67256163,25.07986477,54.13372925,2.522600821,1.668998677,0.777341306,Android,Safari,19-22,male,mid
9,42.52883739,62.13771911,23.19367962,18.65933963,1.812241016,1.667493148,0.619304959,Desktop,Edge,16-18,male,low
14,59.82877812,80.43518549,22.70021958,29.07576871,1.826667446,1.957541705,1.513380085,iOS,Chrome,19-22,female,low
14,76.34010681,65.26309821,37.63153793,39.57395798,1.383178194,1.816338187,2.854370906,iOS,In-App,19-22,male,high
13,47.21785399,87.65205692,37.84946692,41.57517497,2.196142748,1.839191691,1.452346506,iOS,Safari,19-22,female,mid
12,23.53043902,71.43583466,30.38799195,30.6065651,1.368032588,1.584701705,2.77956816,Desktop,Safari,13-15,male,low
16,48.03569479,100,41.53673508,24.01079363,3.770308436,1.289918236,1.330265325,Android,In-App,13-15,male,mid
13,77.86623213,82.80466789,29.70252517,42.21953079,3.307991766,1.83144178,0.832745672,Desktop,Safari,19-22,female,mid
9,39.39268376,78.2602116,32.37679504,40.32122229,3.726859317,1.604383694,2.66329702,Android,Chrome,16-18,male,low
12,46.65238464,94.11894164,30.04673588,36.35494537,1.093445304,1.890811414,2.424540399,iOS,Edge,16-18,male,high
16,32.9257922,91.37189195,29.66770475,32.82007009,2.577880802,1.323658093,1.95364028,Desktop,Edge,13-15,male,high
14,44.73864162,83.97721568,34.64655794,17.01559763,1.025509425,1.220623908,1.729771287,Shared/Other,Firefox,16-18,female,mid
22,59.65381881,64.21339229,31.30027258,24.91177317,1.892863006,1.623565406,2.315564262,Desktop,In-App,16-18,male,low
15,37.01037793,79.40662557,37.50330425,24.70391256,3.499681625,1.218062573,2.583184211,Desktop,In-App,13-15,female,high
8,53.59885567,65.43507158,27.32148033,23.10353085,2.913502611,1.786996119,2.383085414,iOS,Chrome,16-18,female,low
14,38.060657,82.41974203,27.39370154,25.62483095,3.472920726,1.275370724,2.326470077,Desktop,In-App,13-15,female,mid
15,40.58382234,58.14363281,26.2812617,33.54154014,3.630814855,1.547784604,1.948149852,Shared/Other,Edge,16-18,female,low
19,52.96772507,93.67958972,25.79196126,35.58997689,2.159093875,1.999638654,0.988398145,Desktop,In-App,16-18,male,mid
19,14.28020938,76.47968881,25.60491557,21.62709413,1.84036059,1.659573942,2.145436899,iOS,Edge,13-15,male,high
10,42.96920356,74.15563214,26.73631857,21.78727502,1.75855681,1.126536883,2.146763857,Android,Safari,19-22,female,low
22,50.64652054,81.10528394,30.81317235,36.33131792,2.553149999,1.47256991,1.033536088,Desktop,Safari,16-18,female,mid
15,44.76916003,63.02288932,32.09077022,24.89307245,2.410501094,1.677510534,1.913538586,iOS,Safari,16-18,female,mid
21,32.78970531,75.81861341,31.62981803,23.8780174,2.140855745,1.691326027,2.148648492,Shared/Other,Firefox,13-15,male,low
12,47.39692223,83.62450752,36.42102593,40.37360015,1.488400856,1.964090731,1.889182272,iOS,Edge,16-18,male,mid
16,83.23204853,85.73164818,20.14601242,40.35679284,2.348974673,1.870805253,2.696896199,Shared/Other,Firefox,19-22,male,mid
12,63.49751776,79.74989077,30.90876154,45.22324134,2.956042382,1.158565229,1.949172282,iOS,Firefox,19-22,male,low
22,72.27999816,93.98897397,22.80931161,64.50455734,3.36868755,1.040439243,2.552915015,iOS,Chrome,19-22,male,mid
15,50.48150009,70.57209062,26.84750743,27.28117694,2.377633836,1.109346823,2.98411742,Shared/Other,Chrome,16-18,female,mid
18,77.30058211,89.37208139,32.59667374,38.04504186,2.826799063,1.41849997,0.881438933,Shared/Other,In-App,19-22,female,high
18,32.16986629,65.34572657,34.87809421,27.01801223,2.533521546,1.91524827,0.624085885,iOS,Edge,13-15,male,mid
13,46.88526883,87.58747657,32.9552529,37.48068063,2.177935246,1.16181414,1.584406859,Desktop,Firefox,16-18,male,high
15,31.51672824,88.57505723,24.5866552,23.9648802,2.064077839,1.720300333,2.550707813,iOS,Chrome,13-15,male,mid
21,54.9979173,65.79903028,36.18353071,40.03625024,1.200388189,1.771097926,1.04931028,iOS,Safari,16-18,female,mid
19,78.12071002,76.19062078,27.22992233,48.39896886,2.929521386,1.602367039,2.125084211,Android,Edge,19-22,female,low
10,25.62090907,73.56304882,14.73423318,28.71699117,1.905740622,1.9968746,2.176930476,iOS,Safari,13-15,female,low
10,29.86321785,67.97702787,32.63142934,30.96547578,1.739477575,1.430931443,1.328595173,iOS,Safari,13-15,male,low
8,48.87159853,94.16454321,34.56913328,21.00436967,2.6715195,1.785588084,1.877501214,iOS,Chrome,16-18,male,mid
21,57.70493929,71.48580098,32.15838263,31.75968884,1.203053066,1.337209263,1.791713477,Android,Chrome,19-22,female,mid
16,39.90183066,85.34698342,34.50324299,38.78756108,3.44194202,1.474241512,2.649518705,Android,Chrome,16-18,male,low
15,30.44664178,72.25917457,37.36145774,22.75856368,1.585185165,1.326213524,2.753673071,Desktop,Edge,13-15,female,low
11,56.70041009,59.38657017,28.59378547,33.95472856,3.911208402,1.565647563,0.827454759,iOS,Safari,16-18,female,low
11,75.66677656,79.20643911,23.30446459,33.44719575,3.099381826,1.653972326,2.266021601,Shared/Other,In-App,16-18,male,mid
12,55.95251872,67.56336902,31.40834285,28.91249861,3.537120591,1.646591684,0.572038503,iOS,Edge,16-18,female,mid
17,23.71806838,72.58746881,19.75622986,27.70136379,3.601305253,1.252059352,0.752409528,Desktop,In-App,13-15,female,mid
17,67.58187705,81.6714257,36.60320202,41.26731486,2.898413202,1.763433027,1.50121993,Shared/Other,Chrome,19-22,female,mid
21,36.71673634,85.56829609,31.56890187,27.24140519,1.19998229,1.389451178,2.174127806,Desktop,Chrome,13-15,female,mid
12,40.62213334,80.92884831,31.23597837,25.15860102,3.868625978,1.453572914,1.319223624,Desktop,Edge,16-18,male,mid
18,56.52404352,82.64300269,26.86130678,38.28542069,3.388635637,1.33501276,2.242670097,Shared/Other,Chrome,19-22,male,mid
11,34.76266741,72.9769999,42.1097774,19.31822476,3.169108885,1.560538588,2.508935213,Desktop,In-App,13-15,male,mid
21,53.32389547,95.30953617,23.52513013,43.04035485,3.902126596,1.877016562,1.201854882,Desktop,In-App,19-22,female,low
12,32.12835969,84.71245438,34.38806502,22.20990412,1.837521528,1.073737523,0.872409096,Desktop,Firefox,13-15,female,low
9,46.00866,65.89928244,26.22672517,33.49993203,3.662436654,1.647438101,1.900940665,Android,Safari,16-18,female,mid
12,54.10675119,85.50838545,28.60430281,28.8062277,3.727522896,1.904140472,2.577115707,Android,Firefox,16-18,female,high
17,36.0484717,81.45148641,30.7688809,24.54064135,2.984479061,1.786298816,1.95469587,iOS,Chrome,13-15,male,mid
11,43.61933199,67.2595865,25.18353072,31.07662985,2.777587133,1.492630284,2.604089883,Shared/Other,Firefox,13-15,female,low
11,42.14400616,68.67555808,30.93307413,30.12836382,1.399791169,1.579670435,1.489282175,Android,Firefox,16-18,male,low
19,46.82920665,89.64610684,24.71575373,22.56369223,3.014523368,1.793592721,2.242956951,Android,Edge,16-18,female,high
14,44.92457259,77.30016738,31.8242561,19.14204414,3.042932268,1.949924971,1.21098583,Desktop,Edge,16-18,female,low
18,65.88366672,76.50505517,24.53193937,32.15558081,1.057514673,1.324063691,2.376605924,Desktop,Firefox,19-22,female,high
12,31.33768518,68.77928276,32.98210874,26.69287095,1.964922504,1.061429439,2.253430283,iOS,Firefox,13-15,male,mid
12,65.65820594,70.94896406,23.25288846,34.34612791,2.704227458,1.584442915,0.672580291,Shared/Other,Chrome,16-18,male,high
10,73.58290941,80.15196996,32.02787641,29.93838956,1.904347077,1.510683984,2.643763933,iOS,Chrome,16-18,male,high
14,49.04878325,73.53481721,33.09304274,35.24288625,2.488832977,1.245583368,0.500312847,Shared/Other,Edge,16-18,male,mid
13,33.18809424,83.94754577,33.66469619,19.61695823,3.014818573,1.80347942,0.80537302,Android,Firefox,13-15,male,high
21,31.79031494,78.36575784,27.41747703,28.55746795,2.804660949,1.364217045,0.928937359,Android,Firefox,16-18,male,mid
22,73.05405631,59.10862395,41.75771834,29.48868264,2.585432203,1.320225494,2.144930977,Desktop,Chrome,19-22,male,mid
8,61.23220509,84.64677458,31.24756575,29.85123195,1.239309393,1.553893388,2.560724689,iOS,In-App,16-18,female,high
10,77.46507548,74.77186547,31.53702917,50.68889276,1.965312085,1.931448176,1.751121116,Android,Edge,19-22,female,low
21,45.11715657,69.72445572,33.89550062,44.15080551,2.977071959,1.383985624,1.681201695,Android,In-App,16-18,female,low
18,52.00415912,71.70256841,33.92923207,29.48090316,3.096577692,1.29059416,1.750178127,Shared/Other,Firefox,16-18,male,low
20,41.77563447,90.83301654,36.08937402,25.3461806,1.134322898,1.859050602,2.925223579,Android,Chrome,13-15,male,high
8,62.4909665,69.03660652,26.19882392,33.01032997,2.599532781,1.280220154,1.854911969,Android,Safari,16-18,male,mid
10,67.0424339,84.2273966,31.52881005,34.86622512,1.908297252,1.132023677,2.548801141,iOS,Safari,19-22,female,low
19,59.71149058,72.1484147,24.67813795,30.08887967,1.099720975,1.216628088,0.687171574,Android,Firefox,16-18,male,mid
12,66.57087188,84.66704981,37.53147957,61.49817021,2.323124567,1.240320955,1.576739842,Android,Safari,19-22,female,mid
22,62.50645275,77.15743856,31.76855522,39.51255902,3.597867509,1.416392092,2.663390844,Shared/Other,Safari,19-22,male,high
14,43.67038061,83.21550173,20.73669838,23.04714297,1.127839865,1.609792577,1.808534568,Desktop,Chrome,13-15,male,low
11,37.86204067,78.1737251,35.72888629,24.50235836,1.347023387,1.312857356,1.688786628,Shared/Other,Safari,13-15,female,mid
18,59.8436247,69.39195212,35.6031513,20.69354499,1.052890576,1.073752924,0.779501952,Android,Safari,16-18,male,mid
17,52.13556323,80.15548003,26.36723842,30.31267554,1.834250136,1.961036928,2.970173281,Shared/Other,In-App,16-18,female,high
10,67.38707452,100,35.99286835,36.93162241,2.086336543,1.864616365,1.29581826,iOS,Edge,19-22,female,mid
9,49.02319304,64.08796422,37.18948497,29.45050416,3.528404151,1.978205204,1.014113059,Desktop,Safari,16-18,female,mid
14,73.79410168,68.24694786,29.33854398,45.95008802,1.870277708,1.643747692,1.236757942,Desktop,Chrome,19-22,male,mid
9,31.00736193,76.81615215,28.94248997,34.58246509,2.235331872,1.347893941,2.953371793,Desktop,Edge,13-15,female,low
16,56.11133768,65.13087373,30.1158304,30.98386188,2.613032851,1.819463584,1.444127377,Desktop,Firefox,16-18,male,low
11,71.04094655,57.28540374,35.02718091,36.99082287,2.917944757,1.291044714,1.98072948,Android,In-App,19-22,male,low
21,38.60652026,76.53311951,28.27909777,25.62213396,2.239703951,1.063769878,2.226437694,Shared/Other,In-App,16-18,male,mid
10,67.64356463,76.00147063,34.02053466,25.27920106,2.740050656,1.319505034,2.896736754,Android,Chrome,19-22,male,mid
13,68.48874499,93.1492591,27.01367313,34.96219551,1.109112501,1.223470326,2.041100356,Desktop,In-App,19-22,female,low
16,29.57415381,69.60058085,30.13632254,17.28158147,1.669161864,1.450647031,2.244313798,Shared/Other,Chrome,13-15,female,high
21,57.71528618,76.86623844,17.94510901,45.75749218,3.937396388,1.689993506,2.073996244,iOS,Edge,19-22,female,mid
21,37.17017388,67.1085818,30.32046601,52.35995395,3.52478568,1.960874356,1.51379211,Shared/Other,Firefox,19-22,female,mid
20,35.92619397,81.61935768,34.96892667,20.58191546,2.546529653,1.897396786,2.479253782,Desktop,Chrome,13-15,female,mid
17,48.91357951,68.95587091,31.04824692,13.72601725,1.862246851,1.569557665,1.296380344,Desktop,In-App,16-18,female,mid
8,39.02200985,58.13108278,27.71873456,13.54509281,3.831338424,1.377500265,2.145155146,iOS,Edge,13-15,male,low
10,25.18536849,67.13702595,30.12622815,25.22822779,2.320448894,1.708904608,0.645241635,iOS,Edge,13-15,female,mid
17,38.37169566,65.49154666,28.3836887,37.56526594,1.71169669,1.642747284,0.629690265,Android,Chrome,16-18,female,mid
8,43.92308847,71.94349905,24.06296923,19.30841166,2.117354931,1.418051603,1.016137263,Android,Safari,13-15,female,mid
8,33.28169478,86.80959499,25.36349893,24.65858751,3.456458161,1.588056067,1.306196884,Shared/Other,Chrome,13-15,female,mid
16,47.36962441,70.75356671,32.06110347,30.60394957,3.160333357,1.485566004,0.967612909,Desktop,Firefox,13-15,male,low
18,40.23427521,80.65448121,34.67975652,32.59267847,3.515191745,1.385466583,2.211096114,Shared/Other,In-App,16-18,female,low
19,82.48564174,73.38527183,28.41357542,34.77864235,1.117346736,1.013890135,1.383449717,Shared/Other,In-App,19-22,female,mid
15,40.45584935,76.64730193,37.38125924,30.45881745,3.274330264,1.437338374,0.603204787,Android,Safari,13-15,male,high
21,63.52501909,71.4510893,23.34291868,24.06645215,1.667687184,1.00497652,1.116989434,iOS,Firefox,16-18,female,high
17,17.56869754,63.23618145,26.72889869,18.24158982,3.311597641,1.695547584,1.401822461,iOS,Safari,13-15,male,mid
12,57.35238549,64.05394857,28.13378171,22.16433691,3.462064025,1.57624825,0.731149915,iOS,Edge,16-18,female,mid
12,65.16744798,68.04688744,29.74388779,34.60538842,2.427399801,1.027552461,2.033236929,Android,In-App,16-18,female,high
14,59.78693773,69.51837121,26.66345197,43.34800639,2.183951881,1.314567066,1.304129346,iOS,Chrome,19-22,female,mid
15,39.1294589,77.76798139,28.70039195,26.91363592,3.31854274,1.611220673,2.625551695,Shared/Other,Safari,13-15,male,low
9,39.00285055,72.91507369,28.34588239,26.42023256,2.378596819,1.906810605,2.68004689,iOS,Firefox,13-15,male,low
14,26.44922874,88.49473105,25.21766428,23.12869375,1.444612398,1.690816449,0.553638531,Shared/Other,Safari,13-15,female,high
14,89.29669305,73.78966234,26.31237759,37.37967453,1.78609028,1.486717021,1.510812904,Android,Firefox,19-22,female,mid
19,27.26245494,70.24657457,16.70187956,25.85480412,3.787973796,1.1087094,1.797167299,Shared/Other,Edge,13-15,female,low
20,65.00985604,76.31864938,31.53175234,40.29183758,2.226529497,1.739630932,2.750352414,Android,In-App,19-22,male,high
16,46.00487495,73.26186487,27.60816642,18.40941335,1.8645153,1.104300323,1.406178277,Shared/Other,Edge,13-15,male,mid
11,66.10352818,71.38486773,27.96050538,38.32138538,1.319391411,1.309679502,1.881026117,Android,Chrome,19-22,male,mid
13,78.63099115,93.56415518,33.80159658,44.34012216,3.237752833,1.133144059,1.001138653,Desktop,Chrome,19-22,female,mid
14,60.10631633,75.81232641,34.95277931,26.1000085,1.745782997,1.592178473,1.894714816,Shared/Other,In-App,19-22,female,mid
11,58.69156896,90.85363372,33.89867939,32.84434851,2.184282957,1.039173707,2.77176131,Android,In-App,16-18,female,mid
13,29.27730665,81.79016076,21.50753709,29.04706897,1.814566677,1.425167873,1.018786563,iOS,Firefox,16-18,male,high
22,68.45758286,92.39279443,24.82967502,53.2745018,3.857185522,1.528736135,2.468446509,iOS,Firefox,19-22,female,high
16,62.42855231,87.14884624,33.32730896,48.10334628,2.217120879,1.95213542,2.177153638,Desktop,Safari,19-22,female,low
11,42.09709203,82.0405123,21.18736444,35.10214397,1.625418337,1.385445951,2.643849245,iOS,In-App,16-18,male,mid
19,68.64252376,65.23787706,27.47103386,35.18455742,1.44450628,1.187272217,1.618850771,iOS,In-App,19-22,male,low
15,57.81406747,71.20710186,21.04664494,43.99640344,3.241806965,1.916537281,1.342912532,Desktop,Chrome,19-22,male,mid
20,55.66389305,62.54377702,29.58276562,28.60688328,2.850161644,1.897528659,2.828297999,iOS,Firefox,19-22,male,mid
13,25.96420678,91.14729303,26.59516582,22.63504955,3.025658943,1.010238003,1.213346238,iOS,In-App,13-15,female,high
13,21.9079306,72.93350738,29.97961707,24.18299775,1.678788817,1.193730211,2.379411453,Android,Edge,13-15,male,mid
8,34.58418098,100,32.9951564,23.35465303,3.189659994,1.259260728,2.604401021,iOS,Edge,13-15,female,low
17,47.96212431,84.42680399,36.52825587,26.46807627,2.714849382,1.528224865,1.877444708,Desktop,Edge,16-18,female,mid
17,70.71900976,73.8070839,34.47850778,49.07342946,3.066218962,1.138914423,0.554868706,Desktop,Chrome,19-22,female,low
8,17.14333796,75.2184263,29.22267051,22.55611235,2.888451712,1.296953568,2.317131024,Desktop,Safari,16-18,female,low
11,66.09857428,86.3242311,36.23748362,46.94692434,2.278474975,1.845048713,2.284180468,iOS,In-App,19-22,female,low
22,47.45640746,80.66012307,26.0494814,31.4522061,3.650960016,1.078786209,2.46259464,Shared/Other,In-App,16-18,male,mid
16,52.61325037,56.53810626,21.32825333,24.81664401,1.5566362,1.784019054,0.82317657,iOS,Firefox,19-22,male,mid
16,45.15423456,78.16511575,25.9109631,16.97711948,3.27854501,1.859640145,2.335765349,Shared/Other,Firefox,16-18,female,low
11,27.25629728,64.98974097,26.15654224,20.21108322,1.043769475,1.297055147,2.289097693,Android,In-App,13-15,female,mid
9,45.68041613,83.75281427,29.03542314,36.20271528,3.708938947,1.127743128,1.010881201,Shared/Other,Chrome,16-18,female,low
12,54.84213284,80.89863284,33.61670905,41.92717343,3.677555573,1.343702877,0.96132586,Shared/Other,Safari,19-22,female,mid
10,58.29824917,68.19064611,34.09886017,22.77413744,3.449665072,1.265638666,0.526971241,Android,Chrome,13-15,female,mid
12,63.38010886,92.97803963,23.46013864,41.72610414,2.929310499,1.267512762,2.649702411,Shared/Other,Chrome,19-22,female,mid
8,41.18538957,54.97857275,27.70332438,34.29185433,3.358044427,1.093973744,2.937241722,Desktop,Safari,16-18,male,low
16,35.26591295,79.86635956,24.19176307,23.90758515,2.60655826,1.154373491,0.919449265,iOS,In-App,13-15,female,mid
21,50.82524141,65.33911232,30.96684393,17.7425199,2.385534413,1.523070068,1.288195746,Desktop,Safari,16-18,male,low
13,67.1280392,69.8502705,32.68002136,31.57650749,2.204937666,1.624196172,1.289706774,Android,Safari,19-22,female,mid
8,78.31550351,76.11984323,31.54760875,26.70388499,1.307604944,1.822862184,1.306387327,Android,Edge,16-18,male,mid
22,63.43523359,70.86132275,25.47511004,40.08580884,3.053063804,1.83084528,1.331455726,iOS,In-App,16-18,female,high
19,83.98116444,85.35599067,37.82232451,57.01012411,3.212841889,1.731633832,2.658147818,Android,In-App,19-22,male,high
19,72.10545363,72.04642647,26.29627691,61.31640192,1.401810097,1.835510155,2.700856854,iOS,Safari,19-22,male,low
11,56.34482556,72.01006652,29.69505907,35.12541637,2.830429135,1.423143521,2.799411585,Android,Chrome,16-18,female,low
13,79.59249743,60.71143386,30.7884711,44.27646315,3.500124323,1.204199063,1.120633829,Desktop,Chrome,19-22,male,low
19,38.48363166,75.81197086,27.79102194,25.66055867,3.345018003,1.376240048,1.581853957,iOS,In-App,13-15,female,high
16,56.71511351,76.22309191,33.55166543,29.36897598,3.943164515,1.99119801,1.389849275,Shared/Other,Firefox,16-18,male,mid
13,52.94372865,69.40294389,28.91510471,46.46614302,3.962769128,1.580412208,1.718359178,iOS,Edge,19-22,male,mid
12,57.59025395,93.85668785,20.81508419,38.25264444,1.883141077,1.302522093,1.561191255,Shared/Other,Safari,19-22,female,high
13,70.43373672,80.39194298,28.14588391,44.18364493,2.953718303,1.642695021,0.743418092,Android,Chrome,19-22,male,low
12,49.76337454,69.39039896,32.79030702,38.76785467,1.214548945,1.045710486,0.596708152,iOS,In-App,16-18,female,low
13,59.65571615,74.04957996,25.26607968,27.16189263,2.25723559,1.600206176,2.529911522,iOS,In-App,16-18,female,mid
16,61.16141013,92.6487371,29.67411617,27.26924761,2.13105957,1.158879014,1.966259704,Desktop,Edge,16-18,female,mid
8,50.85895946,74.36861754,25.74868841,27.34836868,2.305791507,1.336503312,1.72830035,Android,Edge,16-18,male,high
15,26.63441677,84.21890055,35.34564718,22.57898562,3.282525557,1.457454655,0.939807323,Shared/Other,In-App,13-15,male,low
17,54.99395134,62.64636725,28.24851944,28.02465296,2.401697147,1.568949971,1.631916523,iOS,Safari,16-18,female,low
12,46.67463721,63.80953622,31.44934647,21.73868408,1.308105074,1.523232749,2.18752749,Desktop,Safari,13-15,male,mid
15,58.87954191,58.30833507,37.81508946,35.41094836,1.792991081,1.57145828,1.832900624,iOS,Chrome,19-22,male,low
9,36.1473855,66.0016519,32.54318266,15.6909037,1.46905037,1.048779747,1.529577168,iOS,In-App,13-15,male,low
12,48.72355597,38.44913485,27.56804116,26.02747604,2.103815835,1.271461384,2.86550053,Shared/Other,Edge,16-18,male,mid
20,46.20801645,66.76153069,43.1634574,27.17686734,3.577412185,1.936740429,1.05080467,iOS,In-App,13-15,female,low
14,66.69800165,83.75254449,28.47214686,33.46804857,3.401535121,1.925959714,1.287223817,Android,Chrome,19-22,female,low
14,58.58483797,61.83414614,29.68397733,45.97604499,3.409437778,1.273166604,2.551197704,Shared/Other,Firefox,19-22,male,low
10,37.39201229,66.49544544,31.405004,31.35074211,2.210144415,1.860724898,2.585679934,Android,Chrome,13-15,female,low
18,73.87602548,82.52014046,32.05557071,27.23954465,3.422325966,1.65565103,0.853437639,Shared/Other,Chrome,19-22,female,low
22,57.87375138,97.16210631,20.28595129,24.56106152,3.946156438,1.792635666,2.073678737,Desktop,Edge,16-18,female,high
17,45.71999908,84.44701385,29.81687546,23.13416881,3.659915531,1.080181292,2.863407446,iOS,Edge,13-15,female,low
19,67.01415314,66.48194002,28.73049519,58.70806979,1.402699992,1.836988461,2.374383581,Android,Chrome,19-22,female,mid
20,81.40876177,76.11220915,36.14890763,32.90650754,3.294571147,1.078571582,1.975064929,Android,Chrome,19-22,female,low
11,43.39266848,94.0438508,42.43960204,34.71289731,2.102251735,1.425594865,1.705188492,Shared/Other,Safari,16-18,female,mid
22,42.04002283,74.88865358,29.81970813,31.06429268,3.076510831,1.330417927,2.169333252,iOS,Edge,16-18,male,high
14,49.46346271,74.77420564,30.33972417,19.67491225,2.563433456,1.259055595,2.188724052,Android,Edge,13-15,male,mid
9,50.85871767,77.15035812,22.88009833,25.1830834,1.535134117,1.833788331,2.442899241,Desktop,Edge,16-18,female,mid
11,81.38808421,80.60762601,25.1654292,28.15436313,2.830254541,1.973048092,2.838456663,iOS,Edge,19-22,female,low
15,29.88375833,61.10971179,23.46939621,29.12684644,3.270779163,1.780041746,0.535996931,Desktop,Edge,13-15,female,mid
12,42.84919616,87.9722354,23.21955417,27.51943936,2.624722619,1.261350323,0.905876523,Desktop,Safari,13-15,male,mid
17,63.15531705,57.03835341,32.65153091,34.37783918,3.992279139,1.405900819,1.030716522,Desktop,In-App,19-22,female,mid
12,46.30823844,85.02034915,28.87285693,23.89140753,1.192077799,1.885719145,1.276458821,iOS,Chrome,13-15,male,mid
21,51.90565263,78.75087572,35.4984311,20.36754498,1.681969675,1.87175853,2.501780148,Desktop,In-App,13-15,male,high
20,49.58037504,83.41803107,25.11044425,34.13582722,1.57577586,1.633354041,1.576326774,iOS,Firefox,19-22,female,mid
10,49.56960068,89.66163471,22.18664778,25.75392587,1.479251893,1.261450849,1.912905835,Android,Firefox,16-18,male,mid
11,49.22717622,79.86984708,33.36972195,24.25879394,1.839770458,1.63981786,1.290621105,iOS,In-App,16-18,female,mid
18,31.31916252,78.18320188,22.80998414,37.30036577,3.300956946,1.126857024,2.675037351,Desktop,Edge,16-18,male,high
14,71.91041306,63.35471174,32.69480141,43.5672428,3.482174219,1.676575907,1.678447652,Shared/Other,Firefox,19-22,male,mid
16,31.54605675,83.67232873,31.27541778,35.74687465,1.180766934,1.893287768,1.099191272,Desktop,Safari,16-18,female,low
15,60.13544314,90.09994324,31.31493062,12.40187907,2.187106435,1.944756906,2.568374909,Android,Firefox,16-18,male,high
17,69.71904477,94.4789098,30.34929898,33.44915806,2.332143529,1.523859662,1.495880762,Desktop,Edge,19-22,female,mid
21,71.83986686,81.36691377,28.20499474,36.69260414,2.621492974,1.321338441,1.869167225,Desktop,Safari,19-22,female,high
8,37.43099169,52.94655163,35.43604731,27.12234005,1.909311321,1.515707967,2.113279081,Desktop,Safari,13-15,female,mid
16,60.24517628,69.39155633,29.75884101,39.08579638,3.667022201,1.853003429,2.462028337,Desktop,Safari,19-22,male,mid
16,64.00646687,56.82136936,38.65210412,31.53827069,1.722063795,1.960294291,1.533498106,iOS,Chrome,16-18,female,mid
13,50.87053488,81.70703459,16.83428478,40.21640704,1.485357203,1.108711739,1.224093697,Desktop,Safari,19-22,female,low
22,31.79124448,63.61825376,33.65426914,33.91437504,1.75851688,1.720576529,2.483582397,Android,Edge,16-18,female,mid
20,59.69767778,84.76295777,40.26327168,37.33658565,2.841936422,1.930190627,2.138842579,Desktop,Edge,16-18,male,low
16,80.64370674,76.50685858,26.51241715,58.12429998,2.808808203,1.906104889,1.669008786,iOS,In-App,19-22,male,high
9,32.61551631,87.04147381,30.05878385,24.72777955,2.656219312,1.607725178,0.576408428,iOS,In-App,13-15,female,low
9,33.10900141,80.42357831,31.60606449,21.91677948,1.527434663,1.343357191,1.903073351,Desktop,Safari,13-15,male,high
14,37.62087167,73.70349465,26.23749438,18.50135315,3.644191312,1.150291505,2.71449547,Shared/Other,Firefox,13-15,female,mid
18,27.01096147,91.41167909,27.37546151,14.02368208,1.634751499,1.468760792,2.133895856,iOS,In-App,13-15,male,mid
9,65.04308003,74.35448507,27.14761766,31.20263144,2.907945553,1.008427458,1.991966254,Desktop,In-App,16-18,male,low
17,60.22350689,58.78719253,32.64808092,21.93381382,1.518906628,1.296077118,1.116784251,Desktop,Chrome,16-18,male,low
19,40.94419203,53.1826777,29.11779541,36.57766832,3.810906851,1.562530298,2.607231685,Shared/Other,Firefox,19-22,female,mid
18,34.26456777,83.77632992,29.7057428,38.67676422,3.21915084,1.672510493,1.800233054,Desktop,Edge,16-18,male,mid
13,34.11395681,70.83845203,19.95035368,27.77866992,3.54133967,1.937713284,1.564525774,iOS,Chrome,13-15,male,low
17,43.63199502,80.75516122,32.49284846,42.32516138,3.59190777,1.569570903,2.667365036,iOS,Chrome,19-22,male,low
10,71.33458248,66.347894,34.36439475,30.1961354,1.37271519,1.699129416,2.607320031,iOS,In-App,19-22,male,low
11,34.14927506,88.78262205,39.8356609,26.03283306,1.488156227,1.06953536,1.881541452,Desktop,Firefox,13-15,male,high
17,59.09663986,85.26293728,26.39174953,27.19927093,2.957558971,1.989727784,1.009981769,Desktop,Chrome,19-22,female,mid
11,59.11127846,59.089057,21.16017197,22.35701587,2.581545509,1.019102084,1.741665452,Shared/Other,Safari,16-18,male,mid
18,73.81435062,81.34616743,30.43493576,56.55042221,3.282658751,1.687058153,1.539842361,Shared/Other,Safari,19-22,male,low
12,40.06550158,70.13382038,33.54535599,28.09687618,2.076997423,1.809216141,0.800060129,Desktop,Edge,16-18,male,high
13,46.5555524,78.68579699,25.09103825,25.43040835,2.214596873,1.464743784,2.503576016,Shared/Other,Firefox,13-15,male,mid
15,30.51085467,69.63868836,32.54724484,19.7821663,2.05683968,1.125883239,1.852597868,iOS,Firefox,13-15,female,low
18,55.47706193,69.62087525,24.26226358,29.43568545,3.228943654,1.42406212,1.123844632,Shared/Other,Firefox,16-18,male,low
18,57.53671633,57.31918758,24.72431227,37.33633871,2.612553211,1.749038655,0.781421841,iOS,Chrome,16-18,female,low
8,65.33356711,50.41258077,32.069296,35.42584787,2.438066703,1.197097015,1.752067606,Shared/Other,Edge,16-18,male,mid
18,68.12307876,67.99676094,32.55091079,48.71284302,3.062247411,1.421900003,2.821140804,iOS,Firefox,19-22,male,mid
22,53.78671452,60.51646408,30.65517702,47.24834699,1.011323889,1.980502397,2.845799246,Android,In-App,19-22,male,high
20,64.68681156,70.66379891,17.87602783,54.8575094,2.334200951,1.531286223,1.99542118,iOS,Chrome,19-22,male,low
14,41.42500334,86.92677528,32.07222725,30.66251785,2.075036526,1.653443459,1.892891049,Desktop,In-App,16-18,male,mid
21,50.51243512,70.97771813,27.87982172,28.94588162,1.109476889,1.857315081,1.821255719,Android,Chrome,16-18,female,high
20,32.30179464,70.95081309,32.59565323,27.12206157,2.523631648,1.648689785,1.911565328,iOS,Edge,13-15,male,mid
14,46.01963394,58.39559582,31.44279075,30.18954627,1.801467146,1.6208608,2.861418858,Shared/Other,Safari,16-18,male,low
10,30.38895064,85.0164542,24.79236666,18.19402255,2.07756266,1.190716404,1.423501428,Android,Edge,16-18,male,high
23,68.05441161,72.83924711,28.03865619,33.49766914,3.465857851,1.747159222,1.753116887,iOS,Chrome,19-22,female,mid
17,35.49688905,80.5038047,21.57887601,31.35342361,1.178608197,1.960044841,0.774812433,Desktop,In-App,13-15,male,mid
16,47.24054224,62.35006742,29.87531942,33.21323733,1.348381943,1.899788001,2.254094635,iOS,Chrome,16-18,female,low
10,61.78124078,91.77565785,28.93550461,69.98734106,3.999517871,1.710538359,2.19512604,Desktop,Chrome,19-22,female,mid
17,56.99209648,75.16919799,26.26939494,34.0430577,3.877713714,1.978914323,1.829199446,iOS,Chrome,16-18,male,mid
11,66.40252364,68.52316157,22.62071674,37.94570671,3.519449751,1.633382671,0.916045121,Android,In-App,19-22,male,low
19,77.74154406,67.063835,31.58629291,41.07808328,2.745745465,1.318514038,1.45788289,iOS,Safari,19-22,female,low
8,48.52389856,74.58493406,28.65651288,40.48161939,2.771935753,1.277904747,1.148534378,Shared/Other,In-App,16-18,female,mid
15,30.53521826,74.18005379,24.997403,18.17177327,1.506953229,1.041431246,1.345815676,Shared/Other,Edge,13-15,female,high
20,51.77425433,74.25176554,19.21949121,51.52867114,3.455926566,1.838558643,2.312348602,Desktop,Safari,19-22,female,low
7,32.10818775,75.1073389,21.75071596,25.72325696,1.496860575,1.332761085,1.167015902,iOS,Edge,13-15,female,low
14,61.90638904,79.37044995,27.63827817,29.63081232,1.436588385,1.480993639,2.364928345,Desktop,Chrome,16-18,male,mid
7,27.40375753,75.94042791,32.84026078,18.90432639,3.261414586,1.512744743,1.215509351,Android,Firefox,13-15,male,low
12,54.40479797,75.85982536,40.27565983,34.7333179,3.644134981,1.039297953,2.123518799,iOS,In-App,16-18,female,mid
19,39.08338092,67.21508435,35.39638846,25.172494,3.108186349,1.49455019,1.308230252,iOS,Chrome,13-15,male,mid
14,51.98857146,79.94466488,23.08085598,47.82103662,1.375076497,1.978453148,1.636438647,Shared/Other,Firefox,16-18,male,high
23,68.57439207,59.08829894,31.88106572,33.33276316,3.82288379,1.51127483,0.822415016,Desktop,Firefox,19-22,female,mid
16,77.60444559,81.64383059,30.02524827,12.68158852,3.745693347,1.941315529,2.530932644,iOS,In-App,19-22,female,low
21,41.88468252,71.19620695,33.56917697,27.97856454,1.91635382,1.387212996,2.916196682,Desktop,Safari,16-18,female,mid
18,58.0249286,66.57768066,24.92562839,44.23553396,3.28762299,1.755732319,1.674455376,iOS,Edge,19-22,female,mid
16,50.76853532,89.31453021,34.62833474,35.43644085,2.040071131,1.330370473,1.17429601,Desktop,Chrome,16-18,male,high
21,68.09442321,82.78505984,31.09288698,42.09443226,2.077764249,1.700472436,0.639513666,Android,Chrome,16-18,male,mid
13,59.26346995,65.90838439,35.91007785,32.22024768,1.168989012,1.20987071,1.52167944,Android,In-App,19-22,female,mid
13,47.71012179,76.82405759,29.33544231,18.68462175,1.065188208,1.904794953,0.78313152,iOS,In-App,13-15,female,mid
16,38.50184139,65.13080617,25.49423829,20.84297035,2.564193064,1.967772162,2.801307444,Desktop,Edge,13-15,male,mid
14,58.61729678,59.91157409,31.27022966,47.56907722,1.456414613,1.645305539,1.971531867,iOS,Safari,19-22,male,high
21,49.51738758,67.60860921,31.97837191,25.43614946,2.995269352,1.333567182,0.931487329,iOS,Chrome,13-15,female,mid
14,47.59786115,86.37910175,28.34818269,31.23685578,2.44695574,1.90121336,1.774520202,Desktop,Chrome,16-18,male,mid
15,37.59154225,83.87221409,36.28225452,30.69048547,3.279389079,1.192762022,0.943145717,Android,In-App,13-15,male,mid
11,57.58496122,75.67187675,26.95089392,47.2830141,3.983277067,1.342316201,1.360937041,iOS,Safari,19-22,female,mid
8,56.3243679,69.95512482,32.37207817,22.34256145,1.782818808,1.921629107,2.825065283,Android,Safari,16-18,female,high
21,45.91500875,74.30666292,33.47272776,31.00633022,3.024557244,1.687440727,2.686255231,Desktop,Firefox,13-15,male,mid
17,55.49344626,99.19465682,29.79081905,37.61122093,3.874103559,1.33078782,2.40218513,iOS,Safari,16-18,female,mid
16,43.40361945,85.72708741,31.89662682,30.07496587,3.190985265,1.462856778,2.773056893,Android,Firefox,16-18,male,high
17,46.00988433,86.99537839,34.22921922,26.25491999,3.227242796,1.50400045,0.528126306,Shared/Other,Chrome,13-15,male,high
10,46.62937217,70.20565624,26.04193486,21.25154668,1.224221372,1.243031812,2.892447091,Android,Safari,16-18,female,high
16,25.93338219,78.71314917,19.36055903,20.2425867,1.833132826,1.700458276,1.529373823,Android,Chrome,13-15,female,mid
15,28.91275376,73.89096709,29.3300768,21.51491218,1.934786804,1.559666041,0.83619049,Shared/Other,Edge,13-15,male,mid
21,70.00997271,67.35914466,23.18877895,42.82571834,2.179950433,1.117886066,1.064553386,Desktop,Firefox,19-22,male,low
21,28.17177354,65.84338832,21.73245208,32.61972905,1.052526263,1.437574468,1.340796378,Shared/Other,In-App,13-15,male,mid
12,33.09078455,95.55192743,25.62579361,24.26061967,2.663484268,1.977629098,2.464356533,Desktop,Safari,13-15,female,mid
14,65.54616035,70.655498,26.17519823,41.1448371,1.512180795,1.475175973,2.492453504,Shared/Other,In-App,19-22,male,high
11,42.6747228,74.92372721,25.91626677,35.46092137,2.004063858,1.657655609,0.95568896,Desktop,Safari,16-18,male,mid
13,49.97881536,93.09160162,19.55431289,32.60968914,3.639616512,1.817240243,2.719953624,Desktop,In-App,19-22,male,mid
21,40.29380431,85.62296882,26.77552338,30.36709055,3.673815517,1.742581223,0.938959282,iOS,Firefox,16-18,female,mid
22,71.34532591,69.27520984,40.2688877,38.74120673,2.168346429,1.454412817,2.453820547,iOS,In-App,19-22,female,mid
10,57.33599177,74.57823894,33.69559326,40.35056864,1.19297585,1.321529903,1.378531603,iOS,Firefox,19-22,male,mid
22,64.60371504,75.48359579,49.69251489,40.47681367,3.471359268,1.926968199,2.158164684,Android,Safari,19-22,male,mid
11,47.30506017,70.17087153,33.37115896,38.83773897,3.991411046,1.355261813,1.466121646,Android,Chrome,16-18,female,low
20,60.93676395,68.13076585,32.37558977,21.76945882,2.823124502,1.628640652,0.726421184,Android,Safari,19-22,female,mid
21,41.81658328,74.44511396,28.65323092,45.80510213,1.772193937,1.638144568,1.648231134,iOS,In-App,19-22,female,mid
17,32.25539255,81.12459246,36.87526592,31.0031483,3.145365035,1.685278155,0.835780749,iOS,Chrome,13-15,female,mid
15,25.68590861,74.14757071,33.00890302,29.13466013,2.288094461,1.67807951,2.418921406,Desktop,Chrome,13-15,female,mid
19,39.99152097,76.20240834,29.79444634,19.67549495,1.436686743,1.040694772,0.582460151,Shared/Other,Chrome,13-15,female,low
9,44.40352516,80.2968697,33.36011163,17.87627045,3.035315877,1.329716186,2.076779093,Android,Firefox,13-15,male,mid
11,50.91670099,88.28331806,31.73705239,27.62532493,2.683116176,1.06381359,2.233618102,Shared/Other,Firefox,16-18,female,high
16,58.89721049,85.63955845,27.9252206,54.84444319,2.401692858,1.3216106,1.903009581,Android,Chrome,19-22,male,mid
12,50.75892821,75.77202517,28.80977587,30.86829697,2.486977739,1.937895493,2.755347162,iOS,Safari,16-18,female,mid
14,65.96915141,62.07740908,35.37783969,44.80416306,1.561751085,1.116203863,0.625592248,Shared/Other,Safari,19-22,female,mid
9,24.74664067,91.66279244,35.72469451,24.66302873,3.31669038,1.503022213,0.993065718,Shared/Other,Chrome,13-15,male,low
19,43.36207473,72.93600943,30.60497717,26.89398113,3.581352207,1.816232171,2.414979099,Shared/Other,In-App,13-15,female,mid
12,42.9521353,66.81314957,21.15054332,33.67351878,3.157720562,1.300359822,2.384523272,iOS,Safari,16-18,female,high
9,56.98217551,70.65624237,29.27308656,26.51929102,3.249566186,1.254589179,1.68558953,iOS,In-App,16-18,male,low
12,36.96157672,61.02000077,18.60180798,19.2283625,1.471237253,1.414734642,1.258070702,Desktop,In-App,13-15,female,mid
22,60.75333517,60.76282181,41.90972492,21.58021711,1.28753616,1.796892965,0.937333907,Desktop,Edge,16-18,male,mid
11,62.30252982,91.2840479,29.30026582,25.42346522,2.058123491,1.784766211,2.918440164,Desktop,In-App,16-18,male,mid
21,61.30227555,83.78068009,29.25208953,26.01563589,2.864701703,1.870048766,0.598441326,Android,Chrome,16-18,female,mid
15,37.44365371,82.39758184,43.41484138,28.53130105,1.117568179,1.098672098,0.751166448,Shared/Other,Edge,16-18,female,low
9,71.31589113,82.09214684,31.99544672,35.32349937,1.139281367,1.72082349,1.85002088,Shared/Other,Safari,16-18,male,low
8,58.76670535,87.08744414,30.47149346,27.43374334,1.25549731,1.531154622,2.197250148,Desktop,Chrome,16-18,female,low
17,36.49619771,94.9146894,26.56338787,24.41029265,2.299031937,1.283215627,1.218393427,Shared/Other,Edge,13-15,male,low
20,43.89507674,71.28331051,29.85521744,20.38673004,2.7935125,1.031665797,1.848006219,Shared/Other,Edge,16-18,female,high
18,27.98166492,83.50245519,27.64443488,27.27439502,2.47828682,1.827665167,1.436190009,iOS,Chrome,13-15,female,mid
12,34.65123172,66.81676415,30.89547401,26.08197437,1.846373621,1.849675105,0.52767282,Android,Edge,13-15,female,high
21,51.73020865,81.66975747,23.17320376,21.6011214,3.405639856,1.069607834,2.047230578,iOS,Chrome,16-18,male,high
13,36.5618052,89.23063992,27.95336104,26.97900503,2.995993426,1.778436921,1.665830039,iOS,Safari,13-15,male,mid
18,63.89642225,95.21956154,25.98343811,44.99146995,1.933770769,1.079699923,2.271331317,Desktop,Firefox,19-22,female,mid
10,52.85614665,100,39.56735779,25.07163138,3.062013105,1.224494872,2.14710725,iOS,In-App,19-22,male,mid
13,39.80339233,66.50124075,32.82325361,29.68158026,1.050632173,1.159798604,1.442471741,Shared/Other,In-App,16-18,female,low
12,38.10671429,52.93351142,34.3062077,26.80699486,2.307414498,1.83850134,1.908183895,Android,Chrome,13-15,female,mid
18,47.32537873,61.3739972,25.3119611,29.96561736,1.656312918,1.823816477,1.023018706,Shared/Other,Safari,16-18,female,low
10,59.48799405,94.31931394,24.98137101,40.60136208,2.641382141,1.82112663,2.547255691,Desktop,Safari,16-18,female,high
12,44.02624584,58.16318602,33.06353165,17.24622074,1.622834097,1.76453203,2.838640389,Shared/Other,Edge,13-15,male,mid
21,50.2864878,72.0587773,28.94153205,27.17628581,2.84608891,1.822275892,1.955108946,iOS,In-App,13-15,female,mid
18,67.48050699,71.95114622,33.54743937,37.1533545,1.354114226,1.621373695,1.637471586,Shared/Other,Edge,19-22,male,mid
15,55.15336193,76.68101461,26.38526241,34.6013405,2.925104413,1.816405928,1.221442132,iOS,In-App,16-18,male,high
10,57.32348534,63.16508118,31.35322443,30.22992068,1.448059933,1.502196914,2.321771762,Shared/Other,Safari,16-18,male,low
13,35.7174928,89.81672227,18.33355948,29.13343011,1.323864791,1.695840104,2.335640109,iOS,Chrome,13-15,male,low
15,34.14447178,73.04626274,23.75638955,31.41285995,3.322590523,1.423350067,1.273833565,iOS,Safari,13-15,female,mid
15,79.84243018,59.88195255,24.43949053,37.84253894,3.894834446,1.771973411,0.550489852,Android,Firefox,19-22,male,low
12,46.36317145,65.84742952,26.63420716,32.56722488,2.743401021,1.675451544,2.08535499,Android,In-App,13-15,male,low
11,53.72146426,52.83122323,29.61249406,28.19555657,1.929922515,1.376286175,2.029087385,iOS,In-App,16-18,male,mid
12,58.2509727,62.93204114,32.90279529,20.33005685,3.794211845,1.642572012,2.693579872,Android,Safari,13-15,male,high
21,64.23465724,73.43155117,36.9125706,46.80895539,2.331279263,1.747537788,0.870096075,iOS,Safari,19-22,male,mid
8,23.92890808,80.26244948,29.61512476,23.67998114,1.095124228,1.591521768,2.358590229,Desktop,Firefox,13-15,male,mid
18,82.8632233,70.50065371,27.44995041,41.79580889,2.058474169,1.366325642,2.363193176,iOS,Chrome,19-22,male,mid
19,48.0181766,80.51096983,32.98302807,36.39156658,1.45969591,1.233735532,1.164328943,Shared/Other,In-App,16-18,female,mid
19,58.65243215,69.65590561,16.22175664,49.22754218,1.246053713,1.042172092,1.671770749,Android,Chrome,19-22,female,mid
11,54.11144173,77.54995471,28.73599497,32.62671949,1.13384164,1.267444121,1.799790368,Desktop,Safari,19-22,male,mid
21,65.81647416,99.84745046,31.43583972,47.54824025,1.982302209,1.873534201,1.61075384,Shared/Other,Safari,19-22,female,mid
8,59.27649489,79.25410572,36.51132816,30.82598303,2.955951131,1.348960765,0.599393856,iOS,Edge,16-18,female,low
18,62.86400143,55.86725482,36.82728947,32.91911516,1.880850342,1.31581938,1.018208265,Android,Chrome,19-22,male,mid
18,55.01469274,72.64555542,28.68786202,36.47416625,1.756457776,1.244811527,1.277120677,iOS,Edge,16-18,female,low
21,36.26221283,76.80140761,32.85353219,25.17337962,3.940128798,1.753429212,0.763709667,Android,Chrome,13-15,male,mid
15,42.91813419,67.06118455,35.99927668,28.87938552,2.164840693,1.158742129,1.80864521,Shared/Other,Chrome,13-15,female,mid
19,78.62638286,93.53543012,39.81332049,41.29208886,2.327604334,1.98428133,0.649055593,Android,Safari,19-22,male,low
10,38.35114567,75.16020147,28.39500966,32.53078307,2.726691249,1.670047546,0.923476522,iOS,Edge,13-15,female,mid
9,36.5595698,70.45006588,33.47412353,23.21411233,2.105835432,1.918633582,2.745737431,iOS,Firefox,13-15,male,mid
10,41.26277361,73.90861415,28.34707331,19.49975412,2.400117655,1.569444437,1.768250581,Android,Firefox,13-15,male,mid
14,39.89607388,61.07067362,27.02254797,25.96559987,1.678837458,1.491717644,0.927217589,iOS,Firefox,13-15,male,mid
12,56.52354929,89.34345802,26.3482257,32.47749149,3.374475583,1.954669177,2.473934587,iOS,Edge,16-18,male,mid
19,57.42845602,70.85466059,38.50947219,44.90604324,3.26161136,1.713927948,0.566500576,Desktop,Safari,19-22,male,mid
19,59.60204918,90.50941299,33.71069462,27.82103092,3.713981839,1.146498933,1.15397399,Shared/Other,Chrome,16-18,male,mid
19,56.54709302,80.40456805,24.7522677,33.26022336,2.477584846,1.386628868,1.250580873,Android,Safari,19-22,female,mid
12,45.58680996,80.82930507,25.27839582,36.50635343,1.772729607,1.48554687,0.828833556,Shared/Other,Edge,16-18,female,high
18,27.18540699,63.06292828,37.67627575,25.96445006,2.202443041,1.501825182,1.08446153,iOS,Edge,13-15,male,high
10,42.13792497,63.33307804,35.70258167,21.02737541,2.02820281,1.131905393,1.938676669,Android,In-App,16-18,male,mid
16,57.29692924,80.34636533,29.95983198,28.4387101,2.64026634,1.328535477,0.738668252,iOS,Edge,19-22,male,mid
12,58.45740965,70.20285717,29.56549977,51.1137777,3.336031028,1.716986113,1.522005786,iOS,Chrome,19-22,male,mid
8,40.51132451,81.79939873,25.71261827,29.3597097,1.303295297,1.893938459,0.872872009,Shared/Other,Edge,16-18,male,low
10,76.42439168,91.22875984,33.48111841,16.05355134,2.578978411,1.769972646,2.380181839,Shared/Other,Chrome,19-22,male,mid
14,58.89308234,81.04058006,30.31242346,52.22456096,3.648724395,1.129245847,0.603206167,Desktop,In-App,19-22,female,mid
12,28.17913199,81.32506976,33.28060228,15.27475135,1.26591271,1.079846968,1.266925089,iOS,Chrome,13-15,male,low
12,39.15876864,80.47769776,24.41121026,30.48112486,3.020307704,1.829231693,2.686879458,Shared/Other,Chrome,13-15,male,high
9,44.25202704,71.63141651,28.04026046,34.70933289,3.326251706,1.26185962,1.622587416,Shared/Other,Safari,16-18,male,low
22,43.12663556,89.00179224,23.21270868,35.26740588,2.371741665,1.066537761,2.302819041,Android,Chrome,16-18,male,mid
10,41.17782481,69.9110456,29.2841545,28.38596999,3.528783681,1.640460235,0.522146773,Desktop,In-App,13-15,male,mid
19,25.93889322,67.70634649,24.21287352,34.37243341,2.879586315,1.131724597,1.593324834,Shared/Other,Safari,16-18,male,mid
12,38.59406205,88.88808594,35.15320466,27.7358974,1.101069512,1.639757712,0.791968406,iOS,In-App,13-15,female,mid
20,64.3250982,74.78290644,30.33225481,37.06208652,3.768979822,1.908264963,1.412122469,Android,Chrome,16-18,female,mid
11,61.91455217,67.25875031,27.58392955,31.22453821,3.977685876,1.302305536,2.200634183,iOS,Firefox,19-22,female,low
20,38.47195881,71.09970813,35.53066498,22.02274803,2.784486119,1.375048079,1.502790514,Desktop,Chrome,13-15,female,mid
10,54.51775386,58.11599418,35.76961316,30.27894513,1.605750857,1.815924169,1.900481659,Desktop,Safari,16-18,male,mid
18,63.4133383,84.09459172,26.68126777,35.45109799,2.853184998,1.064051557,2.597015838,iOS,Edge,16-18,female,mid
16,62.30562035,78.44226767,23.06458529,33.89764693,1.906492425,1.843301273,1.37497333,iOS,Safari,19-22,female,mid
16,52.66551444,74.75634866,36.32561095,37.3406132,1.284097105,1.224029249,2.277632004,iOS,Safari,16-18,male,high
16,81.93285275,80.34478673,35.32296543,27.18381758,2.316488138,1.864517316,0.848086253,Shared/Other,In-App,19-22,female,mid
21,29.02359839,75.99184694,34.43977123,33.38294254,3.042815141,1.094808271,2.079201752,Shared/Other,Firefox,13-15,female,mid
16,52.37491676,78.04537399,26.22703215,41.40007041,1.089503542,1.482486281,1.179447938,iOS,Edge,19-22,male,high
9,43.28221253,78.2200963,35.99122668,35.26197746,1.304667658,1.32391145,2.008965523,Android,In-App,13-15,male,low
21,33.16411552,64.83325624,37.37566829,26.22801943,1.291075117,1.18136776,1.7190194,Shared/Other,Firefox,13-15,female,mid
18,61.43931184,55.18277281,26.58409859,40.58775951,3.122438651,1.831490338,1.039490331,Desktop,Safari,19-22,male,mid
19,25.6389857,79.2934967,31.83417434,26.71674893,1.799991349,1.871268523,2.135234996,iOS,Edge,13-15,male,mid
17,44.46136272,75.858071,23.25524828,33.19020956,2.48800429,1.212813226,2.182004234,iOS,Chrome,16-18,female,low
18,25.88219945,63.32577265,23.43163582,20.75618063,3.289014807,1.534646662,0.744940439,Android,In-App,13-15,male,mid
18,52.1293854,64.60396933,31.48369882,36.48295053,3.818621353,1.345869292,0.611895889,Desktop,Safari,19-22,male,high
11,62.323792,96.2100922,31.96251955,19.76329988,3.278041722,1.471073885,2.88337325,Android,Edge,16-18,female,low
18,42.1439617,85.89321357,35.9274026,29.43989524,2.656410364,1.952521664,1.767942902,Shared/Other,Edge,13-15,female,mid
19,25.50724303,67.12650913,33.71682615,17.2927374,2.874388004,1.704842569,2.352801731,iOS,Firefox,13-15,male,low
18,78.32368611,79.10234241,24.5953617,41.29961872,2.624662422,1.659487137,2.733887853,iOS,In-App,19-22,male,mid
23,57.49949438,69.948862,18.56327297,21.48641292,3.469527227,1.094619538,2.193210811,Desktop,Safari,19-22,male,mid
12,63.21511142,60.49166305,25.26626006,38.5365133,2.473596459,1.632932569,0.592755613,iOS,In-App,19-22,female,mid
19,62.74896657,74.89424375,27.59013285,50.04588952,3.857287134,1.252804659,1.165387051,Shared/Other,Chrome,19-22,male,mid
13,28.52882183,70.45965428,32.20059514,22.96034094,3.837956839,1.165595509,0.564175925,Android,Safari,13-15,male,mid
20,65.02080742,75.73329928,34.3432862,31.27117776,1.900374784,1.77609993,1.280801575,Desktop,Edge,19-22,male,mid
19,66.34615736,79.00637853,21.75345736,22.7701601,1.192573378,1.580790561,1.474159574,Desktop,Chrome,19-22,male,mid
18,48.11165695,72.25427203,25.05427634,35.97618261,3.954233988,1.988887572,2.00606848,Desktop,Safari,16-18,female,high
10,68.17938321,71.6217612,36.63220283,40.97288729,1.289389462,1.168882087,2.956637074,Android,Edge,19-22,male,mid
22,66.00212665,69.41653992,23.04211884,25.90611096,2.118128535,1.898797194,1.761215472,Android,In-App,16-18,female,high
22,77.72994424,66.98063458,30.67373453,40.7226791,1.369729131,1.011305831,2.183211126,Shared/Other,Chrome,19-22,male,low
23,41.30057755,50.79782529,27.40917355,36.66834215,1.406408398,1.579674828,2.275832478,Android,Chrome,19-22,male,mid
18,49.21085458,82.79408369,34.25485659,36.89561536,1.044690325,1.920191622,1.378763035,Shared/Other,Chrome,16-18,male,low
13,68.4262779,71.4194503,23.25867207,38.06546568,1.107410355,1.422543905,0.671550242,Desktop,Safari,19-22,male,mid
11,57.38728004,87.47260853,24.45928539,23.1805207,1.740051596,1.439844745,2.909333867,Android,Chrome,16-18,male,mid
11,64.92068853,66.19061985,26.18861317,27.9031203,2.871649465,1.510948813,0.553382283,Android,Chrome,19-22,male,mid
23,45.1730772,77.53190007,33.40635214,37.67358563,2.425362931,1.37765155,1.547946378,Android,Firefox,19-22,male,mid
10,37.14326624,91.91650408,24.01531037,43.75860125,2.419872212,1.021230492,2.535957769,iOS,Firefox,19-22,female,low
18,65.48775299,60.99577236,27.97985011,25.8942939,1.935556635,1.587741488,2.640520836,Shared/Other,Safari,16-18,female,mid
19,50.93124653,50.17751322,33.15485475,40.58093604,1.589638793,1.614737384,2.984230439,Desktop,Firefox,16-18,female,mid
21,47.76576527,63.26181961,37.86695315,31.77515059,2.59222178,1.652570782,0.632093094,Desktop,Firefox,16-18,female,mid
10,57.58027379,82.86188441,27.7821761,21.26128532,2.518073933,1.956558639,0.840646656,Desktop,Chrome,16-18,male,low
21,63.93495297,82.60998612,30.50969825,30.96279281,2.162729847,1.252404369,1.798298389,iOS,Chrome,16-18,male,high
23,68.30801691,96.04546017,33.68087208,44.3397208,2.471992503,1.116880216,2.33525058,Android,Chrome,19-22,female,mid
21,54.97794599,60.17972318,22.9577543,35.82107346,2.220122413,1.375809469,2.165491519,iOS,Edge,16-18,male,low
14,35.56586937,68.83709132,32.30692221,28.99811522,3.827459417,1.592799869,0.717489556,Shared/Other,Chrome,16-18,male,low
10,67.0412963,73.19328639,31.1600106,22.00407742,1.531724466,1.799349516,1.302223366,iOS,Safari,16-18,male,low
15,76.74806517,80.8598418,28.78493935,45.53947266,1.039693212,1.193966151,1.554830666,Shared/Other,Safari,19-22,male,mid
15,50.61278043,74.39312208,29.69470441,22.66492955,2.825703971,1.831422747,2.369278813,Shared/Other,Safari,16-18,female,mid
10,36.83904211,77.50688578,17.79355708,23.28169655,3.860488725,1.535507755,2.98768304,Desktop,Safari,13-15,male,low
17,70.89009951,93.86128671,33.03675102,38.73837871,1.500029125,1.752785757,1.089927778,Android,Chrome,19-22,male,mid
18,31.80716217,74.48036822,25.26844377,28.98475091,2.003364446,1.884137963,0.683530234,Android,In-App,13-15,male,mid
15,35.40326063,67.9474869,32.85228784,20.22747076,2.08614535,1.421069483,1.33594673,Shared/Other,Safari,13-15,male,low
17,85.31771363,69.20509706,28.60796506,54.0660591,1.342992546,1.298131124,2.554522632,iOS,Edge,19-22,female,mid
23,69.73051738,79.86533303,29.31470592,45.1503957,3.531623687,1.829819561,2.935379839,Shared/Other,In-App,19-22,female,mid
12,34.40260232,76.06364867,30.82207471,18.09859137,3.209283294,1.101953709,0.589688913,Desktop,Firefox,13-15,male,mid
13,63.88292193,67.58515275,38.08979842,53.58721181,1.990886869,1.872282889,2.7933348,Shared/Other,Firefox,19-22,female,mid
13,37.75145687,90.4831491,36.70539045,19.60748072,1.674392479,1.246529014,2.468475648,Android,Safari,13-15,female,high
16,39.70979152,70.04675589,30.70567445,35.49862352,3.966286413,1.15686633,2.295172757,Android,Chrome,16-18,female,mid
15,27.38301006,46.79733497,27.01025327,24.58138782,2.222071073,1.365014174,1.815013509,Desktop,In-App,13-15,male,low
11,32.88260538,81.99809985,30.66455462,34.69065163,2.87724648,1.91079198,0.513575398,Android,Chrome,16-18,male,high
16,45.13794878,68.33240673,34.876712,37.42129966,1.209451015,1.988847459,1.126822198,Desktop,In-App,16-18,male,low
19,30.72568745,74.12283494,37.22417756,28.63693927,3.643966796,1.735903431,1.286737158,iOS,Firefox,16-18,female,high
18,63.63518235,69.8124944,31.14238513,41.15806967,2.987075746,1.900811121,2.923425728,Android,Chrome,19-22,male,mid
21,33.25638581,73.84703111,25.39818303,15.98003697,1.978783586,1.282204161,1.853688939,iOS,Chrome,13-15,male,high
16,38.4349926,49.90006521,27.0428387,27.12247255,3.905201205,1.180075012,2.069676865,iOS,Firefox,13-15,male,high
11,30.48827433,64.20734523,22.63120996,14.68749527,2.442639507,1.168902874,1.943779107,Shared/Other,Chrome,16-18,male,mid
14,29.97507395,85.49305113,33.86370726,26.90687328,1.789398171,1.640297504,2.045696146,Desktop,Chrome,13-15,female,mid
22,36.93637062,74.46189131,27.63272872,33.35019205,1.54257405,1.14273407,1.48273403,Desktop,Chrome,16-18,female,low
21,70.94703371,85.27328355,32.41104693,31.14672439,1.598220943,1.524327634,1.617828751,Android,Safari,19-22,male,low
12,32.21058985,89.02764311,33.43728199,29.11443537,2.076882744,1.998446227,1.199055424,Android,In-App,13-15,female,high
20,46.63107591,73.41170809,23.46128706,35.30967478,2.327756848,1.873155529,2.914947868,Desktop,Edge,13-15,male,mid
7,30.33666116,72.82901938,38.11179079,25.42206472,3.27263615,1.478742063,2.341558836,Desktop,Edge,13-15,female,mid
12,36.00789667,65.92621115,29.68884472,26.41747698,2.806298457,1.855094037,2.34409744,Desktop,Edge,13-15,female,mid
18,65.96069555,60.22095617,25.01992409,53.24569818,1.582381419,1.443174327,2.869682182,Shared/Other,Firefox,19-22,female,mid
16,39.3978895,86.86278271,19.84211338,14.44493316,3.118157806,1.952936699,2.782330593,Shared/Other,Edge,13-15,female,mid
17,41.55382518,94.42397263,35.0671494,22.7807153,3.49371289,1.903321149,1.48133361,Desktop,Safari,13-15,female,mid
14,47.09826943,73.91259637,32.86943765,26.56458415,3.909816893,1.626880924,1.539587806,Desktop,In-App,16-18,female,mid
13,83.49563297,81.54240755,35.35266787,42.05307437,2.235394674,1.896227635,1.527141881,Desktop,Chrome,19-22,female,mid
14,72.12878007,70.68561021,21.98554117,30.91028154,1.628637213,1.038184953,1.971349626,iOS,Firefox,19-22,female,mid
16,59.53079267,88.24277763,23.9003455,49.75681179,1.392226018,1.235946777,1.838731609,Android,Chrome,19-22,male,mid
15,44.29596214,80.78375788,26.71892363,26.11035558,1.991680631,1.932176995,1.779676326,iOS,Chrome,13-15,male,mid
21,55.15952382,84.39305331,36.99935939,37.78507743,2.594578227,1.183197668,0.809074132,iOS,Edge,16-18,female,mid
14,30.65065805,56.28899197,28.73524311,25.15020682,3.586797833,1.406821425,1.67672498,Shared/Other,Edge,13-15,female,mid
12,27.18648774,74.17749913,22.16224814,24.94824511,2.375172569,1.348520444,2.544086782,Shared/Other,Chrome,13-15,male,mid
9,47.34553622,67.83887102,25.43474784,28.68115929,1.953124011,1.038017669,2.782721929,Desktop,Edge,16-18,female,mid
9,42.29052353,84.43097037,32.96511739,33.11258996,1.837314387,1.748738709,2.581052139,iOS,Chrome,13-15,male,mid
13,57.34342197,62.30893224,28.07641552,45.84128321,2.014428961,1.026669204,0.816830956,Desktop,In-App,19-22,male,low
12,56.71209807,81.25529244,30.1711166,48.55460696,2.499493458,1.253179633,2.396866554,Android,Safari,19-22,male,mid
12,51.36332779,57.87303752,34.77075724,55.69719587,1.377835893,1.682732333,0.501205351,iOS,Firefox,19-22,male,low
19,26.71918646,87.64803618,22.09006178,29.40764759,2.0904452,1.094727485,1.633813355,Android,Firefox,13-15,male,mid
20,59.06215869,77.96959457,26.46002173,25.84065411,3.943770488,1.022384429,2.914735497,Shared/Other,In-App,16-18,male,high
19,78.13392023,44.79424078,33.39791575,38.78074655,2.752419793,1.890223113,0.726075949,Desktop,Edge,19-22,female,high
17,35.45197073,87.50494731,23.22044885,37.45624165,1.691879286,1.444595429,1.511235609,Desktop,Firefox,13-15,female,high
14,43.20776888,89.87449388,33.4295556,18.15041498,2.980910341,1.475188138,0.631086428,Shared/Other,Chrome,16-18,female,mid
10,43.12375281,80.37744293,25.50362102,22.63243762,3.889014031,1.650611704,1.377435359,Shared/Other,Edge,16-18,female,high
16,62.58067354,71.89222821,28.36969839,33.10880583,3.492769376,1.612139635,2.01178902,Desktop,Firefox,16-18,male,mid
10,43.1358641,56.74026548,25.14247177,25.33668901,1.258387501,1.204824853,2.097756262,Desktop,Safari,16-18,female,mid
11,39.30187799,72.42579422,39.04428266,25.06781194,3.982056075,1.733583261,1.794782357,Android,Chrome,13-15,male,mid
14,83.17983215,77.45663241,32.75201489,32.12236095,3.068851947,1.572330614,2.22327702,Android,Firefox,19-22,female,high
13,42.58794965,74.33522443,28.69477047,27.1397425,1.643833177,1.491859423,1.81076507,Desktop,Chrome,16-18,male,mid
11,64.25473852,84.99888713,31.3255575,40.56629961,3.602906735,1.54591869,2.776953643,Shared/Other,In-App,19-22,male,high
22,47.36345162,70.05314066,27.79017268,38.43624523,1.273291628,1.526305132,1.306597604,Shared/Other,Firefox,19-22,female,high
10,35.1803865,76.94990292,25.7044801,21.86372977,3.224898622,1.149039922,1.429888218,Desktop,Edge,13-15,female,mid
15,54.83795025,63.24727105,38.27946538,32.31578246,3.644086133,1.650835446,1.948465523,iOS,Edge,19-22,male,mid
13,24.15258334,91.76576567,46.08491793,13.73043234,1.679450948,1.699655657,0.574084548,Desktop,Firefox,13-15,female,low
14,45.23608604,78.5327457,28.57579454,43.38540294,3.004218461,1.552286594,2.55128225,iOS,In-App,16-18,male,mid
14,32.28482548,67.8070476,35.6930735,23.76618731,1.981636929,1.688684515,1.132172442,iOS,Firefox,13-15,female,mid
15,38.8000544,50.93721862,34.41746714,19.20706479,2.965689463,1.270128095,1.372834357,Desktop,In-App,16-18,male,high
22,58.98998149,92.52765886,36.48616335,26.43089014,1.505895781,1.27724304,1.216645797,Shared/Other,Safari,16-18,male,mid
16,44.16001183,70.86129603,31.98453751,23.26911775,2.039884706,1.601021821,1.511386082,Shared/Other,Firefox,13-15,male,mid
12,66.95519214,80.22479823,32.11464304,38.5173753,3.304847799,1.074402058,2.405554068,iOS,Firefox,19-22,male,mid
12,52.67806426,67.57220029,25.25456986,20.87565205,1.371017912,1.287644886,2.321495389,iOS,Edge,16-18,female,mid
17,84.6730873,91.92290646,29.18242582,33.14624868,1.506608018,1.579989723,2.725405891,Android,Firefox,19-22,male,mid
11,57.58647176,60.89595803,28.27491426,25.00120363,3.590773047,1.195409661,2.647532483,iOS,Safari,16-18,male,mid
18,71.01514558,69.2590934,28.68335774,69.19339309,3.279272135,1.524427234,1.266600081,Desktop,Chrome,19-22,male,low
13,41.85394541,69.59028657,26.95388327,32.15352999,1.865519064,1.877535577,1.551506328,Shared/Other,Safari,13-15,male,mid
13,63.71518656,90.39634668,23.58304012,34.60857559,1.269243513,1.459567309,2.983589878,Android,Firefox,19-22,male,low
20,43.52151547,68.20837436,29.40273467,32.06288853,3.363902335,1.905253639,1.778966154,Shared/Other,Chrome,16-18,male,mid
21,48.68385095,74.33308472,33.82647462,27.78712994,2.148910009,1.705947737,1.296725545,Shared/Other,Edge,19-22,female,low
17,61.52452067,68.90700605,36.58127608,50.82951186,1.056422088,1.006095905,1.009984602,iOS,Chrome,19-22,male,mid
12,39.26864573,72.61549592,33.86981185,27.28737552,2.578455279,1.281020671,0.536790835,Android,In-App,16-18,female,mid
19,34.84052712,67.97737742,31.83102269,27.6764019,2.457566832,1.816605094,1.931192959,Android,Safari,13-15,male,low
17,27.842216,75.73357977,24.49273329,32.25423668,2.60969054,1.042626107,2.885294477,Shared/Other,Firefox,13-15,female,high
12,68.39966215,69.78668151,29.96821682,38.2126188,1.804101138,1.595633894,1.309911453,Android,Edge,19-22,male,mid
17,82.48818318,62.79399893,31.39692247,51.58618445,1.067012963,1.571224388,1.79353815,Android,Safari,19-22,female,mid
19,71.50181295,66.23062934,27.79741528,51.61910915,2.993660992,1.245186429,1.640789773,Shared/Other,Edge,19-22,male,high
19,36.90216734,56.40081811,30.7386092,27.78377908,2.745549655,1.724295353,0.672685844,Desktop,In-App,16-18,male,mid
12,32.38855788,69.96477813,23.40388953,26.68412212,3.481578669,1.148409054,1.586265494,Desktop,Edge,13-15,male,mid
17,43.81568833,81.08998152,31.72152519,25.4490967,2.679235562,1.15007526,1.995322358,Android,Edge,16-18,female,mid
17,52.42960663,79.15007498,26.43607014,56.1231214,2.885707207,1.497788867,1.558095739,iOS,In-App,19-22,female,high
21,40.47540781,66.44031548,25.57125969,34.95682964,2.712798627,1.41073332,0.699676685,iOS,Firefox,13-15,female,low
11,52.17758673,82.53215036,24.42461481,50.16694152,2.730223381,1.757629132,2.351519514,iOS,Firefox,19-22,female,mid
19,36.19567918,55.08016463,30.10001159,28.7725751,1.790393348,1.087419494,1.729023445,Shared/Other,Edge,16-18,male,high
15,32.87849528,87.63259659,29.5084994,24.98079974,2.99735003,1.433156598,2.763104844,Android,Chrome,16-18,male,low
19,29.76297434,78.36280831,32.58553189,15.7870297,3.781944877,1.553083451,1.619105837,Desktop,Edge,13-15,male,low
17,63.79394121,84.09159015,28.65746303,35.98064139,2.21657966,1.833627722,1.428825215,Shared/Other,In-App,16-18,male,mid
19,48.5356046,71.20097088,24.57243489,23.44381748,2.398822722,1.298458395,1.428214031,iOS,Safari,19-22,male,low
19,30.88726929,58.29202876,38.82826284,19.67834644,2.332772423,1.272487073,1.218462566,iOS,In-App,13-15,female,mid
12,32.32807284,75.20139484,27.57080198,18.61661886,3.82928293,1.839036612,2.099371366,Shared/Other,In-App,13-15,female,low
18,80.85731288,67.98155473,31.50648539,30.12232913,1.194303259,1.724623301,2.100855382,Shared/Other,In-App,19-22,female,low
13,48.24698184,73.30623314,26.96628234,29.53203,1.802294089,1.481361477,2.584322906,Desktop,In-App,16-18,female,mid
10,44.97022911,56.45390689,23.47268989,27.58940715,2.055065509,1.88729867,0.648253583,Desktop,Chrome,16-18,female,mid
16,37.16104752,71.14894623,26.33681909,25.79638409,1.485177677,1.110645848,2.19579759,Desktop,Safari,13-15,female,low
13,51.91464102,74.54396563,28.75915386,23.06659941,3.575029175,1.43301728,0.513103342,Shared/Other,Firefox,16-18,female,high
8,47.16959515,81.32144708,24.34700718,29.78871305,2.002385932,1.653716498,1.459203806,iOS,Firefox,16-18,male,mid
13,39.87025404,66.13923318,37.06207266,29.27894487,1.280569889,1.819958121,2.209135711,Android,In-App,16-18,female,mid
14,37.35832395,76.10203649,31.85533666,24.52104382,2.31989419,1.716372973,2.561444798,Android,Edge,16-18,female,low
17,65.02096952,80.67891128,31.41783174,46.35228479,3.916457455,1.290224806,2.89042764,iOS,Edge,19-22,female,mid
9,56.4670808,88.1806129,31.71497557,32.20554166,3.257222929,1.618890117,0.546727971,Shared/Other,Safari,16-18,female,high
14,60.34269699,81.95686711,30.63032859,44.96633405,3.724595018,1.814567065,1.909237297,iOS,Safari,19-22,female,mid
22,51.07129785,92.48817058,32.13225052,35.53326608,2.1193995,1.295369076,2.655752473,Desktop,Chrome,16-18,male,mid
17,34.73238042,66.40025584,39.14331064,27.40637177,1.376112678,1.67446688,1.018946827,iOS,In-App,13-15,male,mid
14,55.19509888,88.1810927,30.15702883,29.36621132,1.607259008,1.243564618,2.458932838,Android,Chrome,16-18,male,high
14,35.69141416,79.02575393,30.68369689,34.78143898,2.440081269,1.732182426,1.91683225,Shared/Other,Edge,16-18,male,mid
13,39.91282986,79.15295481,26.57368346,25.02113892,3.070512249,1.690245163,2.838551111,Shared/Other,Chrome,13-15,male,mid
22,52.0766557,72.40382194,28.57899943,26.8972631,3.120958985,1.169253389,0.838338944,Desktop,Chrome,16-18,male,mid
13,37.30869751,67.11584367,33.39040004,30.83920177,1.43270709,1.303969604,1.709385379,Desktop,Safari,13-15,male,mid
13,69.71451922,68.49701048,21.95799407,49.49169399,2.096420858,1.17249906,1.693238032,Desktop,Firefox,19-22,female,high
20,45.72106698,84.57228694,31.24074585,29.78455785,3.177095526,1.47217514,2.38300119,Shared/Other,Chrome,13-15,male,mid
10,36.57556105,90.71133782,29.13751221,24.71192149,1.237766593,1.955205594,2.018871188,iOS,In-App,13-15,male,low
19,48.87886883,62.3714976,30.73652607,20.78594043,2.355122176,1.994984481,1.26270713,Desktop,Chrome,16-18,male,mid
19,36.02529541,76.41657903,25.23349765,27.47046176,1.291329565,1.572016141,2.537451463,Desktop,Edge,13-15,male,mid
11,85.62705888,60.75699915,30.82678473,29.44410007,2.774069398,1.502755207,1.772973056,Android,Edge,19-22,female,low
16,30.88189978,80.69969012,36.82398936,16.28322364,3.624370766,1.593793943,1.891210916,iOS,Safari,13-15,female,low
14,63.69901922,89.93571163,30.88399443,29.85126052,2.691717818,1.2391551,0.809968017,Android,Safari,16-18,male,high
20,63.20766006,68.571922,32.98974307,36.7333078,3.18394364,1.015868247,2.490884124,Desktop,Firefox,19-22,female,mid
18,20.44334288,87.53241631,26.37903417,24.20332294,2.923484934,1.93708882,2.80477663,Android,In-App,13-15,male,low
13,46.63015402,76.36309026,32.09928279,49.53310673,1.257170568,1.540480382,2.77371734,iOS,Chrome,19-22,female,mid
20,35.77827732,84.566253,33.30264444,20.63608286,3.752878135,1.361641446,0.607408482,iOS,In-App,13-15,female,high
18,21.37667684,62.51471318,28.82870271,32.20148474,1.271675181,1.710587165,1.464286969,Android,Edge,13-15,male,low
15,40.4040792,69.24506565,32.88893315,30.68167396,1.872368927,1.097237969,1.238355506,Android,Firefox,16-18,male,mid
14,54.59624442,86.05336613,26.88697249,35.74444928,2.57655374,1.575701027,1.901482336,Shared/Other,In-App,19-22,female,mid
13,55.16749903,80.23382667,30.91236666,52.74075156,3.26469952,1.277867169,2.293764544,Desktop,Safari,19-22,male,mid
22,64.99252188,80.58634664,30.51668778,26.02686703,2.535730348,1.139798009,1.483711258,Shared/Other,Edge,19-22,female,mid
23,60.73388653,60.72641563,29.1061629,30.10280987,1.454180393,1.993811813,1.334656654,Desktop,Safari,19-22,male,mid
14,52.64626156,84.13123418,23.00546169,27.83222493,2.015584498,1.834200412,0.637790406,Desktop,Firefox,13-15,female,low
9,30.07185824,75.1778874,30.73687185,23.50737312,2.635779721,1.040313707,0.848050558,Android,Edge,13-15,male,low
22,52.88885929,85.21160555,33.30849869,16.95788198,1.074913075,1.943680191,0.675155115,iOS,Edge,16-18,male,mid
10,70.06807523,65.93057422,35.41057045,25.46366101,2.464928772,1.65483901,1.859050268,Desktop,Edge,19-22,male,mid
13,44.9066735,63.75269464,34.37621422,31.44330693,3.876790619,1.210444745,1.823727984,Desktop,Firefox,16-18,female,low
10,37.01499062,77.91780221,25.23114084,29.8126094,3.430862082,1.75298243,1.11540615,Desktop,In-App,13-15,female,high
10,48.14978703,59.24067899,24.08748855,20.01468163,2.296801011,1.401258183,1.145127012,Shared/Other,Safari,13-15,male,mid
17,64.53317233,71.61577042,34.95302315,36.96517271,1.988390668,1.34699968,1.53924106,Shared/Other,Safari,19-22,female,low
15,69.11732796,62.08620254,35.12568309,48.11683395,3.579431236,1.543445322,0.85264439,iOS,Chrome,19-22,female,high
14,46.34666422,75.97736889,38.41401881,31.92292592,1.236259443,1.034686235,2.844524243,Android,Safari,16-18,female,high
11,45.25893627,88.84140124,31.50593479,31.64375454,1.464735821,1.538357157,2.416560681,Shared/Other,Safari,16-18,female,mid
12,61.03563556,64.61123724,32.06369257,43.37621783,3.679260219,1.559480065,0.555233189,Shared/Other,Safari,19-22,male,high
14,71.1432504,58.92729104,33.36127325,41.93895015,3.537987567,1.981238351,0.800387131,Android,Firefox,16-18,female,mid
16,15.66976618,73.29712874,19.9965606,17.88108353,3.513518237,1.314817756,1.441343048,Desktop,Chrome,13-15,male,mid
9,29.49265379,52.68959737,32.30691667,23.0283937,3.891435015,1.793689829,0.805191943,Android,Safari,13-15,male,high
16,67.42936174,80.00846087,29.96126659,59.22881695,3.461676525,1.698640038,0.988028659,iOS,In-App,19-22,female,mid
13,68.85293177,93.38811662,32.19340527,46.57403462,1.06025443,1.519665106,1.139501015,Android,Chrome,19-22,male,mid
12,91.1982063,74.08992607,22.47153064,42.61776544,2.205542865,1.629169731,0.981805126,iOS,Chrome,19-22,female,low
16,60.55872141,75.21975964,22.96469673,45.41550601,1.881722239,1.05347967,1.759272532,iOS,Edge,16-18,female,mid
16,63.05794768,82.86747632,19.85526993,19.74623297,1.459384208,1.128057066,2.153503996,Desktop,Chrome,16-18,female,mid
19,33.52264248,57.07941725,30.58779847,27.58426286,2.681310529,1.738003283,0.703146036,Shared/Other,Chrome,13-15,female,low
15,36.57909095,70.40625741,30.51643288,30.60078088,3.919763487,1.995466463,0.873561728,Android,Edge,16-18,female,low
19,62.08781759,70.04388402,27.90373368,35.23524976,2.334842807,1.619631751,2.62669671,Desktop,In-App,19-22,male,high
15,34.91657938,88.80009844,45.91643496,28.24055504,1.647617942,1.592277662,2.881814314,Android,Firefox,16-18,male,mid
19,50.66796126,79.73710805,32.53413456,26.33520963,2.020396633,1.668030917,1.768124268,Android,Safari,19-22,female,high
19,72.27909034,93.41313028,32.22530093,30.77775479,2.918694342,1.776442056,1.098516628,iOS,Safari,19-22,male,low
16,43.89084947,98.97312211,38.99867743,30.07823366,2.500227375,1.316010019,1.569528086,iOS,Safari,13-15,female,mid
20,31.98696108,76.69400081,24.80125946,29.32895273,3.692946176,1.100114545,1.734663527,Shared/Other,In-App,13-15,female,low
21,67.38287614,77.54194137,38.07591442,30.96951623,2.842807518,1.529646582,2.975943586,Desktop,Firefox,19-22,male,mid
22,65.75479901,80.22677214,36.91866859,51.2018946,1.941773961,1.637942359,1.692141725,Android,In-App,19-22,female,high
16,85.11228603,67.19362378,32.93011872,63.74845358,1.907507847,1.496855158,1.972241954,Desktop,Edge,19-22,female,low
12,29.3088553,74.11326216,30.24486637,42.20241609,3.894092681,1.000005537,1.313606038,iOS,Chrome,16-18,female,mid
19,38.39380068,58.47832847,35.55581237,24.65580908,1.056223476,1.021614718,2.720774916,Shared/Other,Edge,16-18,male,mid
18,63.23734275,75.43764772,32.76432354,44.7887497,3.437320721,1.464399806,0.599642822,Android,In-App,19-22,female,low
10,27.80664726,85.88038836,27.77806857,23.1123995,1.935791105,1.233786104,1.558025638,Shared/Other,In-App,13-15,female,low
10,62.91993234,76.00879065,42.41338881,22.25574952,1.651569612,1.266566057,0.926500133,Shared/Other,Edge,16-18,male,mid
20,51.80711156,71.74035998,24.94828605,30.30278668,2.717369997,1.999808481,0.817454058,Android,Chrome,16-18,male,mid
23,73.29159761,74.07105486,38.82634835,33.46674746,2.376818983,1.196191494,1.403157889,Android,Firefox,19-22,female,high
11,70.27633572,93.03012444,26.01039206,32.05360023,2.247166215,1.821370603,2.323996146,iOS,Edge,16-18,male,mid
18,66.33630195,73.39587518,24.74013565,32.71823153,3.623077855,1.55522579,2.330858052,Desktop,Firefox,19-22,female,high
14,52.54045283,90.91673796,28.31755815,20.61706573,2.162239411,1.663300239,2.26105885,Android,Chrome,16-18,male,mid
17,74.10227049,64.1244773,28.17947896,44.45328162,1.319072292,1.648168538,2.91884119,Desktop,In-App,19-22,male,low
23,61.43190146,60.31817509,24.82218324,37.70500616,3.013841734,1.333484042,1.931395431,Shared/Other,Safari,19-22,female,mid
14,69.89736999,69.29897385,26.91777862,38.08055285,1.787478756,1.576530105,1.870790833,iOS,In-App,19-22,female,mid
23,84.0507067,73.12073531,32.70772965,57.17687813,2.191513289,1.240503865,2.592074609,Shared/Other,Chrome,19-22,male,low
10,37.78491247,59.76566024,25.20760752,35.39524815,3.86849627,1.588692464,1.13079849,iOS,In-App,16-18,female,low
15,61.14792195,86.7910387,34.943374,13.11741744,3.026073915,1.946709057,1.417947583,Shared/Other,In-App,16-18,female,mid
10,60.41652455,73.16068711,31.71140463,47.50810239,2.721569488,1.554884796,1.923797378,Shared/Other,Safari,19-22,female,low
12,49.39602075,84.15611875,34.65480809,33.79525282,2.695729957,1.322683695,2.167348655,Android,In-App,16-18,female,high
11,78.2768758,68.79832999,33.79682716,37.60919294,1.284179764,1.226643028,2.720933964,Android,Edge,19-22,female,mid
12,39.83235945,71.39081627,24.37634471,30.39010677,3.180497352,1.2174048,0.955135122,iOS,Firefox,16-18,male,mid
23,63.68003469,63.85010498,30.23724265,35.01335517,1.374452296,1.046860756,2.627149815,Shared/Other,In-App,19-22,female,mid
11,54.41577317,77.58389516,25.68248983,31.69519064,1.134453389,1.425835075,1.758504416,Shared/Other,Edge,16-18,male,low
11,42.59820855,82.65027195,33.45420785,32.30013997,2.600200962,1.536756239,2.399302008,iOS,Safari,16-18,male,low
21,57.757724,76.58948104,23.33066804,23.34500592,3.146974562,1.662912183,1.936816246,Android,Chrome,16-18,female,high
14,72.00099182,64.5092964,26.00464472,44.57343614,3.227284911,1.153643119,0.955569476,Shared/Other,In-App,19-22,female,high
23,55.16349439,80.9435552,26.30051767,25.33190535,3.407796608,1.37437044,0.890597852,iOS,Firefox,19-22,male,low
21,57.49329564,73.77011542,31.61855076,44.59100772,1.448007984,1.796872114,2.465492757,Android,Chrome,19-22,male,mid
19,74.23824749,74.11786877,25.97556396,40.0318485,3.170781286,1.03344731,2.38207726,Android,Safari,19-22,male,mid
10,38.81988292,81.73093724,30.30625374,27.80716994,2.237545461,1.566956614,2.713156435,iOS,Firefox,16-18,male,high
21,38.17088043,81.11547029,25.48278394,40.45426787,1.835383919,1.150343934,0.704932297,Desktop,Safari,19-22,male,mid
20,37.04468854,62.49267712,31.85438952,20.9325091,3.455244498,1.548587615,2.542991134,Android,Edge,13-15,female,high
14,51.78943109,63.63842991,35.29840967,47.42340013,2.703537266,1.616219433,1.543423205,Shared/Other,Chrome,19-22,male,high
16,25.14867065,54.88112166,33.6181996,33.70028635,3.437676292,1.895687008,1.101627067,Desktop,Safari,13-15,male,mid
22,44.35223535,88.95425506,24.07222441,31.22179712,1.504062248,1.817033027,0.903419307,Android,Safari,16-18,female,mid
22,48.23245818,89.0567016,32.36002523,23.71433564,1.693218788,1.195946948,1.222945318,iOS,Firefox,16-18,female,mid
21,52.70023342,79.96685619,26.66400601,21.55828956,1.499502581,1.48253399,2.233534007,Desktop,Firefox,13-15,male,mid
15,46.9303811,70.57240967,28.04027782,27.58165533,3.338967654,1.390303254,2.873482923,Shared/Other,Edge,13-15,male,mid
22,35.37414903,72.36867293,32.62415872,22.65763669,1.379104304,1.296537273,1.992935898,Shared/Other,Edge,16-18,male,mid
17,26.0460733,74.29759949,28.76725273,17.97342979,1.135588442,1.900753775,2.883813157,iOS,Firefox,13-15,male,mid
19,45.84342801,78.5939342,27.83505622,25.52884534,2.361296918,1.826924231,1.594247867,iOS,Edge,13-15,female,mid
20,33.30578297,77.2225054,30.97509166,12.18616069,3.744480326,1.488179918,1.028045734,iOS,Edge,13-15,female,mid
7,26.16920978,64.30791075,32.34740109,24.9385692,3.518571968,1.914196536,1.503694957,Desktop,In-App,13-15,male,mid
17,26.40784972,91.31991007,26.54789482,16.71663018,1.736740399,1.018575596,1.724201378,iOS,Firefox,13-15,male,low
10,38.70846657,68.45349628,27.82348008,23.37183464,1.967426509,1.8322488,0.937734732,iOS,Firefox,13-15,female,low
16,61.46566836,65.54271931,37.08773891,32.00490923,2.092870742,1.642669193,2.52554022,Desktop,Edge,16-18,male,mid
17,62.15503625,75.20528902,30.11993763,40.50385515,2.099681424,1.185451139,2.188834108,Android,Chrome,19-22,female,mid
17,38.35660693,61.89500984,29.74080718,29.01535012,1.304181816,1.313292348,1.663016699,Android,Firefox,16-18,male,mid
11,19.16847861,69.53581646,33.63116483,21.49550189,2.792727404,1.665804423,2.750603774,iOS,Firefox,13-15,female,mid
16,74.94347854,62.96663156,38.93395243,38.31448088,2.515297185,1.743804511,1.067879371,Shared/Other,Safari,19-22,female,low
15,30.11871141,72.60372232,27.72691094,28.51325748,3.257573879,1.260999655,2.535827281,iOS,Edge,19-22,male,mid
22,38.3632896,71.37108801,32.93075795,41.6684663,2.865281645,1.258653665,1.062816568,Android,Firefox,16-18,female,mid
18,46.86659091,84.94198004,36.94440053,25.34602209,2.069596377,1.376727415,2.613902976,Shared/Other,In-App,16-18,male,low
15,49.7871962,98.97565743,25.57570874,29.6224169,1.971105674,1.716004628,1.739549122,iOS,Firefox,16-18,female,low
21,36.27877936,77.45971069,30.78913717,24.21498666,2.734459498,1.394666391,1.701697921,Desktop,Safari,13-15,female,mid
18,70.97888679,75.15695613,35.012882,50.79049836,2.480072175,1.812424174,0.846125367,iOS,Firefox,19-22,male,mid
20,79.39098798,76.55516946,25.94985662,41.99593923,2.03763246,1.852150084,0.954541196,Android,Chrome,19-22,female,low
13,39.60207124,84.07457902,38.19710274,19.99411156,3.577668412,1.08087644,0.763150654,Shared/Other,Edge,13-15,male,mid
22,53.16347706,79.35245134,33.15270297,34.60635998,2.927399297,1.931742598,1.945277151,iOS,Edge,16-18,female,low
11,49.12764415,79.01393396,28.52928715,50.37638605,3.022963298,1.49891871,1.02723348,iOS,Safari,19-22,male,low
14,43.58433096,68.60060431,30.7159984,12.46475787,2.852579839,1.097047422,0.847053684,Android,Safari,16-18,male,low
13,47.08263336,67.78456354,31.41415984,34.04331514,3.355351468,1.647459558,1.724323573,Desktop,Edge,13-15,male,low
9,36.99373741,60.73204967,41.40499669,30.32865651,3.528661351,1.024269547,0.82253154,Shared/Other,In-App,16-18,female,low
18,52.08776291,69.15634469,25.7130595,31.54092753,3.748020768,1.183414854,0.933936555,Shared/Other,Edge,16-18,female,low
10,22.55161625,61.2464201,26.73750982,30.66006512,1.072389021,1.626183622,2.48759434,Shared/Other,Chrome,13-15,male,high
13,35.09840691,62.56549198,25.07746156,30.52397959,1.437876237,1.329140299,1.425374826,Desktop,Safari,16-18,male,high
16,74.29369754,62.30265664,25.42253129,48.63459476,1.132202184,1.219218857,2.754034858,iOS,Firefox,19-22,female,mid
14,37.84067717,86.08988549,28.86123549,19.88242931,2.85913402,1.259273683,1.434261843,Desktop,Chrome,13-15,male,mid
17,51.95104261,77.93050189,25.11824124,31.44223467,3.064376811,1.702936227,1.83088494,Android,Safari,16-18,female,mid
22,68.94576384,77.27318698,30.30239693,44.72545518,1.737009327,1.923958378,1.392639412,Shared/Other,In-App,19-22,male,high
8,39.13563748,86.1822432,29.02551804,31.41582286,2.177351542,1.468272022,1.581469392,Shared/Other,Edge,13-15,female,mid
11,72.21061339,70.12339487,33.60382757,43.12958125,2.416492206,1.841568257,2.992140367,Android,Safari,19-22,male,mid
7,40.70890192,68.30946065,34.26250638,20.69013938,3.630842266,1.098354506,0.945546047,Desktop,Chrome,13-15,male,mid
20,52.56907659,93.45339877,34.97999482,32.05717579,1.12132356,1.367135558,1.158487328,Desktop,In-App,16-18,female,low
14,50.55232499,79.77850851,28.02574743,25.08164769,2.646696638,1.733501683,2.183737587,Android,Chrome,16-18,female,mid
8,38.32570659,84.06434814,29.13902002,22.39117027,3.573428169,1.124330975,2.915676399,iOS,Chrome,13-15,female,low
15,61.0343618,90.6488538,27.1134427,32.99517023,3.485677897,1.062285949,2.201536299,Android,Edge,16-18,female,mid
8,66.98755165,76.93696751,28.35366763,40.17688809,2.585712078,1.44210135,0.823988672,iOS,Chrome,16-18,male,low
22,43.60455616,93.96929045,29.4734545,43.71504224,1.261035177,1.792497033,1.055011287,Shared/Other,Firefox,19-22,male,mid
13,62.44792572,84.57772955,21.34971059,67.09276648,3.318954264,1.12340935,2.27365576,Shared/Other,Edge,19-22,male,mid
9,19.89507985,96.41791824,30.85216238,29.01408132,3.316036196,1.874099391,1.480551042,Desktop,Chrome,13-15,male,high
10,23.35345372,67.08335494,34.53032758,30.17759402,3.748138057,1.763969797,1.266893423,Desktop,Edge,13-15,male,mid
18,34.42091484,100,39.49058508,23.25882045,1.359502548,1.234963573,2.458738977,iOS,Edge,13-15,male,low
10,48.37863557,74.97662102,21.3064414,23.32783695,3.733844012,1.126589816,0.923222823,Desktop,Edge,16-18,male,low
17,59.19607382,53.45616294,25.80324021,30.0624391,1.884648318,1.994204212,2.333873235,Desktop,Chrome,16-18,female,mid
10,42.74524683,30.34550157,27.44342877,24.44568852,3.250615902,1.427208527,0.507233296,Desktop,Edge,16-18,male,high
13,90.1614642,71.75890917,25.45764983,33.47277406,2.337762855,1.935369016,2.147963681,iOS,In-App,19-22,female,low
19,60.34395413,86.74626287,32.40789396,27.12907169,1.635239391,1.1364848,2.647610657,Android,Edge,19-22,female,mid
16,64.04804552,81.02359103,26.78991514,21.82383066,1.132726631,1.11890266,1.787793542,Shared/Other,In-App,16-18,male,mid
22,63.86493622,65.75920261,19.49668051,63.07304265,1.371779679,1.085666546,0.949035761,Desktop,In-App,19-22,male,low
11,77.2585125,62.30966636,23.98483401,51.47561631,1.173132202,1.899630139,2.423486309,Android,Chrome,19-22,female,mid
22,67.32588944,63.22869066,23.63358869,25.94484301,3.119006678,1.700453342,1.660387133,Shared/Other,Edge,16-18,male,low
14,42.27118858,85.2578943,37.64241898,23.87288145,1.882087368,1.836959157,1.879215498,Android,Edge,19-22,male,high
23,55.79116073,72.29902079,28.49002113,43.73335539,3.431004603,1.993039671,2.668300687,iOS,In-App,19-22,female,low
18,79.26852865,66.14593494,21.22637564,49.55756486,2.880676441,1.513753162,0.546822623,Android,Edge,19-22,male,high
19,61.76029921,71.01894028,27.09650697,20.73768048,2.086264054,1.676655652,1.310424988,Android,Edge,19-22,male,mid
9,34.3923641,83.38958871,33.98814948,28.65252901,3.58781463,1.951785463,1.614265361,Shared/Other,Firefox,13-15,male,low
11,48.73013566,85.29701404,26.22374884,37.52191026,2.928744947,1.592601811,0.952687204,Android,Safari,16-18,female,mid
12,70.03657743,81.05806649,26.56082403,33.02465186,1.94413625,1.342718179,1.130384905,Desktop,Chrome,16-18,male,high
15,52.19083315,85.72045045,33.17351628,35.67340373,2.403038453,1.851897738,2.682601475,Android,Safari,16-18,female,mid
17,66.23769527,76.97441976,24.40273891,28.69912869,3.014485766,1.569562741,2.141276622,Desktop,In-App,16-18,male,mid
22,49.06352715,68.43578687,33.10221638,28.53630646,2.838049309,1.643872064,1.764113978,iOS,Edge,16-18,female,mid
22,68.70261388,69.82267791,38.8658005,29.44049309,3.635162999,1.137686132,1.15084646,Shared/Other,Firefox,19-22,male,low
13,25.84972197,77.28123377,32.91821203,24.45621954,1.527929703,1.758526069,0.539028667,Android,Safari,13-15,male,low
15,32.26669488,63.26300357,33.91297563,27.97758792,2.831363641,1.405021496,2.088374099,Shared/Other,Firefox,13-15,female,low
20,43.67538593,70.52638881,30.41888275,17.62409494,1.932976291,1.149722902,2.944616614,Desktop,Firefox,16-18,female,mid
8,26.04121679,92.92322252,29.11966094,18.11211245,3.42754331,1.523796373,1.159110783,Android,Chrome,16-18,female,mid
21,22.49269222,66.17395689,23.63711478,19.56115689,1.630620481,1.460424489,2.980999773,iOS,Edge,13-15,male,high
8,33.96968381,76.15346268,35.39883869,24.42377609,1.312672259,1.276136888,1.208465288,Shared/Other,In-App,13-15,female,mid
11,37.58361646,79.04801364,32.67089427,27.85432715,2.771474601,1.918595131,0.921594769,Desktop,Safari,16-18,male,mid
12,50.44807702,96.68676558,36.5971485,55.083697,3.325143635,1.306782106,1.818674455,Desktop,Safari,19-22,male,mid
16,37.51540266,81.38241599,32.17013747,20.49454279,2.521848315,1.624649059,2.636429517,Android,Firefox,13-15,female,high
20,33.17786056,81.61432849,21.99381839,14.88220867,3.656860793,1.636977841,1.103816397,Desktop,Chrome,13-15,male,mid
15,56.79881123,61.06971837,35.02480251,35.77568478,2.236807778,1.445724985,1.254875441,Shared/Other,Firefox,16-18,male,low
14,37.947616,71.37357569,31.43283925,19.61459902,3.461533773,1.958262927,1.381134965,Desktop,Chrome,13-15,male,low
8,65.87454828,75.55035819,16.60928807,29.11982828,3.309090253,1.636415585,2.60355173,Android,Safari,16-18,female,low
8,54.23424493,63.06370911,31.06522811,45.09336715,1.957646386,1.557944864,0.545419552,iOS,Edge,16-18,female,high
19,25.80254779,55.33596692,36.32802109,27.08439756,1.759698206,1.904774741,0.712647204,Android,Edge,13-15,female,low
8,50.58161712,74.5840631,26.93456521,28.79020431,2.743748184,1.624468811,2.327842811,Shared/Other,Safari,16-18,male,high
12,39.95403292,87.85904921,38.89724296,18.03649767,2.512943116,1.257427428,1.065976009,Shared/Other,In-App,13-15,male,low
18,76.23499774,76.94159596,25.41223541,25.7668777,3.545427165,1.954449087,2.651455565,iOS,In-App,19-22,female,mid
22,36.94370663,70.63930682,31.10197854,26.65338592,3.719867095,1.521929289,2.761096418,Android,Edge,16-18,male,low
11,35.18555292,66.92681715,30.17794409,32.73091181,2.673350677,1.477580284,1.038466518,iOS,Edge,13-15,male,mid
12,46.42217506,89.00879257,26.20193947,40.74762716,1.048716976,1.014812133,0.573283644,iOS,Safari,16-18,male,low
16,45.07946988,72.5603861,31.65200793,28.87143574,3.73631643,1.266183295,1.638097348,Shared/Other,Chrome,16-18,female,mid
16,37.30669751,84.47730113,27.49435745,22.99019771,1.771567635,1.471935014,0.544943328,iOS,Safari,13-15,male,mid
10,54.93339286,76.2360002,24.0036029,32.81320737,2.311119976,1.893066564,2.293506211,iOS,Edge,16-18,female,low
12,42.8149153,77.95083512,33.86652937,31.82723253,3.216570805,1.621661458,1.46634823,Desktop,Chrome,13-15,female,mid
10,61.55233384,71.26859349,20.08372392,38.10432263,2.726910513,1.888004367,2.429390911,iOS,Firefox,19-22,male,mid
11,55.05473198,80.24107003,27.27363137,38.19361853,2.251389068,1.916600076,0.606087727,Shared/Other,Chrome,19-22,female,mid
14,32.37832936,73.66409408,28.06325578,12.62769171,2.943753336,1.518706772,2.25734206,iOS,Chrome,13-15,male,low
19,51.32757648,77.73190214,31.9966291,29.99394736,2.750758037,1.569179248,1.675809073,Desktop,In-App,13-15,male,mid
14,60.94968735,83.70515159,28.9821491,30.89259159,1.511708071,1.425360871,2.901296168,iOS,Edge,16-18,male,high
16,51.21946973,86.88475501,26.4857107,30.82982124,1.417338602,1.930146579,1.546098345,Desktop,Edge,16-18,female,high
19,67.69062053,73.96568609,38.90891848,39.63702666,2.40928947,1.882706846,2.678141033,Android,Safari,16-18,female,low
11,73.70766574,60.61362984,30.63553482,53.11131552,3.163137509,1.421584006,2.356117147,iOS,In-App,19-22,male,mid
11,37.93941411,70.59464738,26.55116888,30.38477111,2.781987063,1.75282547,1.186241109,Android,Firefox,16-18,female,mid
12,31.60629632,82.60570457,30.16701934,26.01322659,2.263313779,1.446763615,0.781209387,Shared/Other,Firefox,13-15,female,low
17,29.63130241,57.65238992,31.67130416,22.84649713,3.178765067,1.000410316,1.192935318,iOS,In-App,13-15,female,low
15,36.04833689,70.73091313,36.69717083,30.9943528,2.305671684,1.848992045,0.769149588,Android,In-App,16-18,male,mid
22,45.17918068,79.7259258,35.79607839,36.41398785,2.52034273,1.732257513,2.90305944,Android,Chrome,19-22,female,mid
9,40.07598521,95.24193121,33.36678034,21.50527296,2.130518052,1.782294765,2.773052359,Android,In-App,13-15,male,low
17,50.67264949,72.61993809,29.99161341,31.39650168,2.7740219,1.798059442,1.126166845,Desktop,Safari,16-18,male,mid
7,33.75515767,82.92665067,31.51161374,23.25227893,3.357499075,1.027997743,0.663606256,Shared/Other,Firefox,13-15,male,mid
21,34.18626063,61.90789066,30.19824988,15.58527073,1.529109387,1.939756325,2.723797865,Android,Chrome,13-15,female,mid
16,55.02494693,61.91179964,35.44611117,37.65179706,2.678431167,1.655917343,1.602053288,Desktop,Safari,19-22,female,mid
22,50.96854916,73.60319723,32.45015788,29.21138164,1.916313909,1.172393444,1.163221288,iOS,Firefox,16-18,female,high
10,58.946443,69.19713034,28.78337932,37.11950528,2.08169849,1.498057402,1.577738553,iOS,Edge,19-22,male,low
19,72.27051122,59.28237027,29.34218907,36.07546645,2.799114153,1.263778032,1.138160645,iOS,Firefox,19-22,female,mid
22,54.78385888,86.50085262,37.4327207,48.6590691,2.997246167,1.271526518,1.455903307,iOS,Safari,19-22,male,low
11,25.27708178,77.1242975,28.25187748,40.0329009,1.73700028,1.800424095,2.396118205,Desktop,Edge,13-15,male,low
22,49.81852383,56.03994111,31.52605902,36.82839768,2.14930867,1.791365004,2.154910047,Shared/Other,In-App,19-22,female,low
15,44.19495323,70.22373295,30.99569062,23.5769513,3.177707967,1.56319969,1.124415233,Android,Safari,16-18,female,mid
11,29.28625793,57.94711065,35.76516708,30.17573323,2.300570943,1.422600618,2.081023222,Android,Firefox,13-15,male,mid
21,65.81997834,72.71235033,24.40308731,27.39135018,3.067934608,1.43969392,2.730885927,Desktop,Safari,19-22,male,mid
14,32.38307075,67.65713249,27.40089813,22.83760213,2.638999846,1.551890391,2.804716581,Android,Firefox,13-15,female,high
13,50.40720177,84.01179866,32.95201179,32.30835003,2.043354836,1.81230085,1.662202501,Android,Firefox,19-22,male,low
16,50.15071219,83.99472035,27.01628335,17.14801145,1.96412346,1.185655263,1.489602764,Shared/Other,Safari,16-18,female,high
15,48.16823311,60.75926357,20.14997322,21.05801615,2.046536587,1.699075635,0.813538131,Desktop,In-App,16-18,male,mid
15,77.09301719,82.74820748,16.42649008,49.08610439,2.967417946,1.994798506,2.437800156,Desktop,Edge,19-22,male,low
19,57.41422091,83.84938481,41.88127902,25.03037393,1.394373676,1.489032257,1.496759138,Shared/Other,Safari,19-22,male,mid
22,54.68717363,73.92900333,32.54497555,49.71485998,3.045101473,1.643661269,0.71612988,iOS,Firefox,19-22,female,low
11,61.12955338,88.51812168,30.10512124,30.9803015,3.97934824,1.633591044,1.446556066,Android,Chrome,16-18,male,low
9,27.91918113,97.76772836,28.45359805,18.8470578,1.931016443,1.640622339,2.182153829,Shared/Other,Chrome,13-15,female,low
17,55.05519366,76.59477188,25.4912273,40.87657863,2.170837455,1.034766275,1.586119704,Desktop,Edge,16-18,male,high
22,80.03174009,66.53401703,36.14199219,31.40745496,2.840835326,1.30703482,2.960468351,iOS,Chrome,19-22,male,low
10,37.35403624,68.69255133,32.1271282,32.21407118,3.465524182,1.794160976,2.931439927,Android,Safari,16-18,female,low
21,57.06892173,64.07875089,40.07073301,31.15913353,1.353443393,1.851051386,0.678777683,Android,Safari,16-18,male,mid
12,27.53139799,59.47551289,22.67292352,25.14051952,1.655701036,1.094437335,1.151769828,iOS,Chrome,13-15,female,mid
7,43.46110108,86.2844666,32.20542808,26.30618596,2.086236013,1.43235459,0.788723784,iOS,In-App,13-15,female,mid
21,58.24274003,75.61937022,28.87569818,29.17468596,3.507527095,1.312460843,0.828796363,Desktop,Safari,19-22,female,mid
18,55.26168582,56.67511818,28.90717313,35.18629858,3.127661891,1.524029606,0.696506953,iOS,Chrome,16-18,male,mid
10,28.2227515,79.82843231,31.86370735,22.6026236,1.018022981,1.117869964,1.897550848,Android,Chrome,13-15,male,low
14,46.0252986,74.72827592,23.35774079,22.96222475,3.82434955,1.382112831,1.081691339,Android,Firefox,16-18,male,mid
13,56.80493664,95.71635855,42.13533698,32.06976408,3.246263855,1.341668782,2.40467319,Shared/Other,Chrome,16-18,male,mid
14,58.52532121,62.11606328,21.9742945,28.79990257,1.619280517,1.874369422,0.7837196,Shared/Other,Edge,16-18,male,high
9,42.23445545,81.09404435,40.0514137,22.54844266,1.816028307,1.59375264,1.331128833,iOS,In-App,13-15,female,mid
19,81.64979107,72.24812121,27.80690106,44.13709951,1.963057238,1.302822151,0.929652891,iOS,Firefox,19-22,male,mid
17,51.41601013,88.62285603,27.32366077,22.19196023,1.768413319,1.702365102,1.776087159,iOS,Edge,16-18,female,high
13,43.45001511,70.41194423,28.60679579,26.53790365,1.469729149,1.522251726,1.269574901,Desktop,In-App,13-15,female,mid
20,66.05097229,80.21525141,29.61216031,34.2913484,3.905674414,1.038416784,2.267114392,iOS,Edge,16-18,female,mid
17,50.60565757,71.4819738,31.5548557,22.87151999,1.901705174,1.198972719,2.454556062,iOS,Firefox,16-18,female,mid
15,42.85975358,74.79628542,19.58799647,32.50423143,1.742976703,1.782834463,2.272588103,Shared/Other,Firefox,13-15,male,low
14,36.5080733,75.23553678,30.2864484,31.2747809,3.573291109,1.144739098,0.683220387,Shared/Other,Safari,13-15,female,mid
22,82.98837927,68.93107991,24.02491182,33.13917711,2.91825063,1.949034747,2.259451842,Android,Safari,19-22,male,mid
18,66.42323345,83.75243218,39.80481312,24.10625188,1.211371164,1.730411905,2.215100914,Desktop,Edge,16-18,male,low
22,73.10507926,66.70464716,34.95611091,38.6796799,3.727896233,1.089225016,2.72144434,iOS,Safari,19-22,male,mid
19,31.60789655,79.10549731,23.94749982,25.43915065,1.259312308,1.990903659,2.46096022,Shared/Other,Edge,13-15,female,low
9,37.03688278,60.35430734,29.54025521,23.64382441,3.964574679,1.865563393,2.718940878,Desktop,Edge,13-15,female,low
8,33.02210409,83.28058224,22.12211625,20.19682445,1.739968721,1.610843909,2.740416724,Shared/Other,Firefox,13-15,female,mid
10,55.41385371,66.00979317,30.64884547,37.42496206,3.863452446,1.8600458,2.603527122,Desktop,Edge,16-18,female,mid
13,40.25365842,66.31642027,22.22872648,34.50996651,1.926918126,1.345291326,2.477650651,iOS,Safari,16-18,female,low
23,59.47109702,76.90231534,29.77478233,38.38165108,3.699123847,1.1948107,1.762805431,Shared/Other,Edge,19-22,female,mid
17,36.34447755,81.84728359,31.98022982,28.75283823,3.022239369,1.04403501,2.920016641,Android,Firefox,13-15,male,mid
21,29.96660153,77.58936646,24.96312143,31.86303652,3.559146993,1.648215798,1.368941003,Desktop,In-App,13-15,female,low
15,40.31208066,80.92688183,30.35467301,19.49843856,3.634876868,1.106859735,0.642477916,Shared/Other,Chrome,16-18,female,mid
11,53.99523449,69.17994904,27.34312597,27.45338588,3.153195164,1.550474895,1.893014777,Desktop,Firefox,16-18,female,mid
13,66.35368866,72.60318388,28.22445173,40.99541582,3.836498542,1.462479712,1.546434476,Desktop,In-App,19-22,female,low
11,27.45295452,85.42726961,24.42183365,25.91424327,1.227370967,1.361428388,1.685328479,Desktop,Firefox,13-15,female,mid
13,53.33325474,75.962061,29.71838052,46.30122575,1.554488871,1.69500989,2.911736207,iOS,Edge,16-18,female,mid
20,53.26901739,76.99402349,31.880035,24.17002723,1.981141627,1.648840004,2.219479023,Android,Safari,16-18,male,low
10,70.03651239,66.9998691,32.58887704,44.17868156,2.106158547,1.050212689,2.099654508,Android,Edge,19-22,male,high
21,41.7005696,60.97827481,26.38759893,26.78605694,2.903824349,1.364268615,1.505627221,Desktop,Firefox,16-18,male,high
14,40.26400936,54.30324742,30.14002797,37.92311817,2.320436824,1.084271099,1.082761574,iOS,Edge,16-18,male,low
20,26.94869998,81.46915111,32.69043283,29.34152158,1.079093909,1.059586794,2.281536176,Android,In-App,13-15,male,mid
9,52.1880896,57.72704821,36.19739722,23.6477662,1.520639203,1.653048742,0.982628191,Desktop,Safari,16-18,male,low
22,68.3785161,83.30571802,28.17575255,25.05458441,3.855816681,1.560516643,1.265900258,iOS,Firefox,19-22,male,low
21,28.16308617,70.69192074,39.72587212,28.64410575,1.245775322,1.01798323,1.319692021,Desktop,Chrome,13-15,male,low
17,68.09500029,69.26238722,26.0072333,52.27864268,2.256905343,1.364594589,1.371681893,Android,Chrome,19-22,male,mid
9,25.14761712,71.10109001,32.37343217,31.80228847,3.140799977,1.615135691,2.362641778,Desktop,Edge,13-15,female,mid
17,51.76531761,80.29877606,37.52874441,29.19017485,1.114873277,1.213144988,0.696908935,Desktop,Firefox,16-18,female,high
15,51.90077844,87.13267192,33.03563652,35.29938916,1.245046199,1.708464689,2.356824692,Desktop,Firefox,16-18,female,low
17,13.99204394,84.36883799,33.47379653,16.8972286,3.320302648,1.119972417,0.897151415,Shared/Other,In-App,13-15,female,mid
12,52.69484794,60.34378696,34.39639905,37.54665319,3.140836878,1.34459281,1.966389036,iOS,Safari,16-18,male,low
11,29.21194987,71.46893091,26.22667972,44.64999847,3.49066368,1.035201456,1.098514268,iOS,Edge,16-18,male,high
21,56.98704429,57.4523037,25.28076622,37.32944672,2.966576644,1.984698952,2.53325863,Desktop,Firefox,19-22,male,low
17,56.44475171,82.59153974,29.99468057,23.36726335,1.63824652,1.364209146,1.324631442,iOS,Safari,16-18,female,mid
17,49.72855303,74.16009777,32.38388846,35.28956432,1.742123053,1.617446132,0.83228248,Shared/Other,Edge,19-22,female,mid
20,47.72626121,81.61661857,29.43357207,25.18417904,3.02567065,1.659452861,1.462215106,iOS,In-App,13-15,male,low
22,29.4513605,66.93631323,34.24971443,40.40619182,2.583162404,1.314460404,1.063938543,iOS,Firefox,16-18,female,mid
21,53.85717426,93.16402121,33.33511161,48.66265218,2.813759424,1.989131606,2.965746103,iOS,Firefox,19-22,male,mid
20,30.54291686,82.39214442,17.68157004,27.48020353,3.580679899,1.047610138,2.409060123,iOS,Firefox,16-18,female,low
15,16.61614183,72.81431002,23.62720881,12.1216747,1.925843475,1.433231421,1.12631185,Android,Safari,13-15,male,mid
12,70.39845891,61.77234668,28.3365591,26.8457019,2.038056998,1.736965606,2.147766302,Shared/Other,Firefox,19-22,female,mid
18,27.20725156,63.99160186,26.41157181,30.70814087,2.616803182,1.347503883,0.899633092,iOS,Firefox,13-15,female,mid
20,53.75728366,91.79532185,32.27321102,38.81660984,1.88941601,1.688534149,1.92190791,Shared/Other,In-App,19-22,female,mid
22,48.09810202,71.5377009,33.50596719,36.67597879,3.436995655,1.336130356,2.552803096,Shared/Other,Firefox,16-18,male,mid
11,31.14471227,73.65483374,27.32287949,25.00825859,2.929271078,1.404680164,0.580325502,Android,Edge,13-15,male,low
12,24.0858874,58.57709804,32.48851979,25.23089362,2.21525235,1.096036812,2.882949042,Desktop,Firefox,13-15,male,low
18,28.44801141,76.79522374,45.30500659,29.61668471,1.87250448,1.003389495,0.653107981,iOS,Edge,13-15,female,low
15,32.96572874,84.85899233,25.46943563,24.2199035,1.549366596,1.338415691,2.362205717,Shared/Other,Chrome,16-18,female,low
17,32.6094371,75.4207141,24.24168194,22.80600885,1.217544151,1.24410563,1.957966724,iOS,Chrome,13-15,male,low
14,24.96586286,71.43169461,26.89775243,20.28566848,2.51606733,1.869411779,2.920636537,Android,Firefox,13-15,female,low
21,36.54586326,78.25914759,34.17861473,34.61179444,3.66806355,1.594730882,1.040373098,Android,Chrome,16-18,male,mid
21,47.49216411,87.72305536,34.21076556,29.04754346,1.124843562,1.097164317,2.453952201,Desktop,Edge,16-18,female,mid
9,57.22990358,61.26961168,24.76813359,34.57300331,3.640396713,1.25529652,1.383652494,iOS,Safari,16-18,female,high
14,33.13122451,79.70996392,27.95154367,23.97231168,3.919859355,1.326974123,0.962642071,Desktop,Edge,13-15,male,mid
15,79.20532384,64.04740229,36.46164677,50.36228127,1.93450068,1.428466545,2.51920894,Shared/Other,Edge,19-22,male,mid
12,42.57400351,54.62632919,33.55977113,24.03075433,3.79272906,1.960506389,1.326906735,iOS,Edge,13-15,male,low
21,48.1994509,77.44672034,27.44112906,26.97513009,2.458574106,1.192961199,1.981498597,Android,Safari,16-18,female,low
19,41.76348605,77.9368119,30.91550696,30.70514832,2.325601371,1.244622078,1.497941755,iOS,In-App,16-18,male,mid
17,40.46331316,67.8733815,38.29769123,20.55453687,1.366032826,1.475104851,1.643304308,iOS,In-App,13-15,male,mid
8,40.46934289,67.59806214,27.07747349,25.83642726,1.452229779,1.292982662,1.493781575,Shared/Other,In-App,13-15,female,mid
11,52.2722797,67.53992831,27.1059965,38.90465284,2.545561323,1.606080778,1.68105684,Desktop,Firefox,19-22,male,high
8,28.48065325,67.99959025,28.30584531,23.78378438,2.594473897,1.916277007,2.771612178,Desktop,Safari,13-15,male,mid
18,47.71990304,94.07264424,20.86167936,35.71401802,3.747708333,1.891883491,2.092925249,iOS,Safari,16-18,female,mid
13,65.14545468,83.75852689,31.67363463,39.14149615,1.634381854,1.31056503,1.514501203,Android,Firefox,19-22,female,low
8,31.51124964,61.2187007,34.33341656,26.14868517,2.819781494,1.342535069,2.189866177,iOS,Edge,16-18,male,high
9,28.53215037,74.67269162,29.96370679,28.71671174,3.90742198,1.532331111,2.433734735,Shared/Other,Chrome,13-15,male,mid
19,64.92287825,69.86587529,33.12231933,44.91351894,3.177671831,1.589712132,0.628083534,Desktop,Chrome,19-22,male,mid
14,53.42139074,74.00411779,28.73634453,41.34399208,2.194687727,1.094515644,1.872827488,Android,In-App,19-22,male,mid
12,72.75247241,82.85362273,25.45768294,51.92717861,1.80684634,1.72056206,0.695909324,Android,Chrome,19-22,female,high
11,31.84209568,75.87560973,35.12932454,35.35091816,2.782954933,1.990108914,2.962539196,iOS,In-App,16-18,male,mid
11,36.07126295,76.56622114,24.7930363,20.91398198,1.128557704,1.411167978,2.93840162,Desktop,Edge,13-15,female,mid
17,31.0781468,82.70851161,23.90534215,27.6117405,2.761648277,1.946439734,1.614001889,iOS,Firefox,13-15,male,mid
9,28.27708831,67.58528797,24.72925122,36.88065771,2.318943751,1.214057388,2.018928116,Desktop,Safari,16-18,male,high
20,42.83720186,75.41282427,22.95166723,39.35488068,3.396541492,1.87642669,2.664961919,Shared/Other,Safari,16-18,female,mid
19,44.43046034,86.08701388,37.03748316,35.58070869,3.535051753,1.01417029,2.822882596,iOS,Chrome,13-15,male,low
10,57.47543399,80.90290344,22.85106675,29.70055276,1.120689328,1.836190731,2.925765484,Desktop,Firefox,19-22,female,mid
17,59.85569617,85.49734356,39.20201883,30.26835281,3.177431593,1.840291531,2.657210167,iOS,Edge,16-18,male,high
18,42.21693731,77.18265683,25.28685009,20.18164854,1.254818474,1.812162944,2.773264784,Shared/Other,Safari,13-15,male,low
22,44.31330072,61.08114579,32.90838443,24.36210191,1.515559998,1.050268851,0.614028704,Desktop,Edge,16-18,male,low
8,35.63425036,62.1085499,33.99453836,26.15091338,3.428881061,1.91770967,1.289845868,Desktop,Safari,13-15,male,mid
12,71.27742185,74.60564193,34.07869103,37.49487079,1.630343576,1.665546083,1.792630543,Android,In-App,19-22,male,high
10,47.20802996,52.30817545,34.3551224,43.59324331,2.076501286,1.846902728,2.309538274,iOS,Firefox,16-18,female,mid
21,52.25198571,75.47323252,34.59224982,44.16591867,3.033841888,1.531922327,1.58701383,Android,Edge,19-22,female,mid
20,46.09926116,77.24624698,35.00038279,34.79149179,2.0611298,1.375923357,2.431880216,iOS,Edge,16-18,female,low
15,48.14868967,87.17572291,38.80201369,28.03961366,3.341899254,1.046909582,2.262627922,iOS,Firefox,16-18,female,mid
19,36.21148558,85.17606485,31.51431683,21.71034526,2.290311702,1.051870431,1.935465318,iOS,Chrome,13-15,male,mid
7,29.06644801,81.43953978,29.65132505,30.57853311,1.741999604,1.022164549,1.725124562,iOS,In-App,13-15,male,low
17,63.63170497,71.51367479,33.92774335,38.32908886,2.051011699,1.877687849,2.269428372,Desktop,Edge,16-18,female,high
16,48.22721524,91.9432545,25.82319027,31.92477689,1.496808999,1.538554251,0.816540749,Android,In-App,16-18,female,low
20,33.06128268,67.98299155,28.52633706,29.33351524,2.692440241,1.406279791,1.976277901,iOS,Safari,13-15,female,mid
13,70.18488153,58.44424509,20.94336199,37.70359373,1.195300772,1.320615579,2.793250149,Android,Safari,19-22,male,mid
21,40.1931656,65.74664329,42.26948548,33.08600787,2.47162715,1.459910604,2.593666724,Desktop,Edge,16-18,female,mid
14,33.90432427,72.10962843,34.06309545,24.15970668,2.452186827,1.930239706,1.648881118,Shared/Other,Chrome,13-15,female,low
23,81.04120412,70.58862783,33.79321517,44.52220777,1.148838386,1.865270473,1.77477357,Desktop,Edge,19-22,female,low
10,45.75569868,83.59171773,31.45392496,29.6056744,2.89834093,1.664138107,0.759554013,Desktop,In-App,16-18,male,mid
12,33.29187239,78.40262842,29.47474057,42.5513688,2.615333744,1.015905676,1.684172532,iOS,Firefox,16-18,male,mid
21,66.88549334,69.22798814,31.9431074,53.49765558,1.534459994,1.758755928,2.425361735,Shared/Other,Safari,19-22,male,mid
11,39.14263244,79.59238191,34.10312046,29.14509782,1.363351226,1.555115628,2.824768952,Shared/Other,Chrome,13-15,female,high
21,51.85248782,80.81722624,31.05862303,32.11447105,2.799138204,1.799030615,2.94092928,Desktop,Safari,16-18,female,mid
8,51.86717561,73.66638245,34.66061038,31.26438039,2.912745013,1.529096283,1.366638958,Shared/Other,Firefox,16-18,male,mid
22,49.27701,73.64412934,29.1508318,34.91275421,3.059464205,1.046997073,0.59466403,Shared/Other,Chrome,16-18,male,high
18,55.84430285,86.08980855,39.09053104,43.40217912,1.879095489,1.947404316,1.479924559,Shared/Other,Safari,16-18,male,mid
11,58.02029935,70.37737068,28.00384172,26.13619329,3.213492053,1.312086751,2.432266864,iOS,Edge,16-18,male,mid
21,46.54188647,69.08970313,35.64790266,38.73832016,1.414622939,1.465064434,1.48237609,Shared/Other,Safari,16-18,male,mid
10,37.64252212,70.44450881,26.42660849,41.90892744,1.146726485,1.19303228,1.522357567,iOS,Safari,19-22,male,mid
11,40.35881576,75.10788813,25.60069548,25.07570678,2.693457209,1.452590026,1.645088886,Shared/Other,Chrome,13-15,female,mid
13,43.08201136,88.62106388,28.39872116,24.08269988,1.977383979,1.568106663,0.686019004,Android,Edge,13-15,female,high
14,44.74458176,79.60137004,29.18876723,38.50239978,3.743723609,1.548497341,1.416396963,Shared/Other,Safari,16-18,female,high
9,48.79777566,70.90190388,29.21933043,26.81624564,2.957443594,1.119642525,1.385147322,Android,In-App,16-18,female,low
16,29.24594635,87.24854761,33.84841009,28.9923928,3.004602092,1.745721795,2.186399177,Desktop,Chrome,13-15,male,mid
13,36.18043355,71.56772976,30.5370291,25.27023372,2.439788571,1.990965064,1.382818819,iOS,Firefox,13-15,male,mid
18,33.77889194,72.86690619,32.36671151,31.79937959,2.725075291,1.321830678,1.695076939,Android,In-App,16-18,male,mid
18,68.86354505,83.1066187,29.93184691,30.66109866,1.507219846,1.991663964,2.292047613,Desktop,Firefox,19-22,male,mid
16,34.65775802,85.25626278,27.54498012,26.7570874,1.677062354,1.086386742,2.008779477,Android,Safari,16-18,female,mid
17,70.05156731,64.34738496,25.17546372,44.9396655,3.9197354,1.728233524,1.96324472,Android,Safari,19-22,male,low
16,53.68261279,63.40124965,32.09557936,42.11886824,1.915080232,1.639170822,1.948311644,Desktop,Edge,16-18,male,high
21,49.88356643,57.21721899,30.01004465,32.16245483,3.631647262,1.776655442,2.59476738,Desktop,Safari,16-18,male,low
11,59.83137101,76.6054199,26.68766513,22.05939878,3.355732157,1.403807881,0.729643285,iOS,Chrome,16-18,female,high
19,46.00816676,76.07777656,30.1031827,30.85576018,1.076774522,1.831498351,2.479907621,Shared/Other,Firefox,16-18,male,low
11,58.26065,67.75796255,24.08955724,28.59225554,1.823971001,1.199679551,0.875340033,Shared/Other,Safari,16-18,female,high
21,63.63632514,63.42228191,27.831664,44.46837308,2.666828581,1.243205094,2.343694866,Desktop,Edge,19-22,female,mid
11,55.00960277,60.27673525,27.95383463,42.84876958,2.997782322,1.498876412,2.470151115,iOS,Firefox,19-22,female,high
21,30.63034442,84.33302129,25.38707368,21.07548198,2.802449897,1.718106769,1.679369952,iOS,Edge,13-15,female,high
13,54.24587356,66.26466939,31.02260544,37.60091111,1.19459838,1.666606777,2.14400286,iOS,In-App,16-18,male,low
21,32.68665404,83.89071768,34.62207408,25.46487079,1.195439002,1.786763109,1.580517512,Desktop,Firefox,13-15,female,high
17,84.75861705,80.21274737,27.75676017,22.70002209,3.537145972,1.634998819,2.802734776,Shared/Other,Firefox,19-22,male,low
8,35.1670973,69.70866755,33.45394473,22.76211411,1.164204937,1.564610508,1.293371866,iOS,Chrome,13-15,female,mid
14,47.47365702,67.88138216,32.23016679,30.08349401,2.315840875,1.542911865,2.255314311,Android,In-App,16-18,male,high
8,56.55089839,77.88924861,29.91782321,32.48546768,2.931094711,1.127376724,1.644105597,Shared/Other,Edge,16-18,male,mid
19,51.32983083,65.68765147,29.19747097,29.48982055,1.662669158,1.787483177,1.737198868,Shared/Other,Chrome,19-22,male,high
10,34.36013477,78.10294316,25.29937625,22.84594778,1.962715591,1.648309003,1.769940308,Shared/Other,Safari,13-15,male,mid
15,59.17726293,72.93991374,29.98219407,32.96373216,1.790980657,1.407696853,1.285486884,Android,Firefox,19-22,female,high
21,69.39596566,73.39221378,39.41301692,51.53854198,1.40156168,1.264710564,0.612588743,Android,Firefox,19-22,female,mid
14,29.81823169,75.15600907,21.64938079,29.32733464,2.076217882,1.131668968,1.219375587,Desktop,Safari,13-15,female,high
11,43.64442703,61.32157222,29.22423014,41.29156548,2.489512371,1.149138218,1.174622212,iOS,In-App,16-18,male,mid
17,47.15750755,90.79717467,35.65643553,25.88252287,1.077700685,1.540367362,2.46245433,Shared/Other,In-App,13-15,male,mid
8,44.33390072,78.75820326,19.84862424,23.13920272,1.099106012,1.984902436,2.56236677,Shared/Other,Firefox,16-18,female,mid
18,41.6547774,69.33797907,33.79501947,17.71950705,3.400506763,1.351253381,1.71269525,iOS,Edge,13-15,female,low
14,46.0159384,77.30384586,26.609589,35.26809072,2.657352177,1.040345759,2.380530067,Android,In-App,16-18,female,mid
11,61.88153883,76.11586217,33.157115,49.64899869,1.248438891,1.031421977,0.769622659,Desktop,Chrome,19-22,male,mid
12,34.68982116,81.72549675,26.72761664,19.09355317,1.703851577,1.110729511,2.8727014,Shared/Other,Edge,13-15,female,mid
12,28.98085489,62.12153711,28.00741036,25.34975522,2.122602227,1.520097191,0.587139143,Shared/Other,Safari,13-15,female,low
10,61.14555213,76.01906151,27.26581355,36.94594781,2.450665796,1.666707035,1.856695318,Desktop,Chrome,19-22,female,high
14,46.23904065,83.27198189,32.26458967,23.45598076,1.39033963,1.947407268,1.868492726,Desktop,Chrome,13-15,male,mid
20,46.40459127,65.38021272,35.29538108,24.31338535,1.667308461,1.214608503,0.871002331,Shared/Other,Chrome,13-15,female,high
13,47.07740938,62.22788913,30.01532124,45.16195451,1.143561085,1.683518455,0.802931148,iOS,Safari,19-22,male,low
8,47.43530904,80.15606403,36.02531357,32.2291062,1.31413066,1.887542274,2.793625587,Shared/Other,Edge,16-18,female,mid
8,55.77044083,78.17085942,22.55859841,30.0768275,3.727954219,1.567750571,1.775176347,Android,Safari,16-18,female,mid
16,36.62288974,79.14133973,29.47313936,42.06029502,1.773807565,1.542255448,0.938568656,iOS,Safari,16-18,male,mid
17,61.92573564,57.55351933,29.03097573,22.79335785,2.991037508,1.371357427,1.047382253,Desktop,In-App,19-22,male,mid
17,41.23313639,63.4932196,39.88185484,29.45014353,3.775486271,1.036294657,1.720997147,Android,Chrome,19-22,male,mid
20,43.52786875,44.06774325,33.2032216,32.78640012,2.872442869,1.251884995,1.0365977,iOS,Edge,19-22,female,mid
13,69.7338303,76.13661645,22.52407065,25.58714776,1.1032663,1.723318352,0.817460148,Desktop,Edge,19-22,male,mid
20,72.36682991,49.28322425,27.71535954,35.34558119,2.997363457,1.416760578,0.60486149,iOS,In-App,19-22,male,mid
12,34.43924364,84.67747198,33.08481589,25.60978512,1.788241776,1.879263983,2.989090988,iOS,Firefox,13-15,male,low
21,82.02565101,81.89849428,24.15165749,49.80972466,1.155435765,1.484809898,2.287489453,Desktop,Safari,19-22,male,mid
20,68.20912436,84.85851546,26.9959183,38.68429658,2.258540605,1.252251102,0.551811944,Desktop,Firefox,19-22,female,mid
16,41.03949505,61.40413014,36.40538772,27.13485205,1.508845583,1.224551602,0.515805224,iOS,Edge,13-15,male,mid
22,49.99455821,83.15739989,35.38911777,30.12181416,3.5161098,1.519796679,1.29730298,iOS,Edge,19-22,male,low
13,51.88346085,64.23313702,28.56371718,26.67416614,1.471955782,1.79775245,2.572542835,Android,Safari,16-18,female,low
16,43.5349247,69.10877701,33.44680078,24.28558514,3.374692347,1.291945724,0.781476828,iOS,Safari,13-15,female,high
18,88.91578544,74.7735037,34.47968697,43.93495074,1.773301227,1.39382117,2.626941027,iOS,Safari,19-22,female,high
13,46.21213051,67.68347852,30.48444498,27.14407944,2.429995934,1.210700036,1.605267669,Desktop,Chrome,13-15,female,mid
10,57.41047761,67.71395685,37.32044675,30.128491,2.833923296,1.309538072,0.897762598,Android,Edge,16-18,male,mid
16,70.10189121,78.5047596,29.05219503,33.50852545,2.652751923,1.578744459,0.520653117,Shared/Other,Safari,19-22,female,low
10,44.49430989,74.87991763,31.44926602,36.20154226,2.876618942,1.360052556,2.631316674,Android,Firefox,16-18,female,mid
15,43.88297925,58.86830293,35.98989585,36.26567524,2.782741447,1.645492692,2.266708519,Shared/Other,Chrome,16-18,male,mid
15,32.02882895,81.25085807,31.5375157,27.39463621,2.00595013,1.606438526,1.434123975,Shared/Other,In-App,13-15,male,high
11,29.51570696,80.29686557,35.40169904,23.75028204,3.18409242,1.488254218,1.643299452,Desktop,Chrome,13-15,female,mid
20,38.56830893,76.69664621,30.11111732,30.67392973,3.54841018,1.281279716,2.882386065,Desktop,Safari,13-15,female,low
10,35.7653045,68.2163654,20.53038046,23.70266981,2.807504287,1.499727018,0.674431877,Desktop,Chrome,13-15,female,high
15,54.36824717,71.58806988,32.01366123,37.2652364,2.452940796,1.616155471,0.74987481,Desktop,In-App,16-18,female,mid
19,52.86961833,73.24021669,23.57280051,30.68536533,2.495067344,1.478383198,2.52082603,Android,Chrome,19-22,male,high
12,75.76316166,85.54035683,17.67662758,39.23982516,1.059624193,1.515586167,1.484398678,Android,Firefox,19-22,female,high
11,71.13183986,83.01028189,37.8640842,35.8214328,3.055629856,1.08938717,1.530988116,Android,In-App,19-22,male,mid
19,34.45877779,90.66604591,33.83094526,16.90811717,2.851399718,1.178838024,1.858390152,Desktop,Edge,13-15,female,high
17,46.12086231,52.60172969,30.95447549,38.84945662,2.698341858,1.072675949,2.859977929,Android,In-App,16-18,male,low
18,32.43283652,72.73095007,24.78873365,18.80544319,3.315167217,1.043800997,2.363351703,Android,Chrome,13-15,male,low
18,48.1030452,75.27106699,31.91220608,32.64279847,1.267617465,1.367768622,2.596592622,iOS,Firefox,13-15,male,mid
11,36.92562613,69.07718904,29.14974643,25.10846148,1.117754773,1.669381394,2.767103224,Shared/Other,Chrome,16-18,male,mid
12,68.08595533,85.05086911,26.8979083,43.43844228,1.524562023,1.756316904,1.751006331,Android,In-App,19-22,female,low
23,75.58997714,79.9698572,29.63113568,41.80396879,3.652567683,1.410821423,1.37461567,iOS,In-App,19-22,male,mid
18,27.5047325,74.17529251,36.34563938,23.0390873,1.69279516,1.368907344,1.212739058,iOS,Safari,13-15,female,low
15,36.50220692,74.86696006,30.38681507,28.26125249,3.783296196,1.162899528,1.010147105,Android,Safari,13-15,male,low
17,47.1238745,73.26479359,34.75145467,39.16607858,3.258678101,1.97125538,2.081468941,Android,Edge,16-18,male,mid
13,57.38612541,75.56243746,36.420267,28.59244223,1.749560102,1.694490271,2.807942261,Shared/Other,Chrome,19-22,male,mid
13,24.3898877,61.29543449,20.93728337,26.55077161,1.349891446,1.009857139,0.677904603,Android,Chrome,13-15,female,mid
17,48.46312603,89.30720498,38.36485723,26.00159219,3.688943523,1.179394273,1.691076109,iOS,Safari,13-15,male,low
22,51.48680462,75.82844162,38.17832729,34.12749462,3.986708864,1.685937295,0.670400149,Shared/Other,Edge,16-18,female,mid
23,64.8822609,77.65858443,28.78380393,44.30392894,2.731942079,1.059375642,1.252189159,Desktop,Edge,19-22,female,high
20,34.77935656,69.64610217,28.85039895,35.11651458,1.542834863,1.948800251,2.833231981,Shared/Other,Chrome,13-15,male,mid
10,44.77787773,94.75437816,26.36248534,36.80216609,1.807525173,1.717779397,1.69565987,Shared/Other,Firefox,16-18,female,low
13,30.28966893,62.13508914,28.87497548,32.55523011,2.104804132,1.675034075,1.377409428,Android,In-App,13-15,female,mid
16,87.3417233,69.49418915,32.28347604,52.29648583,1.333208732,1.934954227,2.2125695,Shared/Other,Chrome,19-22,female,mid
21,9.344866612,90.09094138,29.1114592,24.08961042,1.659766554,1.396529303,2.894563462,Android,Chrome,13-15,female,low
19,31.77933543,81.56911378,39.35922887,19.93810013,3.549727881,1.828433588,1.976273251,Shared/Other,In-App,13-15,male,low
18,70.23760191,72.54042949,20.41254433,41.57517035,1.292617281,1.173094804,0.653926309,iOS,Chrome,19-22,male,low
11,49.44077915,67.52085374,25.25439437,37.12762283,1.44515752,1.439607613,1.743941184,Shared/Other,In-App,16-18,female,high
12,60.22743732,82.11827369,27.36956156,24.3386432,3.449246152,1.162373931,1.685006703,Android,Edge,16-18,female,low
18,73.59145084,85.01277427,37.78278919,45.55281903,2.221260991,1.820797616,0.981121383,iOS,Chrome,19-22,female,mid
16,80.2212841,45.87839975,27.83053591,46.33312407,2.579644563,1.293633063,2.76127485,Desktop,Edge,19-22,male,mid
20,75.15015784,70.02002444,31.96812707,58.59037068,2.805147192,1.692213926,1.92034395,iOS,Safari,19-22,male,mid
10,40.8584005,78.18470982,28.86589083,25.22493922,3.960175197,1.251832159,2.304834345,Android,Chrome,13-15,female,low
18,45.80495145,71.05975258,27.29420127,41.35492855,3.755591355,1.039535593,2.140289085,Shared/Other,Edge,16-18,male,high
19,45.11686788,83.1958911,36.5438973,25.7339156,2.232635437,1.164988132,2.887195906,Shared/Other,Safari,16-18,female,mid
7,35.17155376,66.55470622,31.61170818,26.37177359,1.913033575,1.733564645,2.700475486,Desktop,Safari,13-15,female,mid
20,36.33637243,69.44395355,27.50612132,19.03887576,2.548860099,1.377437213,1.72886096,Desktop,Edge,13-15,female,mid
11,46.93234924,69.52167147,23.5935754,29.60959151,2.592674874,1.975880471,1.838171104,Android,Edge,16-18,male,high
22,38.55970076,85.67993045,36.47635617,26.34455098,2.322631003,1.641695387,2.34393743,Android,Chrome,16-18,female,mid
11,47.59282998,79.63152964,31.21378868,37.15153028,1.230420988,1.509157382,2.266869759,iOS,Safari,16-18,female,high
8,20.45689248,69.63359416,27.07971212,11.36803646,1.874249115,1.370392848,2.266386985,Shared/Other,Safari,16-18,female,mid
9,38.99345913,86.45940423,23.15022169,23.92346157,2.488470173,1.768459728,2.253258211,Android,Edge,16-18,female,mid
20,58.28337468,74.13089641,28.46888596,31.36185705,1.115253683,1.504100297,1.502938553,iOS,Edge,16-18,female,high
22,68.29193253,83.37856778,23.1545407,49.76643438,3.142521235,1.38340516,2.530610296,iOS,Chrome,19-22,male,mid
22,39.20084944,87.53746583,35.72976671,32.9542325,1.787309691,1.011104185,1.626616478,iOS,Firefox,16-18,female,mid
19,78.59457263,89.71460882,19.96411989,36.06183152,1.882027791,1.20908466,0.85098071,Shared/Other,Firefox,19-22,female,low
16,23.61835005,62.92835189,25.78851601,21.22078771,1.873798052,1.93735344,1.707103026,iOS,Firefox,13-15,male,mid
18,62.32096461,89.72732465,30.71475938,65.60726635,1.153860638,1.075877789,0.796330602,Shared/Other,Edge,19-22,male,mid
20,35.23549353,72.42831504,25.59901671,22.95349056,1.867927642,1.708389538,1.731636214,iOS,Edge,13-15,female,low
14,32.37482318,76.45578258,27.39293305,38.16691783,2.749692708,1.209669654,2.891633103,iOS,In-App,13-15,male,mid
17,24.52505933,51.45348712,28.97077482,21.27510612,2.021609835,1.172875495,1.335630207,iOS,Edge,13-15,female,mid
8,55.54782521,75.75933036,21.8064126,38.23407731,3.250033526,1.265981129,1.369747029,Desktop,Safari,16-18,male,mid
17,42.37010654,83.51594296,33.58511448,19.65844516,2.586079973,1.120948702,2.834670934,Android,In-App,16-18,female,low
9,27.05316385,72.86728803,27.8600088,20.05368815,3.885083028,1.155213105,1.27946089,Desktop,Edge,13-15,female,low
9,43.04524574,71.15559163,34.97271,36.54859184,1.944897819,1.800731123,2.863410748,iOS,Edge,16-18,male,mid
18,45.57966913,75.60696597,24.13114388,25.23701775,3.756542861,1.123559341,2.38257462,Android,Edge,13-15,female,mid
13,48.1069953,92.2798189,25.2447795,41.68492568,3.867900329,1.516875337,2.850199591,Shared/Other,Safari,16-18,female,low
20,65.81411992,74.66039378,34.08422448,16.12237301,2.276414599,1.539039277,1.065486562,Android,In-App,16-18,female,mid
19,58.89190169,71.53420466,27.4885701,36.6710557,1.178880131,1.320080099,1.207522245,iOS,In-App,16-18,female,mid
17,37.95984775,92.6333699,23.7059458,21.65058031,1.243344014,1.756732947,2.420997055,Android,In-App,13-15,male,mid
17,40.42567987,74.65992474,32.65563724,26.21602107,2.019305913,1.519259426,2.321093014,Android,Firefox,13-15,male,low
23,69.29390499,76.76031414,39.57319223,32.13516196,1.336027561,1.349842014,0.909574021,Android,Chrome,19-22,female,high
14,58.80609797,78.65391819,23.96334002,23.97801926,2.776392554,1.043327478,1.607261879,iOS,Firefox,16-18,male,low
9,29.65209216,70.39257544,29.52338502,22.60187858,3.5190098,1.318403441,2.866004337,iOS,Firefox,13-15,male,high
15,36.58446041,76.83002308,28.6146866,27.24386564,1.610524092,1.380136123,2.684557541,iOS,In-App,13-15,female,high
21,24.88847384,77.35640531,25.48146583,25.54791614,2.146360891,1.339769636,2.335379738,Desktop,Chrome,13-15,female,mid
12,37.73401883,90.60794878,28.88950224,34.64049348,1.066457898,1.11255145,2.300466699,Shared/Other,Firefox,16-18,female,high
23,93.86815609,65.06685862,24.97133699,35.60988986,3.401885656,1.256379478,1.055405144,Shared/Other,Safari,19-22,female,low
12,43.62802949,97.81437645,33.29492367,21.19725446,1.800908176,1.871093201,0.560920232,Android,Chrome,13-15,female,low
16,61.74795935,70.73399682,24.01553163,27.66371876,2.082982706,1.288525735,1.105768976,iOS,In-App,16-18,male,mid
16,28.88359897,85.3605894,24.48617758,17.08090849,1.241765144,1.907322936,0.801473268,Android,Firefox,13-15,female,low
16,42.11316735,89.15001032,19.60257361,22.49880954,1.488795188,1.581752891,2.622705673,Desktop,In-App,13-15,male,low
16,65.42426128,67.17368916,30.3162799,24.78898395,3.405756042,1.691307143,1.381842517,Shared/Other,Safari,16-18,female,low
11,30.16929098,83.83985849,36.94349824,28.09958024,2.760542793,1.131149215,1.752109381,Desktop,Chrome,13-15,male,low
14,32.49830098,68.72293585,33.61635532,22.62628273,2.620828056,1.991501439,2.960130197,Android,Edge,13-15,female,low
16,66.46018839,95.09973518,24.33635092,29.4778449,1.843239816,1.475075882,2.386588758,Desktop,Edge,16-18,female,low
14,83.83039638,55.34451006,27.56589928,54.88871482,3.96234868,1.868504117,2.564177151,Shared/Other,Edge,19-22,male,mid
12,51.13558874,73.62972342,30.46914532,36.23563188,3.54252048,1.334156893,2.095602411,Android,In-App,19-22,female,low
19,38.76492498,69.02622541,29.48352203,28.76182119,2.856626658,1.293410107,2.841807467,Shared/Other,In-App,13-15,female,mid
15,19.71279883,79.46227142,25.62664828,45.80334446,1.600412654,1.226857539,1.93733787,Android,Safari,16-18,female,low
20,77.69193121,60.26683764,23.85856218,29.60426996,2.221395475,1.18359107,2.945556675,Desktop,Edge,19-22,female,high
15,34.68670322,78.29790047,30.54637478,12.98494239,3.466591839,1.14003501,0.513052406,Desktop,Safari,13-15,male,mid
16,54.28660972,79.98651065,31.69149564,16.62851383,2.995562803,1.629072633,0.982511761,iOS,In-App,16-18,female,mid
19,56.36817719,68.17763132,36.0978285,51.60472505,3.75343581,1.544506569,1.465279109,iOS,Edge,19-22,female,low
16,35.12812297,85.90568147,21.2258547,23.78233791,3.73297146,1.78786425,2.605602848,Desktop,Firefox,16-18,male,low
20,78.94542932,91.66610814,22.96588794,57.4385426,2.146838091,1.311128183,1.382692946,Shared/Other,Safari,19-22,male,mid
20,33.75711861,78.6651183,31.68413854,29.37243838,2.199551982,1.229078073,2.945373167,Shared/Other,In-App,16-18,female,high
9,54.66947351,91.72266416,37.10540297,35.67117928,2.811607008,1.360103447,2.843536025,Desktop,Firefox,16-18,male,high
9,55.19870381,77.90114243,34.86815815,34.41447529,1.886115629,1.311205174,1.664170441,Shared/Other,Firefox,16-18,female,high
10,54.38507703,75.24644922,21.08690028,20.95402683,1.538227253,1.046724972,2.362165749,Android,Chrome,16-18,male,mid
12,28.41845654,100,33.14327782,21.94663059,2.998367455,1.797521791,2.019772791,Shared/Other,Edge,13-15,female,mid
11,69.23955176,94.17247888,29.73119131,33.1285472,1.01406905,1.07300234,2.202909046,Shared/Other,Firefox,16-18,female,mid
12,47.62522348,64.78523333,25.5901243,31.55548055,3.463794097,1.552201746,1.013744462,Shared/Other,Firefox,16-18,male,mid
13,60.1570405,78.96338162,30.69202862,31.18464675,3.332178756,1.469155781,0.63967685,Android,Firefox,19-22,male,mid
7,38.87574279,72.25839434,27.88034262,29.0549823,2.540190074,1.987296685,2.50566548,Shared/Other,In-App,13-15,male,high
9,45.44362061,97.78324635,36.333681,33.16244948,2.595248565,1.846107511,0.579362599,Shared/Other,Edge,13-15,male,mid
12,48.22798329,80.82507211,26.39102199,24.8040649,1.899668916,1.42450118,0.535016254,Shared/Other,In-App,13-15,female,low
11,66.27753865,65.24353186,30.70044773,44.58885427,1.644733809,1.852159284,1.765292387,iOS,Firefox,19-22,female,low
16,60.09875324,64.75491164,22.80545025,31.28906258,2.351113747,1.849304397,0.535415652,Android,Safari,16-18,female,mid
13,51.4211617,65.40772226,24.89457236,18.03703212,2.35835378,1.827592462,1.557626451,Android,In-App,16-18,female,high
10,38.13644599,73.75056001,24.81419343,23.71249025,3.292102215,1.961328415,1.544452035,Desktop,In-App,13-15,male,mid
15,64.54664714,67.6214487,27.09304989,33.60201469,1.696673843,1.059750991,2.979949561,Android,Chrome,16-18,female,mid
8,24.78407326,84.13868903,30.95254491,21.85475879,2.132265183,1.37928353,2.452414108,iOS,In-App,13-15,male,high
20,81.85094482,72.58867795,33.52202018,31.47335387,2.389754923,1.698618663,2.548547068,Android,Edge,16-18,male,mid
15,40.54631487,88.38735901,32.96649075,22.66153532,2.996852157,1.626566642,1.429178336,iOS,Edge,13-15,male,mid
10,21.49483443,85.68496174,24.26465261,26.33260575,2.296233458,1.196444953,2.335147252,Android,Chrome,13-15,male,mid
20,40.43000245,57.91453433,36.45644859,35.07800772,3.801913797,1.955853831,1.95462721,Desktop,Chrome,13-15,male,high
13,68.0555872,81.25691371,31.2054,41.6263524,1.743658942,1.934296899,1.471686664,iOS,Chrome,19-22,male,low
11,34.10841747,76.67257252,20.29718381,24.63345109,3.176044318,1.48749421,0.97316486,Shared/Other,Firefox,13-15,male,high
13,80.5941933,75.06392466,28.35462118,28.06349818,2.426908592,1.344245899,1.94518197,Android,In-App,19-22,female,mid
19,73.19183261,67.24675387,28.54962166,50.07196856,1.860306882,1.181448014,1.726674297,iOS,In-App,19-22,female,low
17,35.67398363,89.91116424,29.02186787,39.46589797,2.444827738,1.925559804,2.501058435,Desktop,Safari,16-18,female,mid
10,33.37182082,61.40295197,32.5331003,26.39334228,2.711647254,1.895561881,2.065287872,Android,Chrome,13-15,female,low
8,47.99670226,72.83378358,29.58259126,11.61988369,2.271124807,1.969182304,2.488937262,Android,Safari,13-15,male,low
11,77.78102716,86.01119979,28.77910855,22.84336653,1.372799497,1.793181421,2.13832396,iOS,In-App,19-22,male,mid
15,51.24241229,74.24836437,34.53825361,34.15460394,2.41730238,1.249997747,2.003966286,Desktop,Safari,16-18,female,mid
21,31.71066628,73.43121473,25.29979944,15.20142229,2.567348379,1.469917024,2.440034695,Shared/Other,Safari,13-15,female,mid
15,71.50550642,62.01051739,27.95927739,33.21984896,2.732473363,1.712324894,2.640044142,Desktop,In-App,19-22,male,high
17,43.9782065,68.16048237,37.05167775,27.36321093,2.387785997,1.608626015,2.782218858,iOS,Firefox,16-18,male,high
16,52.44208595,53.72119409,34.9602594,35.00779033,3.346963198,1.431323903,1.78888159,Shared/Other,Firefox,16-18,female,high
11,63.45636894,74.6702722,30.13565989,50.41696558,3.562339021,1.66377794,2.202059937,iOS,Edge,19-22,male,low
8,42.45026864,74.76969863,40.70783498,19.91063684,3.297193858,1.563716224,2.620490042,Desktop,Firefox,16-18,male,mid
19,32.23842226,68.3308167,32.75684575,31.25044737,3.784838802,1.150316069,2.51233423,Desktop,Firefox,13-15,male,low
21,58.91658967,79.40096513,26.04757864,47.90155568,1.322047648,1.352611494,2.329815894,Shared/Other,Safari,19-22,male,high
18,53.76517978,66.36942463,28.63837862,40.42879142,3.332394242,1.119689104,0.764806136,Desktop,Chrome,16-18,male,low
10,70.09433768,68.16714737,33.27742662,31.15532844,2.969227419,1.113973252,0.78615209,Android,Edge,16-18,female,mid
19,69.43127793,72.50014615,29.96708709,67.88379023,1.775387519,1.109076695,2.156024631,Desktop,In-App,19-22,female,high
14,65.49787129,63.86937889,33.9877725,29.53923389,3.907336829,1.349021729,2.830889029,Shared/Other,Firefox,16-18,male,mid
9,51.25275901,62.57940274,27.25679992,28.02256199,1.187574753,1.190146667,1.378800207,iOS,Safari,13-15,male,mid
21,38.3442507,75.30052381,32.3318533,30.29581563,1.497801785,1.937928955,2.950585984,Android,Firefox,16-18,male,mid
19,65.83288561,72.91929701,27.34231453,46.01309264,3.462878158,1.968037523,0.599447993,iOS,Firefox,19-22,female,low
14,33.28827421,76.50902309,27.25803127,22.663047,2.245137071,1.52595431,1.434574314,Desktop,Edge,13-15,male,mid
18,46.2991874,69.32966659,28.59293461,30.98140418,1.379077675,1.180671128,1.009133336,iOS,In-App,16-18,male,low
20,64.40742694,92.58866084,25.87438153,31.86423544,1.363420049,1.622625184,2.450965955,Desktop,Safari,16-18,female,mid
12,54.85514867,90.10096199,39.13385,25.5723652,2.275643708,1.829774641,2.857225153,Android,Firefox,16-18,female,high
16,38.74085093,99.8945571,32.36912459,34.77892542,1.002891056,1.127503617,1.792800462,Shared/Other,Edge,16-18,female,mid
12,46.39849749,61.5113008,23.26161264,13.03757584,3.205375626,1.919436181,1.430035147,iOS,Edge,13-15,male,high
14,28.30459769,79.44501694,29.65571854,27.23718061,3.643560479,1.463525909,2.857657518,Shared/Other,Edge,16-18,male,mid
20,64.11765419,66.37553079,36.61173026,42.05586222,2.468603176,1.415046561,2.314241509,Shared/Other,Firefox,19-22,female,mid
13,44.30291228,66.25996734,37.41390543,22.03519695,1.124788208,1.853469587,1.719304658,Shared/Other,Edge,16-18,female,mid
21,70.93536922,78.59274921,28.85477981,54.55142935,3.909774534,1.357662755,0.780776823,Desktop,Safari,19-22,female,mid
19,46.52935947,69.52953558,28.60379262,31.40290964,1.706580136,1.921274834,2.725548094,Shared/Other,Safari,16-18,female,low
14,58.30456323,74.36355199,27.25713207,41.84523891,3.755053117,1.943678789,2.948302229,Android,Safari,19-22,female,low
21,42.55601608,81.94595659,24.50988346,25.96841916,3.77882447,1.320903667,2.689260826,Shared/Other,Safari,13-15,female,mid
12,49.33974556,62.31635621,33.76565643,36.02491649,1.716445231,1.057706696,0.693232596,Shared/Other,Edge,16-18,male,mid
15,32.81233496,66.52691657,38.59495209,26.45723908,3.715770631,1.52795503,1.42801882,iOS,Firefox,13-15,female,mid
16,35.53457638,71.47746663,36.40737026,32.27397503,1.533084067,1.761245202,2.405027744,Shared/Other,Firefox,13-15,female,low
16,52.3198505,69.95272118,31.42321555,38.63373397,2.123833163,1.250151243,2.981575479,iOS,In-App,19-22,male,low
10,81.63652705,77.68399541,22.16207416,50.81277902,2.226387455,1.541715976,1.172145209,Android,Firefox,19-22,male,high
21,56.67262347,75.64870639,30.29835781,32.53545987,1.892817038,1.426117544,1.279345148,Android,In-App,16-18,female,low
14,35.0701822,76.43996898,35.75255785,25.39208849,1.224106483,1.088438928,2.741549469,Android,In-App,13-15,female,low
23,65.66649762,67.35559259,25.67898728,47.157448,3.172202444,1.802619852,0.79033797,Android,Edge,19-22,male,mid
12,63.23745549,95.57303251,32.32977035,33.85187227,1.38929716,1.395440227,2.710304287,iOS,Chrome,16-18,female,mid
8,39.6511929,85.00000026,37.81342475,26.32183009,3.629681506,1.378280693,2.755673957,iOS,Safari,13-15,male,mid
10,32.13042336,72.87169555,30.37992468,34.37959733,1.003021004,1.025358211,1.622279384,Desktop,Chrome,16-18,male,mid
13,30.29851237,96.64134246,34.07136518,23.06877524,1.83825788,1.085453818,2.343265405,iOS,Edge,13-15,female,mid
10,57.80802074,55.40611326,28.53456674,46.99501756,2.764447445,1.600151034,2.203752503,Desktop,Chrome,19-22,female,high
22,77.20689621,66.28889852,25.94158058,18.87111642,1.091187189,1.957914602,1.988240147,iOS,Chrome,19-22,female,mid
15,52.30403539,76.74709649,31.66461362,31.25901756,1.869828751,1.222052618,2.989188584,Android,Edge,16-18,male,low
12,26.92520186,73.9061136,25.86291602,21.43259279,2.310147433,1.58216024,1.384671954,iOS,Chrome,13-15,female,low
21,60.88673372,76.29836865,38.03100672,20.86648547,3.342339396,1.553486951,0.508771262,Shared/Other,Firefox,19-22,female,low
22,57.80756002,75.95277169,29.5349509,20.00063211,3.819526818,1.563667889,1.992428405,Android,Edge,16-18,male,low
20,46.92879206,97.91634369,30.36083453,47.91408307,1.823157245,1.597387491,2.232597367,Android,Edge,19-22,male,mid
18,57.77188738,74.82708646,27.81014074,37.43888181,1.810854815,1.73988045,2.513058214,Desktop,Edge,16-18,female,low
15,57.75489958,90.3227274,32.94496437,66.24626679,2.319676215,1.806857222,2.926232232,iOS,Firefox,19-22,male,high
17,37.29325815,68.83361358,23.23131825,20.21710488,2.473400975,1.297128879,2.199752326,Desktop,Chrome,13-15,female,mid
23,58.05990678,73.98465625,19.78086242,41.60412747,2.914165289,1.071896917,2.864491498,Android,Safari,19-22,female,mid
12,64.49817274,61.44537669,27.02346388,35.72955603,3.218819599,1.22717011,1.644863337,Desktop,Firefox,19-22,male,mid
15,73.93066279,76.69783101,29.81517646,43.76524748,3.279196407,1.437180063,1.835204259,Android,Chrome,19-22,female,mid
23,65.3228622,79.8107952,30.52871568,38.18701214,2.124794851,1.25242135,2.88880745,Shared/Other,In-App,19-22,female,mid
18,39.90943602,81.66650875,28.52800369,25.55383814,3.053516197,1.373504482,2.523005382,Desktop,Firefox,13-15,female,low
17,57.1468694,72.63137133,37.34323507,35.59320955,2.129555053,1.446921292,1.546726689,Android,Edge,19-22,female,mid
8,59.0042899,71.86129685,33.17502238,17.77719757,2.422915481,1.688310144,2.48686416,iOS,Safari,16-18,female,high
17,32.20547149,86.74929143,38.38178209,20.31269656,2.40986459,1.154746043,2.662335351,Shared/Other,In-App,13-15,male,mid
17,26.15548002,74.8346641,23.62016715,23.21622613,2.444394755,1.410137687,1.823393069,iOS,Safari,13-15,male,low
12,38.37405237,80.83849773,29.86582032,21.27024828,1.085461649,1.09165058,1.1082742,iOS,Firefox,13-15,female,mid
12,20.23004918,81.37574421,26.69405751,27.68335203,1.113782275,1.646682098,2.874267366,Android,Safari,13-15,male,mid
18,49.15938221,77.16076226,28.18367294,26.67047155,1.715871849,1.847450313,2.35756811,Desktop,Edge,13-15,female,mid
20,63.79318487,63.43064971,27.73836184,33.59280463,2.635876293,1.478002479,1.291239105,Shared/Other,Chrome,19-22,female,high
8,27.19584027,66.79387993,29.76298188,41.5507155,1.087449336,1.892919335,2.646000829,Android,Safari,16-18,male,mid
12,42.76369004,64.79154441,32.88352439,29.76078564,2.769341594,1.911761983,1.376400244,iOS,Edge,16-18,female,mid
8,43.81919356,82.82416705,24.31102834,21.53038745,1.290775306,1.360279992,1.238565767,Shared/Other,Firefox,13-15,male,mid
12,61.81996454,100,44.64891758,22.89772421,1.351748271,1.390275556,2.631162347,Android,Edge,16-18,female,low
17,67.1358193,66.92994206,22.51568274,37.21681679,3.746565985,1.367569025,1.809588101,iOS,Edge,19-22,female,mid
12,82.81956508,76.20827713,33.93371537,33.83744768,3.480811455,1.409460164,0.716860478,Shared/Other,In-App,19-22,female,mid
8,30.27386746,83.94585533,31.66037719,23.5691465,1.52889552,1.341613785,0.921875511,Android,Edge,13-15,male,mid
10,40.87446232,69.65001723,31.88280519,25.44844965,1.323330624,1.543720528,0.755279546,iOS,Edge,13-15,female,mid
22,34.35210104,82.64741785,25.9426444,32.57113504,1.172443766,1.202745113,0.873371301,Shared/Other,In-App,16-18,male,mid
21,70.89202206,100,34.49417243,30.15502378,2.557299804,1.325318828,1.311387536,Android,In-App,16-18,female,low
8,25.37370296,59.05758706,35.25456331,21.94171296,1.544772658,1.954241693,2.388462683,iOS,Chrome,13-15,female,mid
19,41.77117787,75.13668458,24.05782204,24.16559666,2.198169114,1.324622891,2.556512927,iOS,Chrome,16-18,male,mid
12,93.22314012,77.59713797,31.36413568,49.73228385,3.080206141,1.916326974,0.619085659,Android,Safari,19-22,female,low
16,51.59568218,76.95193208,25.43467292,24.24424804,1.146005976,1.938650594,1.322116014,Desktop,In-App,16-18,male,mid
14,49.49568609,100,32.26571249,26.75040935,1.43870322,1.75561927,1.43246972,Desktop,Safari,19-22,male,mid
9,30.19671213,71.60184537,30.98455566,38.29458957,1.966643364,1.932223838,1.625253064,Android,Edge,16-18,female,low
15,54.05923631,63.52844623,25.88150112,33.52451145,1.48395522,1.486621907,0.733484999,iOS,Safari,16-18,female,low
20,49.69682728,74.7916204,29.19285443,39.41755031,2.064401709,1.719102007,2.288284079,Shared/Other,In-App,16-18,male,mid
9,25.9820093,71.96388203,36.21324402,23.13296614,2.331591083,1.548889063,1.989222993,Desktop,Safari,13-15,female,high
10,28.16628506,80.4891279,25.54062819,22.28413392,2.768563859,1.455543571,1.158386821,Shared/Other,In-App,13-15,male,high
14,37.9357413,81.31804277,36.56412725,24.02519743,1.011357201,1.380262026,1.226218748,Shared/Other,In-App,13-15,male,low
9,31.70518221,66.84568636,33.45935576,27.50547942,3.05403023,1.473803357,1.577072004,Desktop,Firefox,13-15,male,high
17,26.4614619,96.8939608,31.39743322,30.88724925,3.504993912,1.955212405,2.683345215,Shared/Other,In-App,13-15,female,mid
21,51.12105735,62.78615292,28.81488406,45.58647862,2.75341361,1.017256506,0.990622097,Desktop,Safari,16-18,male,mid
13,34.49176303,74.11012401,33.55267013,29.6168194,1.816689026,1.122684538,2.180068489,Shared/Other,Safari,13-15,male,mid
14,38.06936731,91.85287128,25.9192218,20.22075001,3.573539111,1.374477555,1.15386864,Android,Safari,13-15,female,high
18,38.97293651,69.2611946,32.48286944,20.72763306,3.365061787,1.748337149,1.081542486,Shared/Other,In-App,16-18,female,low
12,58.46023648,76.9057256,24.91468313,29.70774477,3.080568299,1.00183664,2.593941078,Desktop,Edge,19-22,female,mid
14,38.88170265,85.80870778,24.00062094,30.202379,3.641844891,1.094324477,1.850362656,Android,Safari,13-15,male,high
17,49.64279273,55.52097105,35.15934937,26.14187713,1.685145905,1.84829365,0.636685014,Android,Chrome,16-18,female,mid
11,33.61517121,71.26375862,36.21701171,32.30233972,2.469770841,1.264625268,1.778766881,iOS,In-App,16-18,male,mid
7,34.63425587,68.50926465,32.70090792,18.63427078,1.157364514,1.924008923,2.479527076,Shared/Other,Chrome,13-15,female,high
13,56.0774514,85.55302155,36.77879747,29.6478396,2.642677758,1.479195454,2.990312549,Desktop,Firefox,16-18,female,high
8,50.72642275,71.76504716,30.03507513,31.01379065,1.541822749,1.497620296,2.381417613,Android,Edge,16-18,female,low
16,46.80141911,66.89823,33.95575763,20.27792993,3.284622768,1.82847544,1.577073493,iOS,In-App,13-15,female,mid
12,78.46438584,85.69412004,32.35488279,46.49671751,2.441315147,1.261580996,1.236344449,Android,Firefox,19-22,male,high
12,62.8417401,66.05430152,22.7445432,51.48806339,2.046671416,1.759003237,1.395261148,Shared/Other,In-App,19-22,male,mid
18,46.57569521,71.12849036,28.99536099,40.22167075,2.870589099,1.075307151,0.675132349,Shared/Other,In-App,16-18,male,low
16,65.95120419,84.07338063,31.89997053,14.63880159,2.157444174,1.983549863,2.198746027,iOS,In-App,16-18,male,low
19,45.13348739,84.83176806,22.17612495,36.14442333,2.501295662,1.710850382,1.334580347,iOS,Firefox,16-18,female,mid
18,72.91374982,78.3089078,23.2914733,29.37723954,2.223450425,1.849259687,1.539335333,Desktop,Chrome,19-22,female,low
16,43.19240607,45.72940157,31.41276825,36.10410035,3.682563246,1.009934038,2.133648303,Shared/Other,Edge,16-18,male,low
10,31.99151163,84.55725193,30.06891382,34.16528261,2.854275757,1.788610628,2.001709448,Shared/Other,Edge,16-18,male,low
11,62.77625754,73.94658724,34.48205204,48.54721497,1.391653986,1.390822972,1.973323133,Shared/Other,In-App,16-18,female,high
16,34.23400832,72.61151089,28.41079898,20.82261216,1.292013399,1.275628019,2.993243777,iOS,Edge,13-15,male,low
10,28.75081333,68.44353369,30.0505253,22.39267359,2.370468029,1.628868159,2.361807979,Shared/Other,In-App,13-15,male,low
7,27.34451057,81.49625807,28.34856325,15.49612936,2.265127255,1.561808658,2.108180673,iOS,In-App,13-15,female,mid
13,19.42311178,54.69203731,32.49930805,35.27648627,3.933710123,1.278439713,2.871655843,Android,Edge,13-15,male,mid
20,46.2770033,73.60466692,19.20877158,28.48642101,1.428472885,1.118572241,2.663732415,Desktop,In-App,16-18,male,low
8,37.72902613,71.93891762,33.85345431,17.23032876,1.522747924,1.500557195,2.453731648,Desktop,Safari,16-18,female,low
21,60.99892163,77.06897636,34.68057487,39.53805779,2.14716118,1.172335298,2.45895275,Shared/Other,In-App,16-18,female,mid
17,54.04889189,65.29812363,38.45674801,27.60773369,3.001860562,1.836734334,1.376606162,Android,In-App,13-15,male,high
19,45.21606773,82.95963801,37.90195745,32.58676262,2.62862943,1.58905715,2.138368982,Shared/Other,Chrome,16-18,male,mid
22,48.97483283,85.38232047,36.2401128,59.07966927,3.287702433,1.188754003,2.51446248,Android,Safari,19-22,female,mid
18,49.46624918,81.85785732,30.28183982,18.86582607,3.08427892,1.293972617,0.903740735,Desktop,Safari,16-18,male,low
8,48.44889847,86.77899351,29.9051712,26.08939573,2.650685384,1.984647862,2.149825135,iOS,Safari,16-18,male,mid
8,58.88180623,68.86307009,29.33051197,30.28527335,2.987944526,1.764451806,0.682003785,Android,Chrome,16-18,female,low
21,46.77795843,76.82169361,29.05558121,25.05298656,1.831833182,1.959625266,2.238741877,iOS,In-App,16-18,female,low
16,51.37014805,81.27726053,26.88103454,34.82280494,1.966208083,1.995799863,1.44168155,iOS,Edge,16-18,male,mid
17,34.58373695,79.17755416,33.72756732,25.57368698,1.891571583,1.197768534,2.875440845,Shared/Other,Chrome,13-15,male,mid
17,53.3687084,56.79592106,32.50619433,47.65748559,2.89239196,1.989454514,0.602940994,iOS,Edge,16-18,male,low
11,41.22848283,83.0948566,37.58203903,24.79599209,2.026250388,1.823299908,0.762646892,Android,Safari,13-15,male,mid
18,64.27144739,79.46958807,33.85189818,23.21780795,1.594294148,1.716120797,2.271545426,Desktop,Chrome,16-18,female,mid
20,53.1547495,76.23541472,27.15506485,27.95111821,2.002280363,1.206766673,0.956252546,iOS,In-App,16-18,male,high
12,26.60111289,82.05906939,31.55793135,25.69082828,1.491489002,1.214729682,1.934533834,Desktop,Chrome,13-15,male,high
17,43.81271955,73.85230642,40.80218101,20.82869632,3.562676909,1.899844075,2.454383447,Desktop,Safari,16-18,female,mid
13,65.69308151,83.23705514,23.69716995,39.94024994,2.333690457,1.970776406,2.920448742,Shared/Other,Safari,19-22,male,low
20,59.29635003,61.06542244,34.0680886,37.29631971,3.296776193,1.095716624,1.146799922,iOS,In-App,16-18,female,mid
22,70.38868676,87.06187538,29.87360988,21.53217345,1.933371924,1.884076531,1.508654925,Desktop,Safari,19-22,female,high
20,57.06180739,64.74857774,27.99043737,28.40470522,2.577794483,1.550732146,2.274167374,iOS,Safari,13-15,female,low
8,48.69866928,82.48762123,37.95630069,30.89280555,1.313242642,1.854539584,0.60250899,iOS,In-App,16-18,male,low
17,29.89186445,68.01190207,30.99576415,32.95813697,3.242558485,1.522101459,1.01186821,iOS,Edge,13-15,female,low
20,43.11483639,83.733077,33.19985355,27.5000506,3.615688288,1.515207587,2.854560936,Android,Safari,16-18,female,high
18,44.3791931,74.93724928,37.04321358,22.57224527,1.894128087,1.883974299,0.637724894,Android,Chrome,13-15,male,mid
18,66.95801642,72.3572248,34.55457708,50.38522354,1.835866235,1.272691493,1.438512434,iOS,Firefox,19-22,male,low
18,33.78289147,70.17516395,30.78879446,21.28955586,3.683568701,1.327215813,2.080552811,Android,Chrome,13-15,female,low
21,84.25216921,85.22228044,25.98776664,51.10580318,2.216338547,1.125297194,2.35100362,iOS,Safari,19-22,female,mid
9,45.55759733,65.0843644,27.33279865,33.413611,2.855434883,1.657576252,1.70905671,iOS,Firefox,16-18,female,mid
13,28.96460058,84.87069244,34.67651673,27.81484829,3.728609505,1.338144128,0.528013483,Desktop,Edge,13-15,female,low
17,59.18031849,72.03460711,22.66504605,14.04332287,2.294902821,1.773122356,2.856479715,iOS,Chrome,16-18,female,mid
13,54.54862795,53.06568677,27.10697574,26.59465052,1.752129842,1.441507931,2.514929813,Android,Edge,19-22,female,high
19,53.56992946,81.47648627,34.73738032,45.97975128,2.519583858,1.30608151,1.651305092,Android,In-App,19-22,female,low
22,53.02563741,69.20161467,32.2046146,44.41322402,3.938048631,1.321352315,2.7966154,iOS,In-App,19-22,male,mid
17,36.48321824,62.05195179,37.56492656,26.67532278,2.045735547,1.654151361,0.82725002,iOS,Safari,16-18,female,high
8,67.13691419,81.06689188,34.39129575,30.97408201,3.623133715,1.509968317,1.08464127,iOS,Firefox,16-18,male,mid
18,63.20806477,80.52628851,31.63693095,44.62883642,2.180102232,1.136079904,1.964304994,Android,Edge,19-22,female,low
15,33.47091854,68.53990892,32.72738642,27.15368699,1.72987623,1.255682626,2.879048525,iOS,Edge,16-18,female,low
16,39.75591304,74.3213604,28.58913564,30.25451746,1.017781681,1.036051014,1.696396826,Desktop,Safari,13-15,female,low
19,48.78247392,85.2709587,28.70717684,25.14209773,3.273392394,1.057575489,0.667718643,Desktop,Safari,16-18,female,low
18,50.95565732,77.65012906,25.01251875,16.20392174,3.827895322,1.54944349,1.213933146,Shared/Other,Firefox,16-18,female,low
9,23.97155088,72.58162175,30.03000384,24.1385034,2.140557469,1.007750601,1.094514351,Desktop,Safari,13-15,female,mid
15,68.42122108,70.74521448,28.92233316,33.35459286,1.612539674,1.439090213,1.787659655,Shared/Other,Edge,16-18,male,low
14,36.79382942,62.37484191,35.78425981,21.9298462,2.41117227,1.547285168,1.521150143,Desktop,Firefox,13-15,male,mid
21,60.50229117,62.94476721,29.81430778,36.72678079,2.70987134,1.263237139,1.660772542,iOS,Safari,19-22,female,mid
10,59.40648185,84.86468594,32.02786185,30.72735444,1.175226214,1.119485793,1.292782308,iOS,Firefox,16-18,female,low
9,58.04964898,70.31439491,31.75377719,32.15584352,3.371759132,1.888710286,2.653107079,iOS,Safari,16-18,male,mid
11,64.25471338,76.73797608,31.14125144,19.83229908,3.487018173,1.439839731,2.38313848,Shared/Other,Safari,16-18,female,high
10,51.95195314,64.28821254,36.52235792,31.97531537,1.02056567,1.802431622,2.923318657,Shared/Other,Edge,16-18,female,high
11,43.59530663,89.40505324,31.78283439,27.85475704,3.439693512,1.892369898,2.752798832,Shared/Other,Firefox,16-18,male,low
18,26.84135087,79.47898746,26.21002605,17.28200642,2.109221411,1.542416693,2.011503044,iOS,In-App,13-15,female,high
19,60.9769787,71.99348445,30.90806325,28.38217641,2.892934167,1.374245107,1.345398795,iOS,Chrome,16-18,male,low
18,32.53623913,77.18154598,31.36577522,30.42877288,2.899090061,1.572229983,2.237366078,Android,Edge,16-18,male,mid
22,84.46190962,69.14685015,34.7639916,52.67360182,2.013261303,1.072995599,2.286778336,Shared/Other,In-App,19-22,female,low
18,54.90196551,78.61695099,27.07122144,24.81293546,1.790324814,1.723179261,2.580634027,Shared/Other,Chrome,13-15,female,mid
19,27.4003718,80.3735348,32.46893113,27.11598913,2.368769741,1.466593544,2.452340585,iOS,Edge,13-15,female,low
14,90.19141297,69.2986954,27.06147886,51.4394179,1.247009443,1.453319598,1.770087728,Shared/Other,Firefox,19-22,male,low
16,36.5730027,85.526819,25.77866253,32.70816858,2.818062531,1.502799032,2.798888865,Shared/Other,Edge,16-18,female,mid
9,48.75881712,95.08824314,36.62164806,23.7795992,1.96174683,1.176996191,0.826590512,Desktop,Safari,16-18,female,mid
20,41.62200659,57.90668283,22.13580103,31.57835038,3.449377552,1.218290525,2.57756184,Android,Safari,16-18,female,mid
21,23.62089036,82.59304571,28.1400712,25.19289353,3.30941595,1.510206342,2.00823257,Android,Safari,13-15,female,low
14,59.75445732,76.39596274,31.45988845,41.45505656,1.310290798,1.623758743,1.548578712,iOS,Firefox,19-22,male,high
14,47.84238601,71.23441768,31.59208191,24.72501916,3.003685759,1.745644295,0.62818635,Desktop,Edge,16-18,male,mid
19,45.27984214,68.62233096,24.96181572,30.40643369,3.209167979,1.771253401,1.364536474,Shared/Other,Safari,16-18,female,mid
15,55.85448976,66.81683949,28.99101848,36.3089302,2.496342872,1.190524529,1.38819671,Desktop,Chrome,19-22,female,high
10,39.97496058,82.29861781,20.91191265,25.00416946,2.553192836,1.02993418,1.956161567,Android,Edge,13-15,male,low
12,30.97349914,71.59370731,30.70397765,36.00038629,1.713455495,1.679957214,1.178540106,iOS,Safari,13-15,male,low
9,37.19964566,72.1078261,29.58616967,26.06046636,1.227626079,1.198598616,2.46728883,Shared/Other,In-App,13-15,female,low
21,39.50544854,83.56985348,33.49568297,20.70121638,3.14957323,1.849813065,1.533338617,iOS,Edge,13-15,male,low
18,30.0248362,67.94853041,29.06139164,21.33135071,1.400041016,1.011695197,2.996731212,iOS,Chrome,13-15,female,mid
14,76.24929328,62.35507594,34.18984421,54.51621593,1.232476107,1.915321961,1.250874507,Desktop,In-App,19-22,male,mid
22,77.07210979,81.61638502,28.78589814,60.14193149,1.988397562,1.432005547,0.695276092,Android,In-App,19-22,male,low
16,35.44671822,63.76779739,26.13001633,25.5021447,2.10927751,1.143077026,2.381257873,Android,Firefox,13-15,female,mid
7,44.0866516,82.48797958,29.26284588,21.23490837,1.606029263,1.84610314,1.275045924,Desktop,Firefox,13-15,female,high
7,43.19317176,90.17153742,26.69669111,19.3316381,1.414339537,1.176765106,2.109273744,Shared/Other,Chrome,13-15,female,high
14,28.02018825,73.88802646,36.29999304,28.3625211,3.365458733,1.646533552,0.57161162,Shared/Other,Chrome,13-15,female,low
13,55.49715109,71.06341927,27.49845365,55.92625275,2.65190804,1.683745063,1.285141403,iOS,Firefox,19-22,male,high
20,46.26440319,70.3482665,29.59267747,31.12085737,2.024602263,1.51575155,2.839679688,Desktop,Chrome,16-18,female,mid
13,54.22150487,74.89512571,23.86561539,36.52323905,1.930559132,1.565966824,1.666775757,iOS,Edge,16-18,female,mid
22,63.29383601,80.31228947,29.61010775,45.05392734,2.959364151,1.850697051,0.822395444,iOS,Chrome,19-22,female,low
11,39.94634802,60.51905891,33.82120545,15.55187909,3.275817554,1.662499261,2.597864064,Android,Firefox,16-18,male,mid
11,53.58557848,92.01628009,32.00857689,29.28217569,1.560598338,1.821905023,1.671135858,Android,Chrome,16-18,female,low
15,33.59138606,72.04076048,32.67918076,28.21585789,3.382701657,1.799812904,0.820123712,Desktop,Edge,13-15,male,mid
10,54.57841851,84.21799412,33.94592868,38.21111497,2.626533934,1.590165127,2.0359146,Android,Firefox,16-18,female,mid
20,65.2439834,80.21430526,30.38918058,32.56187246,3.196601974,1.330878633,2.02631665,Desktop,Edge,16-18,female,mid
15,40.78699336,64.47455437,32.35473436,35.91221929,2.103767156,1.161828603,1.468088141,Shared/Other,Edge,16-18,female,high
21,62.63333181,81.41505232,25.37190503,29.88221625,3.459900533,1.720388605,2.109335367,Desktop,Edge,19-22,male,low
14,109.7340001,75.02505199,22.97366523,47.72400142,3.379138296,1.460461197,1.387635948,Android,Edge,19-22,male,mid
12,46.97444163,69.2844784,23.03593607,33.79005584,1.998885626,1.318929053,0.727911524,Shared/Other,In-App,16-18,male,high
15,61.85263435,73.45058352,33.29023583,27.34406359,2.866773971,1.81829934,0.950741833,Desktop,Chrome,16-18,female,mid
16,37.35252617,80.20755087,26.42570865,18.98069848,1.119774121,1.431428899,2.075784206,iOS,Edge,13-15,female,mid
19,38.04416958,76.31716823,30.83853162,22.29739749,1.83381838,1.17010628,1.252891252,iOS,Safari,13-15,male,mid
11,55.46893168,66.5432011,36.23313906,25.92471285,3.703473977,1.790422353,1.574479067,iOS,In-App,16-18,female,mid
20,38.25656576,74.40145701,28.69928135,28.24481551,3.025817772,1.283147407,2.93313797,Desktop,Firefox,13-15,male,mid
9,53.8468479,74.44209909,29.474399,29.86750674,1.901630537,1.184290357,1.280041258,Android,Edge,16-18,female,mid
15,29.12052902,61.18942538,33.26329382,23.51823212,3.480416939,1.061474827,2.881270389,Desktop,Chrome,13-15,male,mid
17,34.24252751,69.10667921,29.54517968,27.96794243,3.140915441,1.484609438,2.703100947,iOS,Safari,13-15,female,mid
19,56.56066398,61.13033697,25.90495942,38.94611256,1.119380869,1.26125801,0.745489166,Android,In-App,16-18,male,mid
23,81.14286372,67.49831375,27.25414366,37.97659067,3.373714675,1.289342606,1.113101393,Android,Firefox,19-22,female,mid
14,46.9114371,82.85764557,34.57089544,40.13113923,3.974343711,1.765363739,0.848832961,iOS,In-App,16-18,male,mid
15,39.88657325,75.71497803,19.83020269,36.73689721,2.01115841,1.411758482,2.330166299,Android,Safari,16-18,male,mid
13,48.18086361,71.87356794,36.42555514,28.65507322,2.419782025,1.265091669,1.222010091,iOS,Edge,16-18,female,mid
17,40.47763918,93.4922086,32.49725579,28.46628291,3.243840819,1.203811227,2.836665843,Android,Safari,13-15,male,mid
17,56.84116551,69.27775225,24.61044098,32.49693331,2.599827824,1.921414029,2.07067156,Android,Edge,16-18,male,mid
20,23.94839014,76.44237932,38.95943722,36.13161325,1.20820149,1.04676475,0.805278607,Shared/Other,In-App,13-15,male,low
17,36.25665275,71.71854962,35.40638226,28.05150128,1.154294413,1.630733823,2.967195573,Desktop,Safari,13-15,female,mid
16,16.41026981,71.02550701,31.36729325,24.45263822,3.490966574,1.253195678,1.90946074,iOS,Edge,13-15,male,mid
13,51.36203524,80.17004211,24.51739438,40.94305624,3.172861134,1.238028307,1.839681166,Desktop,Chrome,16-18,female,mid
14,61.23730913,85.85880454,27.16881656,26.8834478,3.867414331,1.983583755,2.097737481,iOS,Firefox,19-22,male,mid
11,27.72975432,83.97678382,30.52463202,30.87811403,3.514344891,1.232172985,1.79847559,iOS,Edge,13-15,female,low
7,31.8622297,85.52181263,22.0133733,29.09558778,3.16613822,1.345415764,1.38051603,Desktop,Edge,13-15,female,mid
19,72.39269039,71.09654157,26.30219828,58.87874843,3.313544607,1.291946439,1.860504853,Shared/Other,Chrome,19-22,female,low
12,31.61059976,75.07406956,41.19733372,21.64919632,1.294374189,1.820964291,2.105958347,iOS,Firefox,13-15,female,mid
17,27.51386294,63.3015425,36.28625915,28.75243926,2.812384662,1.205531043,1.62145243,iOS,Edge,13-15,male,mid
7,30.97229155,74.82979683,27.66864294,21.25079933,2.218238528,1.799535642,1.21752082,iOS,Chrome,13-15,female,mid
9,34.6500243,84.74409488,31.19292876,25.30842674,3.599186741,1.057307593,1.402359923,iOS,Edge,13-15,female,mid
12,76.25789129,69.00615416,34.57931639,32.14181599,3.585495914,1.830820485,1.454178569,Desktop,Safari,19-22,male,high
22,55.80581531,72.51405592,33.32627847,27.59479704,1.257492805,1.465799978,0.689062783,Desktop,Chrome,16-18,female,low
12,62.92448183,84.79368554,33.893055,38.40431164,3.444845259,1.625642622,0.951470261,Shared/Other,Firefox,16-18,female,mid
23,58.48840626,61.87227155,31.48356651,33.52084044,3.923867619,1.88533501,1.678184196,iOS,Firefox,19-22,male,mid
13,46.00831516,75.96586911,35.70359671,31.77834329,2.358185225,1.757851701,2.437002332,Android,Chrome,13-15,male,high
19,50.05470578,64.54040169,32.30583247,30.60479046,1.042758887,1.214166722,0.886012459,Shared/Other,In-App,16-18,male,mid
15,40.90310354,81.33697147,29.38878034,22.67228963,2.034170268,1.531044924,2.83412528,iOS,Chrome,13-15,male,mid
19,34.27506219,74.81647755,19.50759997,32.78562986,2.515507648,1.471432612,1.35955969,Android,Firefox,13-15,female,high
15,41.78234875,61.36248862,31.6396201,29.1682729,2.180494257,1.686167472,1.529521848,Shared/Other,Firefox,16-18,female,high
22,56.78115697,51.63050106,35.12665309,38.7680276,2.719622875,1.152006154,0.800033022,Shared/Other,Firefox,16-18,male,low
16,59.25719645,56.99943188,30.58608628,40.07261581,3.39269136,1.510550303,0.647942265,Desktop,Edge,19-22,female,high
20,87.36046916,62.03068164,34.52977255,51.22957835,1.587147828,1.273319547,1.232840248,iOS,Edge,19-22,male,low
12,22.81418686,79.15971504,25.2256944,20.59574409,3.126675533,1.138426823,1.135283603,Android,Edge,13-15,female,mid
7,44.90787746,73.12595465,28.90363357,16.46799848,3.138892191,1.004842679,2.724551628,Desktop,Edge,13-15,male,low
18,52.15920296,80.45921683,38.98605277,33.0009441,3.066775703,1.539786834,1.945844339,iOS,Firefox,16-18,male,mid
11,62.04229005,71.63162338,18.67088525,20.9571052,2.824355048,1.368390614,0.76503589,Desktop,In-App,16-18,female,low
17,45.41521539,68.71781269,27.22533862,37.10428078,1.820130928,1.627202948,1.099619431,Desktop,Firefox,16-18,female,low
10,59.94602136,91.35108081,28.99433025,40.0831016,2.440074677,1.091282753,1.015999499,Android,In-App,16-18,male,low
15,33.75723404,89.26699317,40.28492139,38.3853134,2.372002571,1.299794094,1.334394465,Desktop,Chrome,16-18,male,low
17,74.22483982,62.10962177,41.1587474,51.37966989,2.704748614,1.892689265,0.982056676,iOS,Safari,19-22,male,mid
13,53.87251899,94.38115845,33.97888287,19.41322581,1.397059276,1.131720709,0.588558475,Shared/Other,In-App,16-18,female,high
19,47.74735703,82.96817703,29.36153924,22.27466672,2.713681046,1.229435751,2.127053257,Shared/Other,In-App,16-18,female,low
13,67.40465239,53.45933936,27.39626474,31.14782942,2.232024383,1.314976544,0.694102694,Shared/Other,Safari,16-18,female,low
7,42.42616199,90.6098601,26.51004895,26.99800014,2.733706233,1.52788008,1.938910104,Desktop,Firefox,13-15,female,low
13,63.73028427,65.17698056,29.83632547,46.07076555,3.725905152,1.713212098,2.51301681,iOS,Edge,19-22,female,mid
11,38.61071666,79.86063779,27.56687368,28.79041398,2.637566303,1.329580068,0.710902337,Desktop,In-App,13-15,male,mid
12,49.08369216,72.96420634,31.96492551,36.20606395,2.659337618,1.485236617,2.170561816,iOS,In-App,16-18,male,low
19,59.64418278,81.03066727,25.29200202,13.15189922,1.565677307,1.091104879,0.741537671,Android,Chrome,16-18,male,low
11,35.17992991,74.33649103,28.66008026,33.20656223,3.063502176,1.241405867,0.857096792,Shared/Other,Edge,13-15,male,low
22,67.02021417,65.43665655,25.20298464,50.37395269,3.096827383,1.043207561,2.551368046,Desktop,Chrome,19-22,male,high
12,54.35039455,66.51777758,32.62117756,21.34186634,1.739514687,1.268863539,2.908335468,Android,In-App,16-18,male,high
14,43.05976416,96.31209758,35.29181752,33.47951321,3.47249212,1.019810697,2.87911087,iOS,In-App,16-18,male,mid
19,49.35907006,70.6727985,18.09828731,31.91738398,2.537462906,1.691834464,2.376311161,iOS,Firefox,19-22,male,low
18,62.37156697,69.06928021,40.54749943,29.95618119,2.257909086,1.564865942,2.210456838,Desktop,In-App,16-18,female,low
19,41.7990661,88.27193104,27.21238469,15.45947555,3.755226031,1.100923217,2.558256359,Android,Edge,13-15,female,low
17,50.62448695,75.88703583,39.43454643,36.73996326,1.566921672,1.173879682,2.283497117,iOS,Chrome,16-18,male,low
19,60.38751126,73.06404448,26.23567358,28.61555663,1.968175729,1.391477184,1.719470769,Shared/Other,Chrome,16-18,male,mid
16,57.38385123,77.32010104,26.10157507,32.70114396,3.514575739,1.873865085,2.220923313,Android,Edge,16-18,female,mid
11,37.79637589,81.48926815,29.5651633,34.70555738,3.5843296,1.864983864,1.51654577,Shared/Other,Chrome,13-15,male,high
21,48.60714911,67.94615983,29.26200921,17.41510591,2.990008298,1.376625564,2.96492164,Shared/Other,Edge,16-18,female,high
8,20.80572646,77.79139251,33.17370953,23.84878664,3.829607059,1.152467847,2.856473401,Android,Firefox,13-15,female,mid
14,58.65640123,75.09565138,33.10557992,24.97732168,2.644276199,1.903372909,2.798599058,iOS,Edge,16-18,female,mid
18,69.32701123,60.17872401,26.24091157,44.73460478,1.565121543,1.34648061,2.928670223,Desktop,Safari,19-22,male,mid
21,46.20558509,62.76368867,25.21225595,33.26926253,1.488716832,1.354450064,1.679431993,iOS,Edge,16-18,male,high
10,33.06728096,56.02614067,36.68552422,27.96197157,2.450865739,1.630391861,2.099834014,Shared/Other,Firefox,13-15,male,mid
22,33.02703851,76.22217937,30.58111145,28.8725234,2.883377435,1.582840942,1.567749579,Desktop,Safari,16-18,male,mid
23,76.08913437,68.41034406,27.44486937,49.71076303,2.126022976,1.048406624,0.905347797,iOS,Safari,19-22,male,mid
15,64.33299988,60.84181684,36.37091168,58.95035812,1.017380516,1.574953706,0.995921978,Desktop,Firefox,19-22,female,high
16,62.42259707,70.04672855,28.63910178,28.44232,2.59230283,1.645230059,2.727137866,Android,Safari,19-22,male,low
22,42.16800876,69.13167235,24.28241234,61.52573034,2.553959543,1.126180781,1.983939591,Android,Chrome,19-22,male,mid
15,53.79103183,75.85667085,29.09406608,38.81244539,1.630869105,1.794459214,1.277055324,Shared/Other,Edge,19-22,female,high
11,47.45202069,85.30405122,40.28992209,57.31692989,3.715263028,1.814792185,2.797074409,Shared/Other,Firefox,19-22,female,high
22,51.14033888,76.14549943,29.50301412,39.96862368,1.426636639,1.435287037,2.721203151,Desktop,Firefox,16-18,female,high
21,35.7581013,74.12214003,18.49747999,40.34572312,2.282024373,1.822665247,0.574034919,iOS,Firefox,16-18,male,mid
19,34.21032436,71.78781004,35.46185931,32.24497567,3.294851839,1.313279176,2.326054483,Shared/Other,In-App,13-15,male,mid
11,54.3873504,82.25172787,22.34529162,33.53194993,1.390655089,1.778371848,1.000544296,Desktop,Safari,16-18,female,low
8,51.35497423,63.17623062,36.57874593,46.41180456,2.983121131,1.864266727,2.064639585,Desktop,Chrome,16-18,male,low
10,49.44767915,76.09869873,28.13222262,20.25089556,2.411856773,1.275154659,2.92595785,Desktop,Firefox,16-18,male,low
21,28.07563949,69.47294101,29.01921374,28.51556161,3.206418439,1.596751647,1.833922281,Android,Chrome,13-15,male,mid
10,46.74000231,64.79455278,26.26955422,29.28247657,2.646073799,1.327289422,1.513019654,Shared/Other,Edge,16-18,female,high
8,48.3670609,78.13347127,23.9161669,26.73800238,2.632750857,1.975739652,1.531022002,iOS,Firefox,13-15,male,mid
14,48.87937955,65.88323248,31.99563404,18.0175622,3.291647359,1.128736482,1.83426952,Shared/Other,Firefox,13-15,female,mid
18,39.0642258,62.27041117,29.55396967,37.4209812,3.98468439,1.923047683,0.505061677,iOS,Firefox,16-18,male,mid
23,61.1353593,92.47250809,17.84716938,39.17531846,1.76705535,1.784118492,2.484371367,Shared/Other,In-App,19-22,male,mid
12,46.8844092,75.30563231,30.51287486,43.28791295,2.357277649,1.761763505,0.727831831,Desktop,Safari,19-22,female,low
12,49.29802933,67.55651055,32.40777234,31.12324225,2.33052017,1.248332551,1.553073772,iOS,In-App,16-18,male,mid
21,54.01045746,68.78979933,24.53353946,57.85259809,2.541079576,1.322939429,0.723293379,Desktop,Chrome,19-22,female,low
23,72.54317584,75.03303357,34.03412308,42.80556918,1.661125547,1.391264677,2.035478866,Shared/Other,Edge,19-22,male,high
20,71.09093785,84.90119291,26.66640385,38.94593111,3.419040911,1.901279989,1.743490392,Shared/Other,Chrome,19-22,male,mid
14,51.6209404,76.95062805,29.12192447,32.70632936,1.760757911,1.227445732,2.736585142,iOS,Chrome,16-18,male,mid
21,33.14839928,72.77750608,34.52538366,21.72060365,1.097589272,1.556548462,1.019980627,iOS,Firefox,13-15,female,low
10,36.54143106,73.32973607,29.72730384,20.4430596,2.382922693,1.570585498,1.119135079,Desktop,Firefox,13-15,male,mid
9,51.36970041,72.81666964,28.82139295,37.54475933,1.667115963,1.261230231,1.911233518,Android,Chrome,16-18,female,mid
18,67.83497496,64.74670449,23.74264719,50.3181643,1.115823681,1.284740645,0.932365985,iOS,In-App,19-22,male,low
22,71.64207184,80.27458601,35.65741553,35.78567752,1.902392526,1.523274968,2.029757679,Desktop,Safari,19-22,male,mid
13,55.62788278,57.72002141,33.07739002,33.48707568,1.364176976,1.015535063,2.329505832,Shared/Other,Edge,16-18,male,mid
18,49.13511467,79.13130269,34.08425415,39.47024489,1.882594316,1.528568508,0.826554631,Shared/Other,Safari,16-18,male,low
15,53.71244983,71.16671349,28.04814013,25.01805254,2.477269257,1.951944496,2.761234239,Shared/Other,Firefox,16-18,female,low
10,32.57936076,86.35804867,25.41772204,20.59374528,3.207362301,1.000093268,2.614547952,Shared/Other,Chrome,13-15,male,mid
11,48.15923117,86.91483358,34.08137294,49.39523726,1.788248735,1.520332693,2.341444747,Android,Safari,19-22,male,high
18,34.59510244,99.82670833,30.21097672,20.36018677,3.018426586,1.8191088,1.769332725,Desktop,Chrome,13-15,male,mid
19,49.99699177,69.36043013,28.81324283,41.53855317,1.08180244,1.11000096,0.510514803,Android,Edge,16-18,female,mid
15,41.59115483,88.17502712,36.97658317,21.22891022,1.161666143,1.928912932,1.117477672,iOS,Safari,13-15,female,low
9,34.43381525,65.3831276,28.88246124,38.46944277,1.711579271,1.673044576,2.574838008,Shared/Other,Chrome,13-15,male,mid
14,29.14418254,63.79755804,34.80746645,27.48233974,2.929550019,1.957245868,2.322379948,Desktop,Chrome,13-15,male,mid
14,58.29059019,80.63750122,34.00257646,57.48267652,1.962127162,1.803649063,0.7283061,iOS,Safari,19-22,male,high
8,17.90741073,78.10135457,28.3865767,21.80637717,3.723759276,1.084547208,2.82638211,iOS,In-App,13-15,male,low
14,49.71956093,78.36864052,32.05952701,26.47293474,3.97856375,1.528911733,1.938492734,iOS,Safari,13-15,female,mid
11,41.79709503,77.33107185,29.82898817,30.62813126,2.359727795,1.62940141,2.252441753,iOS,Edge,16-18,male,mid
17,21.99453834,54.03472836,29.50739929,36.66024802,1.310706966,1.883117824,0.842633551,Android,Edge,13-15,male,mid
18,68.46523254,70.99714348,29.78086592,56.62741276,2.651037769,1.381866847,1.124389681,Shared/Other,Chrome,19-22,female,mid
22,47.44335635,68.04548959,28.69214275,23.57412904,3.31043746,1.649306883,1.785849289,iOS,In-App,16-18,male,mid
10,75.96002208,61.75252135,33.39102319,33.61751406,1.308019736,1.040719779,0.726933161,Desktop,In-App,19-22,female,mid
12,80.94393686,78.19748135,28.98132681,26.59877998,1.891792766,1.660588259,2.686790809,Desktop,In-App,19-22,male,low
16,61.55824858,78.66503648,33.51524652,22.68214869,1.67055147,1.033861145,1.229354507,Shared/Other,Chrome,19-22,female,high
13,54.02784402,71.14748972,29.57688593,21.20735891,1.928557344,1.568325723,2.827132806,iOS,Edge,13-15,female,mid
15,44.61534555,60.12803483,35.546761,37.98983864,3.438234895,1.108964142,2.645878415,Android,Firefox,19-22,male,mid
12,45.528471,67.66883114,26.13805284,25.9999639,2.894974938,1.058967027,1.585645861,Android,Chrome,16-18,female,low
8,54.0921075,79.62053628,33.6079473,34.69301124,3.010333805,1.49620245,1.67294616,Desktop,Safari,16-18,male,high
9,40.28268767,79.92207926,37.66514617,36.36880271,2.382991566,1.977612602,2.625657528,iOS,In-App,13-15,male,mid
14,46.81739836,81.24935049,27.0018819,18.74693353,1.517336585,1.900782978,2.105124735,Android,Edge,16-18,female,mid
7,31.92699072,76.10364631,39.71944232,37.05318809,1.99917537,1.234873783,0.799395533,iOS,Safari,13-15,female,mid
8,56.68324076,69.25008815,25.93797473,28.46770129,2.084827206,1.880652231,2.771703852,Shared/Other,Firefox,16-18,female,mid
9,52.71716085,61.85946495,27.27247571,37.89014461,1.872853205,1.182469726,0.994731729,iOS,Chrome,16-18,female,mid
16,34.56652053,69.88020015,25.11300878,24.00517217,3.493897104,1.856237255,1.437379782,iOS,Chrome,13-15,male,mid
12,32.1943081,86.10387276,28.1655,23.33072137,1.451130014,1.306063949,1.152793111,iOS,Edge,13-15,male,mid
21,40.44407896,73.07768909,37.31343689,28.615005,2.26422906,1.748672789,1.840094123,Android,Safari,16-18,female,low
20,41.78364973,81.23531148,32.10119617,30.31668057,1.308311681,1.000093594,0.683165923,Shared/Other,In-App,13-15,female,mid
19,49.11013568,86.87867027,25.7459992,30.84514531,1.078504415,1.859948899,1.615619973,Desktop,Edge,16-18,male,mid
18,76.14370011,62.86543208,33.00480055,37.74858443,3.63895536,1.624184192,0.840054704,Desktop,In-App,16-18,male,mid
13,75.10283914,94.34302166,25.65004094,24.73023578,3.407368312,1.241471744,2.786512148,Shared/Other,Edge,16-18,male,mid
18,55.19271772,67.44863582,16.81445165,37.40294494,3.217285871,1.35207011,1.516482151,iOS,Firefox,19-22,female,mid
17,69.93804757,88.50929062,31.94788665,50.70242115,1.164594098,1.673394742,0.697985291,Shared/Other,In-App,19-22,female,low
7,27.45788671,85.67511506,28.07148644,24.68520301,1.81580158,1.860541118,0.520226108,Desktop,Edge,13-15,female,mid
13,66.59540706,76.79759661,32.8038468,46.97306357,3.512443602,1.620390747,1.291341963,Android,Edge,19-22,female,mid
14,32.80082897,73.42808002,31.89516677,19.45331834,2.857426189,1.110754285,0.710478501,Shared/Other,In-App,13-15,male,mid
19,40.82760436,70.39763663,39.59233883,30.5514535,1.308453083,1.856208523,1.006800685,iOS,Firefox,13-15,female,high
7,55.82700078,76.8220383,26.13285376,28.91644419,3.788597906,1.062422929,1.457762193,Shared/Other,Firefox,13-15,female,high
18,44.17697598,76.7036334,37.9656697,32.77916323,2.531760418,1.646459868,0.816046112,Android,Edge,16-18,male,mid
23,65.87914199,70.73539972,23.49924862,46.21520346,3.654638609,1.996807085,1.097782053,Shared/Other,In-App,19-22,male,low
13,44.30144098,73.75290149,27.60796803,28.46231512,1.476372405,1.036961284,1.160993891,iOS,Firefox,16-18,male,mid
12,40.30744379,95.65000423,26.62390251,27.4060054,2.597262906,1.785178775,1.786138163,Desktop,Chrome,13-15,female,mid
13,77.89268382,50.12819081,27.79329994,42.76074907,3.924058222,1.824678435,2.404749013,Desktop,Safari,19-22,male,low
18,50.80667259,65.51565825,23.96517328,27.14793347,2.008138552,1.620155839,2.071960272,Desktop,Safari,16-18,male,mid
11,70.19984777,70.31876241,39.693815,43.35244142,1.390423992,1.493215355,1.602717431,Desktop,Firefox,19-22,female,low
21,40.75833137,85.77912094,22.43386991,15.03803993,1.177115959,1.236961726,0.633177909,iOS,Edge,13-15,male,low
14,29.62570142,68.85350816,26.9894822,29.37404258,3.48529054,1.456292316,1.42098808,iOS,In-App,13-15,male,low
8,49.39622209,94.5626889,39.44334334,24.15117037,1.295133564,1.793274956,1.838932231,iOS,In-App,13-15,male,mid
20,27.0741903,82.43878538,35.18408103,27.16256886,2.752717869,1.765629323,2.998244171,Android,Safari,13-15,female,low
21,29.18090543,76.55247942,32.98479069,33.7928609,2.182641128,1.251982392,1.555059245,iOS,Safari,19-22,female,mid
15,55.60180595,58.58974132,32.44244256,20.61255957,3.434838079,1.389377343,1.098226321,Desktop,Firefox,16-18,female,mid
7,31.30502717,70.88128569,25.40983774,23.73957389,2.904682234,1.740473505,0.900849187,Shared/Other,Safari,13-15,female,mid
14,42.7421503,80.12228655,38.6645172,18.68783453,1.517033391,1.767063179,2.337200367,Android,Firefox,13-15,female,low
9,45.26470562,70.95690195,28.5154871,26.28066899,3.823408129,1.830436916,2.412176048,Desktop,In-App,16-18,female,high
11,84.78327536,78.1196631,25.13171078,40.285142,3.453682652,1.602111871,2.997866864,Desktop,In-App,19-22,female,mid
15,60.03103603,82.3490994,33.97014188,44.22889343,2.692713065,1.208447766,2.695148061,Shared/Other,Firefox,16-18,female,low
14,34.49553881,84.15902703,36.26840279,13.19729255,1.778497964,1.445857595,1.267394206,Desktop,In-App,13-15,male,mid
15,19.68761257,79.215897,13.73985284,31.93825257,2.296622071,1.262431879,1.680804519,iOS,Firefox,16-18,male,low
21,71.6409979,82.6136619,37.62165121,30.93428579,2.801794972,1.124111527,2.045709451,Android,Safari,19-22,female,mid
12,53.85506377,84.41062241,29.62117373,26.88675108,2.068594296,1.704748832,2.350298441,Android,Edge,16-18,male,mid
8,46.26128621,69.2561782,28.56847764,32.23945454,1.780558004,1.552719167,1.902260517,Shared/Other,In-App,13-15,male,high
11,34.18306559,67.11406892,30.62858158,25.07918838,2.974817799,1.671696285,0.923484806,iOS,Safari,13-15,male,high
12,47.84457679,75.90264548,29.08034962,23.66847489,2.618513197,1.913991441,1.6604671,Desktop,Chrome,16-18,female,mid
14,40.66360499,66.50439646,25.89305313,22.42101216,2.110847185,1.241958461,2.207020195,iOS,Edge,13-15,female,low
12,32.59833313,76.02125408,27.38624677,23.04968089,2.060408797,1.342673674,1.911297696,iOS,Safari,13-15,male,high
15,33.02451546,89.18185466,36.57305685,26.83853885,3.014503764,1.039761376,1.614124503,iOS,Chrome,13-15,female,mid
20,62.39834359,79.06142264,34.05333117,27.11455483,2.080450351,1.622483126,0.752900159,Desktop,Firefox,16-18,female,high
10,76.96707735,72.01564704,23.17198148,21.83177162,2.284878462,1.408751626,2.790744368,Desktop,Edge,19-22,female,low
12,30.03712619,95.80545332,31.30675719,23.72927358,1.496910214,1.60169301,2.66257171,Shared/Other,Edge,13-15,male,mid
13,56.69301302,87.55630573,33.89461269,21.9691321,1.971016167,1.866267458,2.750756343,Android,Firefox,16-18,male,mid
20,54.21967123,68.86418311,30.39694714,32.15333188,2.550519741,1.20408519,1.250172627,Android,Firefox,16-18,female,mid
15,52.93017607,90.13547842,29.62502744,46.82041343,3.902172097,1.340052611,2.04726731,Shared/Other,Chrome,19-22,female,low
22,45.97807517,77.18106868,24.27896386,32.32620058,3.181919628,1.535058172,2.759249457,Android,Safari,16-18,male,low
15,53.67019165,71.13414977,31.01926329,60.74222401,2.846006726,1.088217468,2.637691965,Shared/Other,In-App,19-22,female,mid
18,31.77165342,75.86338659,27.89908089,26.34373194,2.061921694,1.102965946,0.56153734,Desktop,Firefox,19-22,male,mid
14,80.24880712,69.16720559,33.09983782,50.61565688,2.759345164,1.526250079,1.770474073,Desktop,Chrome,19-22,female,high
9,33.91377333,76.8463858,25.91972971,22.42530061,3.598653484,1.448530413,2.065145356,Desktop,Edge,13-15,male,mid
10,60.8763533,75.10036442,25.93561077,34.38085727,1.858889239,1.600837835,1.57076745,Android,Firefox,16-18,male,high
19,40.59962686,85.60388748,23.45252555,21.44554911,1.095942755,1.443042433,2.910910499,iOS,Edge,13-15,female,low
23,54.87042269,55.0084239,29.19286744,53.07881467,1.839057572,1.939067115,2.396452477,iOS,Chrome,19-22,female,low
16,34.6861945,81.26507866,24.77024254,20.00178201,1.56972252,1.123998261,2.825740254,iOS,In-App,13-15,male,low
21,30.19130359,57.51699316,25.28031604,28.60250389,2.716458074,1.558892901,1.398416502,Shared/Other,Firefox,16-18,female,low
17,41.11615127,74.56061533,32.47207284,28.11517377,1.179945538,1.834350323,0.794914833,Android,Safari,13-15,female,low
12,56.64738045,82.24263739,25.57922096,59.33523173,3.836146412,1.570870257,1.03540086,iOS,Safari,19-22,male,mid
15,70.69725317,89.42024068,30.39388672,28.18300217,1.950156498,1.026083144,2.295361308,Shared/Other,Chrome,19-22,male,mid
15,49.08173272,72.58005788,32.11331072,27.83141389,2.265139606,1.08578698,1.640454553,Shared/Other,Safari,19-22,female,mid
11,37.10809813,62.7809254,35.91883053,27.67444465,1.137349795,1.182443624,2.229198357,Shared/Other,Edge,16-18,male,low
22,58.02894635,75.44034327,32.65103803,33.70770279,1.70543053,1.974668307,1.108262285,Desktop,Firefox,19-22,male,mid
15,49.03589989,68.58034534,35.87889063,19.27590452,3.418769639,1.85829755,0.975144511,Desktop,Safari,13-15,male,mid
8,30.69096099,80.13294664,28.99085412,25.05774906,2.851441543,1.436283891,1.9111623,Shared/Other,Firefox,13-15,male,mid
16,85.29165132,68.16345496,30.31167881,53.3494598,3.079083234,1.22078238,2.254703967,iOS,In-App,19-22,male,mid
14,46.49616547,58.46682522,23.71131008,39.02189067,1.836497653,1.230309577,2.372389286,Shared/Other,Firefox,19-22,female,high
13,61.30362354,67.44318987,29.70998105,37.00631631,2.97062386,1.350105382,1.509728203,Shared/Other,In-App,19-22,female,mid
12,38.77632478,98.95381079,36.1507009,29.89016173,3.982312733,1.152514283,2.141989751,iOS,Chrome,13-15,male,mid
18,19.96492235,70.70158669,29.75257982,28.3303974,1.08917041,1.351149253,2.29058055,Desktop,Safari,13-15,female,mid
12,38.98922542,76.98745243,37.03122737,24.12431547,2.151956918,1.3342269,0.788487304,Desktop,Chrome,16-18,male,mid
15,24.63521451,73.8106067,32.79017965,27.15426306,1.148405604,1.239578247,0.754645411,Android,Safari,16-18,female,low
20,45.04120276,82.34100625,21.00064247,32.51736745,1.794559464,1.576333783,1.56500344,Shared/Other,Firefox,16-18,male,mid
12,38.97070511,67.97520084,23.8735752,20.49112061,3.730902727,1.979926214,0.717920669,Shared/Other,Safari,16-18,female,mid
10,34.84089258,82.29215183,33.81964066,26.72895929,3.890779017,1.058411381,1.364448423,iOS,In-App,13-15,female,low
12,50.51668249,68.27280607,32.8670698,19.07230234,1.287912611,1.650459103,1.749735298,Android,Firefox,16-18,male,mid
11,23.78656195,81.20406559,31.72447217,27.63162982,3.878796983,1.226003688,1.945851983,Android,Edge,13-15,male,mid
21,51.02062827,60.3360467,30.94592846,31.75473696,2.359979105,1.17057391,1.056321929,iOS,Chrome,16-18,female,low
8,31.13411692,77.9107391,31.43930883,23.80299127,2.234060252,1.141530799,0.769736304,Shared/Other,Edge,13-15,female,high
16,56.99175694,88.03113949,29.11888054,37.00747744,3.199146053,1.759184001,1.225184345,Desktop,In-App,19-22,male,high
12,60.22547712,71.89582364,33.81750474,36.89107621,1.827115586,1.15173144,2.82522127,Android,Firefox,19-22,female,mid
18,35.56549361,77.73493601,27.69837885,25.44280066,3.259984757,1.605271445,2.325691257,Android,Firefox,13-15,female,low
22,83.39882996,75.45026542,30.57899633,35.18996018,3.313049514,1.835784755,2.147305148,iOS,Safari,19-22,male,mid
21,55.85537169,84.11135859,25.34683454,33.80272471,2.537161705,1.435532494,1.284198502,Android,Edge,16-18,female,low
22,40.33344484,66.94788872,32.05733879,37.70420819,3.46858074,1.572112959,1.319821544,Shared/Other,Edge,19-22,male,high
11,53.77988476,58.20892464,21.43022281,26.0806387,3.73142909,1.538441782,1.384319154,Desktop,Safari,16-18,female,mid
17,43.10921867,96.86282421,29.24363178,28.82460281,1.597867647,1.297330665,1.710711242,iOS,Chrome,16-18,male,mid
12,43.5184933,74.48705889,30.34385873,24.99526777,3.808189228,1.687876742,2.045821317,Shared/Other,Chrome,13-15,female,mid
22,40.03966043,71.89257382,28.37223649,22.80529496,1.415018505,1.217728962,1.320824434,iOS,Firefox,16-18,female,mid
9,42.94418873,63.13708984,32.81949661,35.67234344,3.383404239,1.882205313,0.648118157,Android,Safari,13-15,male,high
22,69.2098612,81.46281857,30.41350789,39.02926323,1.546467713,1.436167049,1.009620326,iOS,Firefox,19-22,male,high
21,62.41419762,95.54055275,36.04160417,47.74865837,3.348686377,1.081226659,2.284410669,Shared/Other,Chrome,19-22,male,low
21,53.20926873,73.1180688,37.29345562,55.58671084,2.205111596,1.703259695,1.821381279,iOS,Firefox,19-22,female,low
22,48.39820267,56.80966213,28.12487514,26.5399201,1.276370244,1.228246299,1.884051949,Shared/Other,In-App,16-18,male,mid
20,70.13939015,94.59039804,33.39739168,54.35190712,1.842088909,1.328459192,1.769033722,Shared/Other,Edge,19-22,male,mid
14,36.11724051,76.13080763,31.836433,28.48571236,3.427642621,1.131909993,2.206498969,Android,Chrome,13-15,female,high
15,59.85447072,72.7826182,33.12982439,35.29120322,3.298335502,1.977599414,0.817121536,Shared/Other,Safari,16-18,female,low
16,73.21832682,73.91113991,34.65309072,16.06431532,1.912350122,1.302748292,2.742987007,Shared/Other,Edge,16-18,male,low
21,42.48992623,71.52058007,29.77861041,20.88278202,1.709768656,1.610054434,1.753735937,Android,Firefox,16-18,male,mid
20,38.24575648,60.47171162,36.81093613,28.54360389,1.30283167,1.461033364,2.81196059,Desktop,Firefox,13-15,male,low
10,42.94632913,76.16543401,34.96441095,30.79808738,3.293473855,1.27502383,0.83649533,Android,In-App,13-15,male,mid
13,65.69315103,59.64346171,33.00142492,37.77539619,3.062254571,1.317907991,1.764640067,Desktop,Chrome,19-22,male,low
19,50.53541505,67.99563713,35.34408629,43.3254681,1.984790708,1.538883961,1.1966451,Desktop,In-App,19-22,male,high
22,53.34062964,62.87452555,28.95094152,41.24661756,2.832813359,1.785604876,2.166766412,Android,Chrome,16-18,female,low
10,67.81835369,72.94718377,37.2164953,53.06118544,1.014425295,1.215196481,2.99789277,Desktop,Safari,19-22,female,high
15,37.27946631,71.3385306,18.19672507,36.71573369,1.509460197,1.311720379,1.191348558,Shared/Other,Safari,16-18,male,high
18,66.2742348,79.39705134,21.63002006,30.92458699,2.253774886,1.509060688,0.633010505,Android,In-App,16-18,male,mid
10,28.21923236,73.5128745,38.97720856,20.3953915,1.913196339,1.613165358,1.894854954,iOS,Safari,13-15,female,low
13,41.65515861,52.56416209,35.48062273,33.23802254,1.33764405,1.334937201,2.651107838,iOS,Edge,16-18,female,low
15,47.94642401,72.77605891,35.0523896,33.32149972,2.590690015,1.316514162,2.145191044,Android,In-App,16-18,male,low
16,43.67084177,75.40002448,24.37854012,20.55350075,1.733729801,1.92196498,1.747372328,Shared/Other,Chrome,13-15,male,low
20,69.8526203,81.50180753,31.82827093,32.19824045,2.851013667,1.425399854,0.779723357,iOS,In-App,19-22,male,high
16,46.99349739,72.63937883,27.25701604,17.42593188,1.669515109,1.223890155,1.646302425,Android,Edge,13-15,female,mid
15,77.01089837,78.60483525,35.48759311,46.58191128,3.462567194,1.716693663,2.261571537,Shared/Other,Firefox,19-22,male,mid
14,42.64982992,68.66233038,26.2333834,26.02249037,2.815320287,1.414952372,1.534897734,Shared/Other,Chrome,13-15,female,mid
10,70.25180759,72.12145349,29.74931703,32.70657096,1.674900169,1.388822452,0.779264724,Shared/Other,Chrome,19-22,male,mid
11,61.81551703,74.21052085,25.22021849,42.25995883,1.639872107,1.187930478,0.767881046,iOS,In-App,19-22,female,low
18,58.15389792,68.24481622,24.42032416,32.42888593,1.295943924,1.36224723,0.6108312,iOS,Firefox,16-18,male,low
13,44.66730374,99.20255773,33.40041658,34.42232411,2.54321782,1.81744209,1.104286594,Shared/Other,Edge,16-18,female,high
11,73.00162006,76.55310334,27.55304444,27.02092017,3.547906271,1.126617097,1.961937447,Android,In-App,19-22,female,mid
18,69.3318659,72.47688653,33.65968926,47.70011816,1.079491919,1.168378027,2.719561911,Shared/Other,Firefox,19-22,male,mid
17,57.62350572,61.53905351,26.09444668,29.13824784,2.614715987,1.061416082,2.406160119,Shared/Other,Chrome,19-22,male,low
8,39.66617328,88.85896799,31.14624638,26.10065402,2.798925651,1.420181249,0.814061294,Android,Chrome,13-15,male,mid
22,66.36702023,87.89057388,29.31380906,46.31783924,1.101749253,1.426819447,1.443986209,Android,Chrome,19-22,male,mid
12,55.56348969,75.57168755,42.67914385,29.08412252,3.908741062,1.119832296,1.775406956,Desktop,Edge,16-18,female,mid
14,43.50123716,75.87073668,32.18197542,24.59080994,2.787631795,1.909261395,2.159522086,Android,In-App,13-15,female,mid
15,64.51825547,79.82376361,36.11479248,53.36984579,2.702519601,1.489771257,1.012428579,iOS,Chrome,19-22,male,low
17,57.54400429,63.58909483,31.53530626,31.07748069,3.945159339,1.259709103,2.240040449,Shared/Other,Chrome,16-18,male,high
19,48.55852993,70.78342548,26.50782109,53.64301327,2.679659946,1.413469362,2.895666266,iOS,In-App,19-22,male,mid
14,84.01007891,68.84606371,30.23876654,41.10367658,2.860045002,1.452930798,2.101029911,Desktop,Chrome,19-22,male,mid
10,63.41576671,76.53887733,35.43181908,45.92402011,2.663884508,1.320330321,2.109050477,iOS,Safari,19-22,female,low
7,46.17501187,71.21541687,35.39718673,15.70829676,3.510155063,1.062674259,2.423428386,Desktop,Safari,13-15,male,high
21,52.672783,84.23413789,30.86186113,14.77249349,2.443323017,1.773301209,2.773067596,iOS,Safari,16-18,male,high
16,49.7313753,68.04702662,28.91320735,46.71981764,3.34487333,1.334325783,2.165245689,Android,Chrome,16-18,male,mid
10,54.73720039,72.91600181,28.33070592,39.680837,2.920291168,1.495018949,1.441798143,Shared/Other,Edge,19-22,female,high
15,57.38078752,89.86334563,31.09568911,33.28033178,1.182884934,1.153782563,1.655063822,Shared/Other,Firefox,16-18,male,low
20,42.9676849,68.31205848,38.10140674,31.86342573,3.732708181,1.152032045,0.927396179,Shared/Other,Safari,16-18,male,mid
21,77.18285096,84.39829585,29.76418083,46.95166686,2.949999108,1.669216423,0.89418328,iOS,Chrome,19-22,female,mid
12,28.09059543,78.85164865,26.24357159,31.81524518,2.68964187,1.327426506,2.211123767,Shared/Other,Chrome,13-15,male,mid
11,35.7913707,72.04409409,29.09823838,25.24128128,3.637700942,1.251600115,2.349276175,Desktop,Edge,13-15,male,mid
10,28.40392504,74.58918697,22.49779859,30.34712579,1.098838116,1.894714828,0.944939989,Desktop,Edge,13-15,female,low
21,38.22439686,73.0314491,28.95798246,21.31432843,2.6141266,1.624865501,1.621527835,Desktop,Chrome,16-18,male,low
19,26.90949341,67.50375336,38.57659503,21.45413436,2.540983656,1.712325799,2.033204727,iOS,Edge,13-15,female,mid
16,45.27345377,58.95587016,22.91444213,26.20220431,1.467805345,1.753549347,1.998934761,Desktop,In-App,13-15,male,mid
22,61.29394885,72.11274916,29.63300326,20.37388596,3.482849267,1.708413852,0.87267451,Android,Chrome,16-18,male,high
21,55.90864077,87.29130588,27.53628705,31.2083148,2.167550155,1.048821166,2.0899042,Android,Safari,19-22,male,low
17,44.55901661,70.23870652,36.86626935,21.93731696,2.575015516,1.662849203,1.502569167,Desktop,Firefox,13-15,male,low
20,40.42733331,72.78677065,33.80245812,22.04689029,1.640897982,1.102232357,2.429372355,Android,Chrome,16-18,female,low
15,68.17277403,75.61176054,19.85150538,36.86215998,3.747108767,1.134897465,1.737298007,Desktop,Chrome,19-22,female,low
14,42.31808685,54.88601551,33.16511198,26.51907071,3.445863631,1.343800088,2.110375312,Shared/Other,Firefox,16-18,female,mid
16,65.20605455,67.41386053,28.24884352,39.15617266,1.768392464,1.084279618,2.07586123,Shared/Other,Safari,16-18,male,low
15,67.90903839,100,31.14360325,35.4102322,3.04734844,1.264382701,0.506211166,iOS,Edge,19-22,female,mid
22,59.82992975,77.54773349,32.08952256,29.95114083,1.159209597,1.079570485,2.21231057,Shared/Other,Safari,19-22,female,high
12,62.44002616,85.65132606,26.76715377,40.91478964,2.147037946,1.949984417,1.330360344,Desktop,Firefox,19-22,female,mid
9,12.96196632,74.37165525,32.47397392,17.45567536,2.463732044,1.281621968,1.771081006,Android,Firefox,13-15,male,mid
8,22.25419515,61.66558717,35.57832486,28.37889397,1.948007106,1.9982711,1.065107144,iOS,Chrome,13-15,male,low
12,27.41861706,81.68189243,24.4914512,26.38912862,1.613271372,1.489954823,1.149673782,iOS,In-App,13-15,female,mid
19,61.95547175,72.09105555,37.4973634,45.10678263,2.409808402,1.644334163,2.322771921,iOS,Chrome,19-22,female,mid
10,43.32259658,82.67651305,27.61774969,32.24413769,2.957502704,1.445820932,1.596496184,Android,Edge,13-15,female,mid
14,20.89163923,79.01746982,28.19492371,20.63569967,2.546175467,1.413558932,2.750438165,iOS,Edge,16-18,female,high
9,23.9530754,64.93853382,30.39735509,27.51002725,1.467937321,1.215354873,2.032942676,iOS,Safari,13-15,male,mid
15,44.08717014,63.14475947,30.66398653,43.51285218,3.024260268,1.98213318,1.118595288,Shared/Other,Edge,19-22,male,mid
11,79.39830639,92.2805164,27.36426316,31.28109835,1.613424171,1.282727675,1.611208711,Android,Firefox,19-22,male,low
8,35.42649903,90.37262774,29.40200413,25.66144817,1.423114354,1.972749761,1.385116363,Shared/Other,In-App,13-15,female,low
18,24.38938588,56.24401952,23.18585753,23.47207063,1.107372946,1.961460415,2.189421355,Android,Edge,13-15,female,low
14,37.87951277,69.53141297,17.8290898,24.72689851,1.737869783,1.75524732,2.613029466,Desktop,Firefox,13-15,female,mid
14,33.89382147,75.72468437,23.11187676,38.13449521,3.135086649,1.854182697,1.310327728,Android,Edge,16-18,male,mid
20,47.580924,80.45071269,33.74628303,37.01504274,2.546802337,1.590676345,1.058087957,Android,Firefox,19-22,male,mid
10,45.88770325,75.0127918,37.0689426,28.14350644,1.835860443,1.313096033,0.599662399,Shared/Other,In-App,16-18,female,low
23,60.20823955,83.90111944,27.20398043,50.39261286,2.021101794,1.963693454,1.474897359,Desktop,Firefox,19-22,male,low
22,65.75856755,72.08846018,18.90741714,29.58015603,2.801063324,1.304869336,2.480620586,Desktop,Firefox,19-22,male,high
10,59.76440605,88.30442988,30.31359522,32.34422318,2.354185668,1.991537186,2.100072661,Desktop,Edge,16-18,female,low
17,54.98493811,61.95121926,32.43241412,47.4476954,2.011237459,1.931565452,2.934938828,Shared/Other,In-App,19-22,male,mid
19,38.61182198,71.48197524,30.48651415,29.1857542,3.249011078,1.977866528,1.682571401,iOS,In-App,16-18,female,mid
22,68.00875128,78.05296962,18.28624796,25.33710479,2.612299766,1.691030337,0.631379588,iOS,Firefox,19-22,male,low
9,31.40666646,65.01229212,30.63958681,20.44626636,2.659772018,1.038993453,2.422016739,Desktop,Chrome,13-15,female,low
11,38.11981167,80.63948368,21.80669067,33.20770535,2.106356491,1.231529907,2.031362304,Android,Edge,16-18,male,low
14,78.72329726,70.71275919,18.10110889,26.91869524,1.688900817,1.795423811,2.848561022,Shared/Other,Chrome,16-18,male,mid
14,63.92220524,79.65770735,33.52877679,27.01673726,3.872419061,1.570681033,1.451183533,iOS,Safari,19-22,male,high
10,33.16006543,77.53099196,36.43623186,22.15836799,1.42894427,1.713836782,2.532495597,Desktop,Chrome,16-18,male,mid
18,51.57424139,81.17992229,36.19997845,33.81223458,3.345265841,1.049548429,1.90931427,Desktop,Edge,16-18,female,mid
7,38.84695223,62.72684622,25.36462984,24.73709273,3.40240721,1.94194351,1.535751494,iOS,Edge,13-15,male,mid
12,59.64107457,73.77407473,25.4480028,25.15009898,1.35050939,1.56119612,1.462539087,iOS,Chrome,16-18,male,high
15,51.16045437,71.3571312,26.42380923,16.53090988,1.653834703,1.505071127,0.853038337,Android,In-App,16-18,female,mid
10,40.36628986,70.74513148,28.95885781,32.07708601,3.192603231,1.466765372,1.797993017,Shared/Other,Chrome,13-15,female,mid
17,45.30877611,73.90596049,40.07965522,27.32214023,2.862649857,1.558536808,2.781007809,iOS,Safari,16-18,female,mid
15,53.04561582,59.3784095,31.96120225,19.96763478,3.012686987,1.766716524,2.611364878,iOS,Chrome,19-22,male,mid
16,32.04527767,93.22099159,28.94436259,18.15917593,3.333636734,1.24794977,0.953871756,iOS,Firefox,13-15,female,mid
10,56.63972391,78.81011676,28.77719901,36.06671498,2.742520001,1.495030503,0.586218966,iOS,Safari,19-22,female,low
15,45.04999703,66.51913015,35.39107764,20.94289941,1.678213233,1.557869179,2.412812453,iOS,In-App,16-18,male,high
9,42.673389,89.58121938,26.77811801,30.03374818,1.533131743,1.656520779,0.567208114,Shared/Other,In-App,13-15,female,mid
11,64.59986389,74.51225883,20.91204081,49.02032074,1.511163846,1.116828522,1.630795264,Shared/Other,In-App,19-22,female,mid
20,73.63588806,86.30818834,29.64225432,31.91301918,2.573220842,1.876186653,0.826415166,Android,Edge,19-22,female,high
11,56.97144511,62.8669454,22.35611413,44.32746106,1.981829683,1.092394913,0.578575394,iOS,Edge,16-18,male,mid
11,56.97953039,66.53268731,25.51376044,23.93571711,1.297118616,1.225494221,1.459955195,Desktop,Chrome,16-18,female,high
13,47.44712522,77.41623069,27.6080436,43.90020956,1.547099356,1.229139205,1.443141252,iOS,Chrome,19-22,male,high
22,36.96134306,79.52004289,29.61267418,57.19589922,2.332905763,1.981304938,2.795291143,Desktop,Edge,19-22,male,mid
8,29.72333506,74.462434,23.00473456,27.67952295,1.936992271,1.164227871,2.025341373,Shared/Other,Edge,13-15,female,low
11,57.88023006,82.31797108,26.12808856,52.51379902,1.363242081,1.149857495,1.533298239,iOS,Firefox,19-22,male,high
23,53.95400789,92.07771037,30.8732285,62.48274769,3.381750893,1.519368478,2.115318635,Desktop,Chrome,19-22,female,low
18,24.81770241,72.3151014,29.88868905,24.07719042,1.841983141,1.435762441,2.732248232,Desktop,In-App,13-15,male,low
12,58.75070686,79.35593214,20.3408183,19.33184699,2.964587673,1.726433826,2.583625478,Android,Firefox,16-18,female,mid
20,37.81028865,70.15386346,32.25686511,29.93587893,2.268468882,1.740489768,1.831591429,Shared/Other,Safari,13-15,male,low
20,31.22848901,83.13328709,27.49827518,23.06951108,3.355877725,1.183612792,2.137828923,iOS,Firefox,13-15,male,low
20,33.11016901,71.787623,28.52167607,30.78777175,3.817100212,1.698156003,1.528214823,Shared/Other,In-App,16-18,male,high
10,38.44641267,70.46441286,32.47030325,19.05504536,1.718991402,1.065097414,1.050497293,Desktop,Edge,16-18,male,high
15,34.29097672,54.93025384,30.5379306,30.37412624,1.057832833,1.795026194,1.825620822,Desktop,Firefox,13-15,female,mid
14,55.27114938,74.35392282,37.37982347,36.33775892,1.489476878,1.044470509,1.078612421,Shared/Other,In-App,19-22,male,mid
14,26.41284702,74.07884027,33.4898354,25.34005833,2.724834313,1.49233272,2.77433227,Desktop,Edge,13-15,male,low
20,62.49340081,80.29686676,31.60598471,24.14745643,3.309339834,1.286738353,1.959715189,Shared/Other,Firefox,16-18,male,mid
20,32.168268,78.49933276,36.21782326,26.61594901,1.492011675,1.227362158,0.889601482,Android,Chrome,13-15,male,low
11,63.46589994,74.04937666,32.02137681,42.74253521,1.733807367,1.177296756,1.697408369,iOS,Safari,19-22,male,mid
23,71.06096244,76.45594217,28.04294334,27.64582484,3.373116761,1.444766118,1.009321737,Desktop,Safari,19-22,female,mid
21,41.58731489,81.27701766,24.82377448,21.37860474,1.057444874,1.021184094,1.696218353,Shared/Other,In-App,13-15,female,low
17,45.45830338,77.36631712,37.64608975,18.50642004,1.007688357,1.223374238,1.772064255,iOS,Edge,13-15,female,mid
21,67.62819366,81.94047573,33.04410018,35.96165908,3.592834718,1.636046626,2.764044737,Desktop,Safari,19-22,male,low
10,73.60448766,81.71507073,30.98654189,32.35440181,2.936034821,1.624842712,2.42451415,Android,In-App,19-22,female,mid
16,47.75705876,79.65107079,30.1639687,26.816192,3.211616141,1.705960252,1.831011523,Shared/Other,Chrome,16-18,male,mid
21,60.18766585,69.99481034,25.8573787,32.06266993,1.650362343,1.975409908,1.407359584,Desktop,Firefox,19-22,male,low
8,30.52381774,87.77287069,27.48763056,25.98542036,2.996269765,1.631518602,2.633143648,iOS,Edge,13-15,female,low
19,48.98289695,93.2437839,24.79072393,15.33244191,3.757040895,1.620530486,2.641857704,iOS,In-App,16-18,female,high
19,39.89038755,76.21148695,34.79915291,18.31031835,3.084223564,1.443062331,1.510231691,Desktop,Edge,13-15,female,high
7,29.11888005,65.26727258,34.49632528,18.37602088,1.570758644,1.378956671,0.793749902,Android,Edge,13-15,female,mid
9,36.76620665,76.72720291,28.47271655,19.83705008,3.044568789,1.049729133,2.853126476,Android,Chrome,13-15,male,mid
19,48.5397662,84.81375404,23.2957168,38.52832476,1.597097964,1.135698958,1.400565327,Desktop,Firefox,16-18,male,low
10,58.90114769,72.98905947,21.96055438,62.14985901,2.340169037,1.678937413,2.625383216,iOS,Firefox,19-22,male,mid
10,50.54141161,74.58735959,29.3032004,24.57722469,3.104304812,1.978074964,2.83190114,Android,Edge,16-18,male,mid
22,48.39954151,82.5576185,39.77763043,17.90410976,1.578426769,1.23347514,1.909434434,iOS,In-App,16-18,female,mid
23,70.91284199,74.77075347,30.06740151,47.03211528,3.585046501,1.204981475,1.585175828,iOS,Chrome,19-22,female,low
18,33.64748648,71.99990479,33.46502448,25.54372849,3.932475568,1.401299366,1.552942322,Shared/Other,Edge,13-15,male,mid
15,45.37389686,73.31183914,18.78347076,16.90501882,2.384828065,1.257048731,2.054949064,Android,In-App,13-15,female,mid
16,62.20342977,86.75562549,35.90570739,35.14233795,1.783158099,1.094785414,1.275523741,iOS,In-App,16-18,female,low
12,51.48545834,82.68253837,20.19272219,30.99232133,2.390330668,1.459808133,1.883931078,Desktop,Firefox,16-18,male,low
20,67.20249726,73.85733866,26.72420527,34.93251497,1.029557499,1.661879278,1.770403675,Shared/Other,In-App,16-18,female,high
16,56.00379108,58.98510872,29.60249802,33.82109167,1.107393355,1.617210858,0.690449732,Shared/Other,Edge,16-18,male,high
18,41.79729467,71.30599522,27.919723,18.56476613,1.377568111,1.514542799,2.439142529,Android,Chrome,13-15,male,high
9,41.52192547,72.82037516,23.04926299,19.99414444,1.542275902,1.014662862,2.688509115,iOS,Firefox,13-15,male,high
23,60.93042968,87.71869211,17.86051521,21.70901265,3.286048818,1.832068588,1.608866867,Desktop,Chrome,19-22,female,high
13,81.16509072,63.51910827,34.20368919,25.26352819,2.407274512,1.73921683,2.789209584,iOS,Chrome,19-22,female,low
11,19.98052577,79.14584064,24.58880432,24.84114973,2.012702886,1.383375006,2.130482312,Shared/Other,In-App,13-15,female,low
12,59.66560677,68.84616467,34.77364844,41.97157644,1.351634652,1.164488954,2.907835996,Android,Chrome,19-22,male,mid
19,77.48690642,70.32693721,29.2365006,45.07344341,2.897701956,1.331194712,1.143910667,Desktop,Firefox,19-22,female,low
22,47.62222365,53.80801914,40.49501986,37.26744349,1.822972861,1.18510219,2.867380495,Shared/Other,Firefox,19-22,female,mid
17,79.34015842,70.98329691,28.18511461,63.14431704,1.042843494,1.911550633,0.640269888,iOS,Chrome,19-22,female,mid
10,53.75371839,68.34506253,31.55000571,28.59841532,3.585219708,1.505682806,1.825892261,Android,Firefox,16-18,male,low
14,48.28034659,67.61048735,33.47989889,24.14440527,1.007170272,1.492116305,1.531432998,Shared/Other,In-App,13-15,female,mid
11,50.13995267,60.44688922,26.69293555,23.12328114,2.595582167,1.2787668,2.674770114,Android,Safari,16-18,male,mid
14,42.10604744,87.17803652,34.45010305,12.70830443,1.367377399,1.549736352,2.96771996,iOS,Safari,13-15,female,mid
11,22.37096442,89.66344792,25.56681032,25.85094927,2.46258764,1.738651893,2.176427122,iOS,Safari,13-15,female,mid
14,42.0075753,75.19939984,34.04689717,37.76409348,1.838924137,1.38483896,1.047074514,Desktop,In-App,16-18,male,high
21,57.55073732,68.44240796,33.23010022,26.82364255,2.560205164,1.51052902,2.531669617,Shared/Other,Safari,16-18,male,high
16,63.66079631,56.86375916,27.61422601,47.44512497,2.260285551,1.545033491,1.648596601,Desktop,Chrome,19-22,female,low
18,61.5462502,78.93359304,30.61538184,38.22753173,2.873754714,1.694877706,1.491407251,iOS,Chrome,19-22,female,high
17,24.08931169,75.21317308,24.64809726,21.01530298,3.709708236,1.943934869,1.450514846,iOS,Safari,13-15,male,high
13,35.79557406,74.0179172,36.73564884,33.71597539,1.225085073,1.189391483,0.880298351,Shared/Other,Chrome,13-15,female,high
9,38.87592366,90.71357976,34.13352159,17.90614775,2.863677054,1.562547385,2.815670621,iOS,Chrome,13-15,female,low
8,39.22468769,73.24871952,28.71682644,34.57512118,3.888829574,1.335142265,1.171185527,Desktop,Safari,13-15,male,mid
8,25.139838,61.05383267,35.76856362,28.12028366,2.497707491,1.884741774,0.965224454,Android,Firefox,13-15,male,low
17,72.92010609,82.83558079,36.51672494,37.01359455,2.25096874,1.291977349,2.181822946,iOS,Safari,19-22,male,mid
20,27.14321,71.64697739,29.99998015,25.75641063,2.873792443,1.657244646,2.241121153,Shared/Other,Edge,13-15,male,mid
8,31.07437088,93.23234435,32.74023285,28.20500594,1.934229367,1.776985461,1.544843119,Shared/Other,Chrome,16-18,female,low
19,18.42954281,77.85403895,30.1039052,21.70469655,3.241597319,1.12072229,2.489915422,Android,Safari,13-15,male,mid
12,53.62233413,79.5200776,29.70844076,28.04688477,1.515356561,1.267061376,1.479783795,Shared/Other,Chrome,16-18,female,mid
12,81.95304164,74.76210685,33.11004684,43.94366156,1.507215217,1.421620061,2.692677083,Shared/Other,Edge,19-22,male,mid
9,35.28888589,59.95181083,32.38351423,21.60292992,2.599407436,1.279268332,1.289690702,Android,Edge,13-15,male,low
10,43.06570757,58.67520255,31.22394647,31.54857669,1.461942948,1.510147268,2.085037588,Desktop,Firefox,16-18,male,mid
16,47.85911786,72.25125945,27.45618568,21.72830778,1.278752355,1.86611943,0.665184476,iOS,Chrome,16-18,female,low
17,43.64269319,78.52106796,28.32021361,32.62677542,1.982664809,1.986178196,1.462144495,Shared/Other,Edge,13-15,female,low
11,76.17928994,75.41591814,28.94403952,37.79444404,1.775923252,1.709277339,1.674457942,Desktop,In-App,19-22,female,mid
17,21.2128739,61.8910856,34.87492217,28.41091651,3.772717901,1.903496209,2.498341532,Android,In-App,16-18,female,high
17,37.61990206,71.92239579,20.45109756,20.63815603,3.050567918,1.109000736,1.139223609,Desktop,Safari,13-15,female,mid
21,46.59205953,67.19329362,25.55974441,26.32559409,3.249016656,1.889674431,2.15924247,Android,Firefox,16-18,male,low
9,39.57943557,68.10141706,38.26671561,21.81134018,1.799064584,1.757353362,2.557337317,Android,Edge,13-15,female,mid
20,48.8235448,85.89440832,33.47741042,26.16636501,1.090421553,1.152490216,2.324479347,Shared/Other,Firefox,13-15,male,mid
11,41.79569868,67.18178946,26.32094261,25.94466316,2.577010556,1.923999971,2.078967457,iOS,Firefox,13-15,male,low
22,38.86811849,61.75110933,25.0380893,37.21077929,2.869940702,1.568598636,1.845641803,iOS,Safari,16-18,female,mid
7,31.70460139,75.4788139,35.05704004,27.38203177,3.519034103,1.703360316,1.748934857,iOS,Safari,13-15,female,mid
14,32.01592653,95.30911417,31.47165848,23.08917185,2.347907146,1.263514949,1.05742472,iOS,In-App,13-15,female,low
7,26.21962248,69.37184734,27.99617223,27.25823971,2.120789557,1.918656611,2.630781496,Desktop,Chrome,13-15,male,mid
21,53.87905182,65.59374961,16.05195535,35.00242928,3.817374171,1.303522461,0.549116432,Android,Safari,16-18,male,mid
18,60.35962904,73.76893664,28.86725531,39.86525265,3.549381558,1.106147178,2.287921002,Desktop,Safari,19-22,female,mid
20,25.57504778,76.41040982,27.81012602,26.77047624,3.058257462,1.326808762,1.346040792,Desktop,Safari,13-15,female,high
14,73.326196,79.53873376,34.50768592,36.76870127,2.610770798,1.983520926,2.2559513,Android,In-App,19-22,male,mid
12,71.78879637,72.61647481,31.08323473,50.10815943,3.043690672,1.304126935,2.847575612,Desktop,Safari,19-22,female,mid
15,47.72532288,62.62204586,35.58212418,31.67019614,3.863719957,1.739731407,2.767447533,Shared/Other,Chrome,16-18,male,mid
15,79.19603588,77.41277541,20.93946604,27.94926439,2.618486167,1.726761604,2.755505808,Shared/Other,Safari,19-22,female,low
13,61.47709869,52.67406295,30.73847111,14.60696952,1.416420052,1.570415381,1.882917636,Desktop,In-App,19-22,male,mid
18,39.46600085,75.53263931,35.02786465,14.68768184,2.674104411,1.366807995,1.500422809,Android,Edge,13-15,male,low
15,21.67272365,86.61273395,28.68760392,27.97480468,2.884175677,1.205394739,2.437207549,iOS,Chrome,13-15,female,low
16,51.90015766,60.91222146,29.90041085,29.89906385,2.38268607,1.853884877,2.590266586,Android,Firefox,13-15,female,high
17,42.20824141,79.19853027,33.16461464,18.3108441,2.165268127,1.629488949,0.968634732,Android,Safari,13-15,male,mid
16,65.6016563,70.80440816,37.00983204,37.16768171,2.015782747,1.073649262,2.9901627,Android,Safari,19-22,male,mid
17,37.95520053,65.60826363,28.80787649,24.13616655,1.751529681,1.42482016,2.007484985,Shared/Other,Safari,13-15,male,mid
17,64.22635266,74.05174391,30.24447925,31.43092454,1.070624163,1.479595003,2.999180766,Shared/Other,Chrome,19-22,male,mid
11,75.49027933,74.64555423,37.03010731,52.56487688,2.08074774,1.461353642,1.527116723,Desktop,Edge,19-22,female,mid
9,29.5432735,73.52246238,34.45162094,23.31412132,2.992023188,1.851027033,1.933646653,iOS,Safari,13-15,male,mid
13,20.34263119,66.53041538,18.0810594,33.7937727,3.212144032,1.514400641,1.401040607,iOS,Safari,13-15,male,mid
10,38.59871973,83.91488844,32.5646582,32.69520801,2.004857103,1.508341328,2.49247312,Desktop,In-App,13-15,male,high
13,48.98250894,58.83058032,27.11219158,35.04575735,2.995991932,1.833124489,1.931986256,iOS,Chrome,16-18,female,mid
9,39.56485065,65.1515843,34.7878269,16.5526976,1.242837747,1.424425721,0.637313558,iOS,Firefox,13-15,male,mid
13,58.3644868,74.95302857,24.57953671,33.41336653,3.900120748,1.84360557,2.723402888,Shared/Other,Safari,19-22,male,mid
14,69.79868479,64.72885402,27.75857025,45.89329206,1.336389153,1.859415227,1.407953065,Shared/Other,Firefox,19-22,male,mid
15,55.70975791,68.31504447,22.09437372,19.76292048,3.86289655,1.803820856,0.810173439,Android,Chrome,16-18,female,low
17,71.97038732,45.3786138,27.71473567,56.66444394,3.10205181,1.458357028,2.147691948,Desktop,In-App,19-22,male,low
8,46.17623087,69.00599073,26.02506519,33.14538928,3.098981132,1.959149774,1.016939608,Android,Edge,16-18,female,high
15,51.61399055,87.58331198,28.60998986,32.19883218,1.8509416,1.578271145,2.958586259,Shared/Other,Edge,19-22,male,high
10,24.01216728,79.57802513,22.36946889,30.9894379,1.227239207,1.51825645,0.718667639,Android,Edge,13-15,male,mid
14,64.2798792,62.38140658,45.49282392,34.82000587,3.356186419,1.99419103,2.339214948,Shared/Other,Edge,16-18,male,mid
13,57.24454383,66.63195759,26.32272473,21.40220712,1.539277791,1.737063302,2.887749488,Desktop,Firefox,16-18,male,mid
21,41.96711003,79.21174232,23.14050801,31.58431695,2.605150268,1.203108486,1.619470427,Desktop,In-App,13-15,female,mid
14,54.57875659,70.39099016,28.16622117,28.08985859,3.527155524,1.716907595,2.553554196,Shared/Other,Firefox,13-15,male,high
17,82.58367154,84.82863331,31.73670552,44.56856813,1.513223188,1.084719465,0.598921959,iOS,Firefox,19-22,female,mid
17,61.01272067,52.80686287,28.09096442,30.37114825,3.737615498,1.658625221,1.398736623,Shared/Other,Edge,19-22,female,low
16,57.21810376,74.57577273,24.84879664,22.9246977,2.473267396,1.455960751,2.445656497,Desktop,Safari,16-18,female,low
14,39.87032696,84.98557154,20.44632453,34.25917351,3.845082995,1.393721187,1.395317184,iOS,Firefox,16-18,male,mid
13,72.42228765,78.76293641,30.61824707,37.50561727,3.349753494,1.003390379,2.705766529,Shared/Other,Chrome,19-22,male,high
19,37.19391545,72.77863213,30.63936248,30.52006106,3.834008884,1.296743463,2.485610794,Shared/Other,In-App,13-15,male,mid
17,54.71336124,69.64389317,24.42264801,31.15992845,1.650694878,1.152259089,0.799950227,iOS,In-App,16-18,male,mid
11,48.84912384,74.14544983,37.32990919,21.99864877,3.924378673,1.628364971,2.083713129,Shared/Other,Safari,16-18,male,mid
16,77.04238584,93.2780474,26.38033184,56.00357609,1.002115036,1.959105092,0.936218527,Android,Safari,19-22,female,low
18,60.63778022,73.47995053,31.49658862,24.58249045,1.857450523,1.482651481,2.267249069,Android,Chrome,19-22,female,low
10,39.59123424,76.08133442,34.66261358,26.676178,1.882096852,1.109511745,2.169557136,iOS,Chrome,13-15,male,mid
18,82.75996542,71.93500797,32.75241956,43.63013929,2.785500442,1.573766379,1.287863298,Desktop,In-App,19-22,female,mid
19,34.23306186,88.65509271,30.65146247,32.03833067,2.062137277,1.846830411,1.315323894,Desktop,In-App,13-15,male,high
13,24.50483506,80.78084509,34.73716324,16.9327018,3.771725892,1.156193693,1.173303301,Shared/Other,Safari,13-15,female,low
22,40.67859899,61.10342191,27.9876471,23.01282815,1.313019739,1.319490805,2.142968232,iOS,Firefox,16-18,female,mid
19,43.69296828,72.35084083,25.48802258,26.25456754,2.181431641,1.806252974,1.672223236,Android,In-App,16-18,female,low
13,59.83396189,71.18092639,31.52556817,41.62522135,2.844609595,1.611973751,0.501397735,Android,Safari,19-22,female,mid
13,61.10777958,76.40336654,33.83389884,47.56702569,3.915719078,1.955398861,0.774706661,Android,Safari,19-22,female,low
19,37.54329923,70.92282457,34.29443061,29.07620403,1.563561964,1.046136259,2.96077308,Desktop,In-App,13-15,female,mid
16,48.65111741,50.68187617,30.97136977,38.14783779,2.597587896,1.320440623,1.925802302,iOS,Safari,19-22,male,low
9,66.60137641,66.25247606,33.89786749,20.99405846,2.452790989,1.808225199,0.592442132,Desktop,Chrome,16-18,male,low
17,43.96015473,73.11170157,29.43177396,20.83017322,3.254958054,1.312810834,2.32459498,Android,Edge,13-15,male,low
12,40.85517654,59.44117475,31.04977851,23.24722857,2.008725397,1.034376789,0.983959072,Android,Edge,13-15,female,mid
12,29.03048191,84.23573284,22.67947146,19.48884635,3.273173266,1.103253381,1.700311824,Shared/Other,Chrome,13-15,female,mid
8,49.91749031,68.91276254,28.00938526,27.65789626,2.623872017,1.177373508,2.354601066,Desktop,Safari,16-18,male,mid
8,40.02368361,64.22561581,26.11601039,20.96710072,3.468433535,1.162776985,2.195816388,Android,Edge,13-15,female,high
22,74.36412292,74.38708378,27.11372972,54.97857786,2.645040205,1.466950858,1.801307432,Desktop,Safari,19-22,female,mid
18,71.13403609,67.85407654,29.31618233,31.87089214,1.881506916,1.950364945,2.336843621,Desktop,Safari,19-22,female,mid
13,29.3056627,65.20766495,33.90311707,27.4304557,2.191972091,1.284638787,0.999089641,Shared/Other,In-App,13-15,male,mid
14,26.40288942,64.7475482,36.67007092,20.62298026,3.096744625,1.960980817,0.561392894,iOS,Edge,13-15,male,mid
13,68.06797838,64.65680003,30.02701853,39.29058897,3.616646678,1.480774659,1.086109903,Desktop,Edge,19-22,female,high
21,67.61825604,70.16007331,34.07884097,32.73348126,3.801592863,1.21907764,0.674124978,iOS,Chrome,19-22,female,mid
14,60.21141075,63.27993505,23.2829836,41.55370339,2.798899991,1.975895568,0.9244086,iOS,Safari,19-22,female,mid
10,60.34302171,79.17836429,32.35530009,36.77349593,1.788293182,1.416983352,1.630444153,iOS,Safari,19-22,male,mid
10,76.16972093,67.51170106,36.73956287,32.0806152,1.633613158,1.112974637,1.20130557,Android,Edge,19-22,male,low
10,33.08053492,72.53331433,22.74954946,33.4741361,3.770932694,1.392899536,1.02670622,iOS,Safari,13-15,male,low
11,54.84590228,79.77187285,44.45401868,40.38429393,1.172691394,1.30630206,1.530445,Desktop,Firefox,16-18,male,mid
13,21.35286686,91.91915391,25.52752121,18.84184434,1.283795711,1.109032987,0.858157181,Desktop,Chrome,13-15,female,mid
20,42.78675591,69.09057148,29.38400099,26.02298512,1.379695044,1.141787823,1.192008361,Desktop,Edge,19-22,female,high
14,46.25746648,70.75921386,29.50261983,30.04973049,3.285056255,1.162776702,1.986089252,Desktop,Safari,16-18,female,high
12,53.89871836,73.35813895,27.60032858,21.45294625,1.187474391,1.299720138,2.593996971,iOS,Safari,16-18,female,mid
15,17.57542646,84.12764835,27.04899978,24.64593748,1.454585587,1.241078306,2.254082397,Desktop,Safari,13-15,male,low
19,39.01718998,77.09639217,32.37400809,23.2485596,2.419916757,1.094968393,2.629477279,iOS,Safari,19-22,male,mid
10,71.28830825,72.99756528,33.03694361,37.20869932,2.123803626,1.553007922,1.367566182,Desktop,In-App,16-18,female,mid
13,40.17482321,65.2144666,29.54583711,23.03326529,2.055272702,1.665239949,2.442286205,Shared/Other,Chrome,16-18,female,mid
16,65.89784024,68.54058264,35.26502628,36.86632078,3.701702582,1.669731076,0.905173314,Shared/Other,Firefox,19-22,female,mid
22,48.45421617,78.5491769,31.27467923,30.05914677,1.790217534,1.315035871,1.817376854,Shared/Other,In-App,16-18,female,mid
16,67.35156546,63.87968391,32.6605964,58.34432976,1.666679807,1.192558425,1.461163859,iOS,Edge,19-22,female,mid
18,70.60117212,68.79565575,33.69841307,48.00681287,3.29178731,1.015363449,0.640872642,Shared/Other,Edge,19-22,female,mid
17,63.99728588,65.65284798,34.34969475,52.15601349,2.16488186,1.70309925,2.761961315,Desktop,Safari,19-22,female,high
17,78.6738746,82.35314391,28.39153712,40.58245832,3.111609695,1.457289526,0.988378018,Desktop,Edge,19-22,male,mid
14,47.88193354,61.7702375,34.43087256,24.73568993,3.757727146,1.935448155,0.763394356,Android,Edge,13-15,male,low
11,26.39830145,89.1307155,32.77728076,30.97031908,3.733680383,1.119685537,0.851432131,Shared/Other,Chrome,13-15,female,low
12,60.48247607,74.81005485,37.07284686,29.32412548,3.356881068,1.765733375,1.947538378,Desktop,Firefox,19-22,male,mid
8,51.22072794,76.99267805,28.04576932,28.61937737,2.272287871,1.030984892,1.86289489,Desktop,Firefox,16-18,male,low
14,55.3362103,63.99332441,26.68715146,28.37884525,2.345483328,1.524320511,0.714072091,iOS,Firefox,16-18,female,low
11,39.07988607,64.8697584,27.64191029,25.62395954,3.642565085,1.548493239,2.631100239,iOS,Chrome,13-15,male,low
19,50.51054754,55.82883458,29.98366224,28.13094144,2.159562801,1.541319028,2.940897014,iOS,Firefox,16-18,male,low
22,58.32502699,72.26658363,32.36963684,51.96720516,2.494329312,1.597223016,1.54672604,iOS,In-App,19-22,female,high
18,38.43186008,93.11973894,25.13619535,16.64787701,3.973199982,1.554948377,0.742246729,iOS,Edge,13-15,female,mid
15,41.88541204,73.6511065,28.17442688,20.71619789,2.274577105,1.507111097,0.507998128,Shared/Other,Chrome,13-15,female,low
12,67.11219433,85.45209535,35.45145866,40.01177355,2.236316982,1.098210403,1.455022288,Desktop,Chrome,19-22,male,mid
10,57.41033479,72.97740472,27.62058693,42.26543943,2.634676431,1.652678949,1.563178358,Shared/Other,In-App,16-18,female,mid
20,36.85951471,69.58321735,33.24371862,27.04455312,2.499754002,1.924634413,0.903137059,iOS,In-App,16-18,male,mid
13,31.74077175,87.27518579,38.20785688,20.88509035,3.724198481,1.015890116,0.670093277,Desktop,Chrome,13-15,male,high
9,61.1441727,81.0562677,28.85277747,31.4119001,1.078728006,1.53125942,1.33724857,Shared/Other,Edge,16-18,female,mid
13,35.31071703,64.72623095,30.24126289,24.06053538,3.123849505,1.815112331,2.630104168,Android,Safari,13-15,male,low
8,50.8063608,76.19123109,27.08521539,25.94149409,2.225376909,1.078463391,2.205577468,Desktop,Safari,16-18,female,mid
16,57.48865973,73.81839133,31.6875319,35.52647687,3.141124679,1.754020126,1.760077298,Desktop,Chrome,19-22,male,mid
15,37.61097441,71.95897727,31.01277822,16.67048172,2.467008887,1.749909638,1.769404591,Desktop,Safari,13-15,female,low
11,52.30732428,96.12188517,30.55812726,40.26241421,3.700024508,1.63849723,2.470804377,iOS,Safari,19-22,female,low
9,38.99698106,58.23920044,32.99462934,16.19234788,3.524931531,1.376263728,2.794433128,Shared/Other,In-App,16-18,male,high
14,50.56673298,73.6271939,20.76201927,29.48154178,1.070109407,1.078182322,1.067752979,Android,In-App,16-18,male,mid
11,35.40922154,84.0257306,27.38300485,20.33699689,2.730139915,1.109153743,1.966509183,Android,In-App,16-18,female,high
18,70.93791225,90.77955978,40.10020459,34.80632289,3.715425008,1.288546912,0.86362638,iOS,Safari,19-22,male,high
18,58.99545425,64.02179842,32.20831256,51.95635799,2.339892454,1.879266919,2.47366778,Shared/Other,Edge,19-22,male,mid
9,42.9902959,80.5506984,30.38079375,37.00566732,3.184090754,1.563683834,2.028976317,Shared/Other,In-App,16-18,female,low
17,40.04153238,92.19531563,25.2067721,23.9307708,1.091087942,1.197250146,1.925659806,Shared/Other,Firefox,13-15,male,low
20,42.40727534,83.07438884,21.83211303,45.38269089,2.303101619,1.443214594,2.40627506,Desktop,Safari,16-18,female,low
13,33.72891116,92.15842901,26.70578098,32.41486283,3.314091666,1.460261619,1.56414932,Android,Edge,16-18,female,low
21,84.79634268,69.71470598,32.41761342,34.14807029,1.176003675,1.498457912,1.226023918,Desktop,Edge,19-22,female,mid
8,53.63486338,77.43749924,28.97383677,27.89996524,3.499937463,1.41717941,2.303003141,Shared/Other,Edge,16-18,female,high
20,36.96447728,77.28106145,35.91115847,34.26821347,1.388955445,1.306169182,2.170616975,Android,Chrome,13-15,male,high
20,45.68056723,75.15754244,36.45772719,42.13565292,2.509206269,1.428055923,2.202257038,iOS,In-App,19-22,male,mid
23,57.20128792,77.05640168,28.30137304,43.43920741,2.88533161,1.015992022,1.998152465,iOS,Chrome,19-22,female,low
10,41.15699429,74.32220402,35.33916184,17.71341547,2.203378883,1.531244959,2.475464046,iOS,Safari,13-15,male,low
17,53.73552601,53.59957266,31.05156219,25.18979414,1.412762511,1.000320827,1.470968035,Shared/Other,Safari,16-18,female,high
22,60.58004444,89.69005662,25.39586224,44.98609928,2.945922375,1.171695833,2.342089388,Desktop,Edge,19-22,female,mid
14,54.4908059,79.3051348,23.7085369,30.90760676,2.674001851,1.406496568,1.235948617,Shared/Other,Firefox,16-18,female,mid
9,48.3040704,80.42471728,29.30473558,30.73434836,3.004511283,1.863976658,0.785400723,Android,Chrome,13-15,male,low
11,18.32065017,71.14195753,26.51054178,19.524622,3.27704646,1.510250132,2.481520341,Shared/Other,Chrome,13-15,male,high
20,45.15483591,67.10983822,31.59064547,19.71300854,3.459464884,1.792666185,1.759000086,Desktop,In-App,16-18,female,low
9,51.94389839,91.50180105,28.70012062,36.44682441,1.46211571,1.784466791,1.781681069,iOS,Firefox,16-18,male,high
8,42.95876838,80.04379673,34.50942534,33.93945289,1.637808952,1.86766561,0.718176993,Android,Safari,16-18,female,mid
20,36.97847878,71.22533613,31.81505846,25.63063366,3.684333054,1.309863249,2.931742179,Android,Chrome,13-15,male,mid
8,50.60240819,88.77267672,37.19454895,38.22575631,1.607129192,1.312583433,1.361060813,Android,Firefox,16-18,female,mid
18,59.21585698,75.08348933,33.27593278,54.32037229,1.861307414,1.782989504,1.059033597,Shared/Other,Chrome,19-22,male,low
21,58.68752586,77.98178507,27.43817721,36.82500532,3.383925034,1.247648656,0.841890609,Desktop,Chrome,16-18,female,mid
10,59.30132591,94.85370448,38.11352929,27.17017963,3.304567936,1.527865064,1.362865573,Android,Edge,19-22,male,high
19,33.87609849,76.98238776,29.79252394,24.40995287,1.398037635,1.739141377,1.552189901,iOS,Edge,13-15,male,high
18,72.00138208,60.84578184,27.54386965,29.81184185,1.008269533,1.663145931,1.602121427,iOS,Chrome,19-22,female,mid
20,43.45918797,70.53187545,30.50938878,40.83102708,1.463047743,1.022080205,1.836191765,Desktop,Edge,19-22,male,mid
14,39.90290971,78.26890901,21.38670815,16.53312581,1.800312461,1.185299039,1.205441006,iOS,Firefox,13-15,female,low
18,64.58668681,68.40865892,29.18219435,29.94076791,3.457381996,1.538233421,2.927623006,iOS,Edge,16-18,female,low
11,75.2082479,75.60372901,29.3433367,15.92971404,3.897451221,1.532381826,1.323949876,Android,Firefox,19-22,female,low
15,69.99828596,68.12707929,32.26752398,32.27236712,3.813949325,1.55921333,1.504241468,Shared/Other,Firefox,16-18,female,high
13,38.40989303,77.37277812,33.23674203,27.5931713,2.127240102,1.619528484,1.40082762,Shared/Other,Edge,16-18,male,mid
17,36.16720683,100,29.45568091,29.88809651,1.572717249,1.252500109,2.463983344,Android,Edge,16-18,female,low
7,37.96166599,87.06623408,22.66955947,27.73245788,1.753221192,1.292020827,1.276681608,iOS,Edge,13-15,female,mid
18,78.05292873,85.96413714,31.80944074,59.51961719,1.136494918,1.607063503,1.910501536,Shared/Other,Edge,19-22,female,low
11,48.59661623,73.45846549,26.66333566,23.2169151,3.150123015,1.886151486,0.586986012,Android,Chrome,16-18,female,mid
15,38.32315931,74.7795807,29.96755779,24.33045807,2.850038569,1.710789861,1.493610539,iOS,In-App,13-15,male,mid
16,41.78426696,79.63999741,39.19056544,34.96730653,1.902321277,1.855432769,1.576057577,Desktop,Safari,16-18,male,mid
14,77.66087045,71.76178307,27.96484439,48.19783725,1.103347836,1.833790477,1.983644035,Shared/Other,Edge,19-22,female,low
23,54.22529258,94.01155976,28.89434334,28.78966655,2.594186929,1.134306328,1.692478856,Desktop,Safari,19-22,female,mid
9,69.83830589,66.22973046,29.20286177,42.05500679,3.418088219,1.191078125,1.64509574,Shared/Other,In-App,16-18,female,mid
20,80.76892688,74.91767762,25.26151012,45.39387564,3.84227328,1.338933675,0.624281126,Shared/Other,Chrome,19-22,male,low
10,50.14568703,75.98853451,21.95290874,44.41595474,3.140791778,1.793559625,0.674414902,Shared/Other,Firefox,16-18,male,mid
18,42.18223396,65.10538461,29.9595319,36.92577456,1.043599605,1.340187403,1.136347187,iOS,Edge,16-18,male,low
22,64.71163781,84.10408764,23.87605067,43.34868332,2.414948234,1.167518709,1.703436632,Desktop,In-App,19-22,male,high
11,54.7598613,73.93252409,39.4592215,35.90737414,2.836209996,1.370196841,0.702924426,iOS,Safari,19-22,female,mid
21,58.81603509,67.13670489,32.37659912,21.96557444,2.831081049,1.643802631,2.163111376,Android,Safari,19-22,female,mid
13,46.47736117,79.90849511,41.08979783,34.6939411,1.652315553,1.121384275,2.015922627,Desktop,Safari,16-18,female,low
16,29.7895144,69.35955386,26.45899048,25.95160095,1.776689771,1.939810253,1.517540302,Desktop,Firefox,13-15,female,low
10,80.64949264,67.3495825,33.89743902,52.03151223,3.041343958,1.46674522,2.154201386,Android,Edge,19-22,male,mid
8,43.07653465,77.32968159,31.36310001,32.90476042,1.776696747,1.804216441,1.533358111,Shared/Other,Chrome,13-15,female,mid
15,67.56184374,85.4068964,29.47111523,18.79212854,3.458138644,1.471175713,2.027121267,Android,Firefox,16-18,male,low
15,23.50481048,73.8013101,25.61190255,21.12713217,1.86441737,1.925090568,1.509774372,iOS,In-App,13-15,male,low
12,38.61432605,72.05856069,31.75340694,32.74447304,1.237823434,1.332969108,1.31429074,iOS,Chrome,13-15,female,low
23,62.61776276,60.61807782,26.38241445,31.01248962,3.426188604,1.004062688,1.346770654,Android,Firefox,19-22,male,low
16,44.182303,79.55699724,34.38280348,28.70379569,2.359168882,1.692091039,0.932050639,Desktop,Firefox,16-18,female,mid
19,55.944838,41.68085243,25.16110983,28.8070971,1.763464288,1.046322825,1.248695261,Shared/Other,Safari,16-18,male,high
13,68.94720358,70.15888632,23.45246903,47.70598844,3.103164893,1.119418107,1.698986113,Desktop,Edge,19-22,female,low
13,56.70302355,77.64638732,26.53068418,20.7211762,2.493226583,1.787652977,2.233469236,iOS,Safari,16-18,female,high
18,51.86111457,74.13686152,23.10688356,44.77786381,3.215300352,1.330111338,0.793653708,iOS,Firefox,16-18,male,mid
19,54.39826053,73.06683823,26.37507007,35.92875331,3.611362097,1.739055111,2.837322224,Shared/Other,In-App,16-18,male,mid
12,34.72329184,82.22436826,17.67757832,12.8320209,3.220887921,1.595960635,1.231407225,Android,Safari,13-15,female,high
18,40.48407302,63.63266619,28.26024465,27.7322519,1.491986624,1.450096398,0.816487264,iOS,Edge,13-15,male,low
14,31.09811408,69.32910388,26.42127735,29.9689725,1.087589367,1.716114927,1.266815941,Android,Safari,13-15,female,mid
11,69.16283177,91.63820733,30.15934423,48.65065546,3.409886421,1.923340504,1.742973593,Android,Firefox,19-22,male,high
10,83.40475517,77.78592335,26.57023537,36.90242186,3.73,1.559383716,1.988706086,Desktop,Edge,19-22,male,mid
11,44.1509556,62.81386836,21.43933418,23.51951735,3.807529784,1.9729134,2.856552162,iOS,In-App,16-18,female,mid
10,32.81487917,79.04611999,21.48373501,27.96035062,1.733538717,1.58883646,1.579836551,iOS,Safari,13-15,female,mid
17,59.58543868,80.02511045,29.77943204,39.6470188,3.605102351,1.806269171,0.95672754,Desktop,In-App,19-22,female,low
21,50.334739,70.43488277,29.69856529,36.06624383,3.737356425,1.125889033,2.182746185,Android,Edge,16-18,male,mid
17,73.83082966,54.20210664,31.05516865,49.72758292,3.081961756,1.522709539,2.899168452,Android,Chrome,19-22,male,low
18,57.83050402,72.90140299,36.39679677,54.23175325,3.693385963,1.120516703,1.179432442,Shared/Other,Edge,19-22,male,high
15,55.31401548,78.86976105,23.36650804,12.521649,2.158295025,1.197966811,2.566406992,iOS,Chrome,16-18,male,low
9,57.34846658,59.16919585,28.23368013,40.39622351,2.189576204,1.986083311,1.371220576,Desktop,Edge,16-18,female,low
19,23.33609678,66.68932445,36.30669343,26.92064575,3.359781452,1.652702451,1.76012682,Shared/Other,Firefox,13-15,male,mid
13,44.65408231,73.45022511,21.81004,21.93397426,2.537463742,1.797925316,1.259895,Desktop,Firefox,16-18,female,mid
15,29.73266089,77.29025082,25.58681523,35.88031486,3.59463993,1.587372952,1.606958045,Android,Chrome,16-18,female,mid
17,26.32967316,70.77184992,22.40632582,35.43735128,2.867335603,1.226193574,2.372487712,Shared/Other,Firefox,16-18,female,low
10,72.50350929,76.22770923,29.33130323,31.95310961,2.621220417,1.114012311,2.798759266,Desktop,Edge,19-22,male,high
21,64.09333593,85.39017307,26.92679258,40.31942453,2.822922348,1.31709149,1.390732401,iOS,Edge,16-18,female,mid
21,51.10851186,61.9106725,34.31493728,33.8458962,3.64093659,1.661228399,2.675695983,Desktop,Firefox,16-18,male,low
7,50.19851584,66.93411172,37.84899176,22.28252561,3.678580712,1.490430136,1.840020267,Desktop,Edge,13-15,male,mid
22,65.85729106,73.72503565,37.67893917,30.91384117,1.687327855,1.429231113,1.453713486,Android,Edge,16-18,female,mid
23,74.2146808,67.25277355,30.78158708,25.19454549,1.485183271,1.953491787,2.986719712,iOS,In-App,19-22,female,mid
12,48.34197173,86.26961334,21.78564471,33.46270936,1.692910738,1.332533396,0.72863341,Android,Edge,16-18,male,high
15,35.15324932,74.59956853,26.95551756,17.16389359,3.310681384,1.316750475,1.822086675,Android,Safari,13-15,male,low
21,32.92017251,62.6198015,26.77559583,42.90888942,3.340029662,1.649062672,1.417225968,Desktop,Edge,19-22,male,low
16,68.7322774,84.91153132,27.81539338,30.90275932,3.838205372,1.548011475,1.954696247,Android,Safari,19-22,male,mid
11,58.15019587,89.80174643,32.46060997,34.22446035,3.068979356,1.592853035,1.027320381,Shared/Other,Chrome,19-22,male,mid
12,48.76966609,65.27528882,30.67260534,29.80627085,2.183721945,1.887036033,2.750377503,Desktop,Safari,16-18,female,low
22,64.32479652,87.94570233,34.87280041,11.60469457,2.277636674,1.962179345,1.559349051,Shared/Other,Firefox,16-18,female,high
8,40.96000592,76.48021185,34.89631314,18.84416329,2.867812159,1.556559803,2.713921935,Android,Firefox,13-15,female,low
7,19.50570019,73.18686181,32.7409723,20.64564257,2.616264234,1.143748731,1.127920181,Desktop,Edge,13-15,female,mid
18,48.80339049,68.32615653,24.38705208,37.49380437,1.384172065,1.706364727,1.13980058,Shared/Other,Firefox,16-18,male,high
20,46.63187442,72.29843584,31.49506519,20.83306461,3.613329118,1.961114699,1.052016596,iOS,Edge,16-18,female,high
20,51.82136194,71.47945216,33.16866255,27.42483428,3.962450528,1.548087718,1.690929932,Desktop,In-App,16-18,male,mid
9,38.87176367,80.59476837,28.66412153,32.52105178,2.789578983,1.716232131,2.605321096,Shared/Other,Chrome,13-15,female,high
17,59.74307794,73.14785087,26.83511535,34.13367053,2.259787589,1.84692505,1.754519467,Shared/Other,In-App,16-18,female,mid
20,65.8699841,69.83080514,34.18934194,32.25070948,1.211214813,1.632283701,2.379362823,Android,Edge,16-18,female,low
11,41.3475057,68.71355485,24.28556616,20.55482157,3.199478599,1.072010979,1.768162904,iOS,In-App,13-15,male,high
20,40.92766685,78.21931968,31.30215954,19.68763549,2.828675739,1.883747961,2.199931218,Shared/Other,Firefox,13-15,male,low
14,38.13946367,74.0371789,29.63956976,25.46685242,2.360078353,1.27361455,2.351952501,Shared/Other,Firefox,16-18,female,mid
16,59.04519189,73.76038955,26.95292912,51.78637946,1.608646247,1.018954332,1.247516194,iOS,In-App,19-22,male,low
13,25.47276009,77.84563632,20.1915648,24.02383629,2.407644091,1.583085082,2.712410259,Shared/Other,Chrome,13-15,female,low
17,57.71556561,62.67710942,31.56575723,39.76616699,2.670870974,1.792082278,0.59506778,Desktop,Firefox,19-22,female,mid
16,47.97162007,72.85190012,30.07156911,25.50177723,2.226455414,1.555089786,1.786025409,iOS,Edge,13-15,male,low
17,68.67855532,79.93035619,26.67006553,37.32563784,1.130970975,1.159555873,1.767374327,Android,Edge,19-22,female,mid
21,79.43672611,65.03581828,35.30190608,44.04813354,2.610266552,1.911952407,2.633304885,Android,Edge,19-22,male,low
15,52.63719539,72.1289648,33.2608442,32.6137213,1.940883789,1.248863589,1.763861467,Desktop,Safari,16-18,male,high
10,58.8647796,91.47643952,36.5172315,42.83398042,1.193991101,1.618135012,1.73530506,Android,Firefox,19-22,male,mid
11,35.55291065,78.38953507,26.56565829,17.01942094,2.551067013,1.371836711,2.312447655,Android,Chrome,16-18,male,low
22,41.20236834,72.68007826,29.52542966,26.02793932,1.350293834,1.991709823,2.900447262,Shared/Other,Safari,16-18,male,low
11,60.55719687,65.37180867,32.78908594,29.47915733,3.991579118,1.95906805,0.756018725,Desktop,Firefox,19-22,female,low
14,56.43535004,89.12448227,35.92809658,37.29882024,3.412778911,1.395025082,0.554491171,iOS,Firefox,19-22,male,low
12,77.70034256,85.4411055,29.22213356,52.24783985,2.700222624,1.098019678,2.495788415,iOS,In-App,19-22,male,mid
13,36.7014661,71.87308883,28.45687768,25.32242035,1.500942432,1.370577081,2.543860092,iOS,Chrome,13-15,female,mid
19,42.57470495,69.22003941,29.85398119,26.31329259,1.06097935,1.007482305,2.341702309,iOS,Edge,16-18,female,mid
13,57.55780095,88.15534423,39.49874976,20.75994261,3.120179028,1.698976579,0.71798571,Android,In-App,16-18,male,mid
17,59.61738484,84.60777301,18.96765927,46.2639505,1.869947487,1.426663987,2.61298441,Android,Safari,19-22,male,mid
18,54.51170077,55.91892143,27.66026091,25.93339062,3.489081539,1.978178561,2.853886939,Android,In-App,16-18,male,mid
19,33.07404457,87.57062586,32.31904756,26.93065366,2.78619624,1.078775218,2.028617197,Shared/Other,Edge,13-15,female,mid
20,66.91768188,93.0690809,25.43722213,42.96677972,3.674095114,1.938105792,2.773939468,Shared/Other,In-App,19-22,female,high
18,52.77480532,72.51015385,27.85307227,34.16766443,1.810704594,1.557503625,0.5804659,iOS,Edge,16-18,male,low
21,59.774264,83.56643475,30.8870912,26.44150902,2.589451567,1.691273581,0.951714882,Shared/Other,Firefox,16-18,female,low
16,39.33217034,80.70446616,31.34748555,40.13597871,3.843512065,1.810197952,2.696870283,Shared/Other,Safari,16-18,female,low
19,59.67828811,73.52800307,30.41427522,27.82005538,3.404336064,1.179054728,2.967634218,Shared/Other,In-App,16-18,male,low
10,37.5815725,67.4824869,22.16721131,25.14217625,3.841150894,1.407957502,1.288451177,Desktop,Firefox,13-15,male,high
18,57.58956864,70.25600999,29.66802757,34.07487404,3.56406957,1.083514281,2.654143016,Android,Safari,19-22,female,mid
14,54.07348737,60.3317403,30.18986327,48.41936341,3.697371343,1.323247909,2.513564973,Desktop,In-App,19-22,male,high
10,26.88283371,74.3807707,28.42064478,24.87943078,2.094298967,1.978132617,1.494621531,Desktop,Safari,13-15,male,mid
16,63.25954015,64.27247782,36.11720346,35.43483408,1.991787638,1.347907822,0.594578513,Shared/Other,In-App,16-18,male,mid
7,32.90755421,83.98080693,28.65144844,29.8144271,2.515215735,1.530218949,2.228685113,Android,Safari,13-15,female,low
17,45.71624803,81.94251292,28.55425396,29.15320311,3.201185171,1.088028377,2.384041165,Android,Edge,13-15,female,mid
16,39.7572978,73.53814828,27.7440211,16.34176814,2.585164421,1.237094103,0.916150949,Desktop,Firefox,13-15,male,mid
14,81.5254092,67.23809489,22.94153651,39.55354459,1.34678282,1.299245987,2.230813041,iOS,Firefox,19-22,male,low
20,50.14082585,84.7602125,28.27550684,30.54632565,2.260977487,1.935123022,2.358761568,Desktop,Safari,16-18,female,mid
15,48.59249516,72.02785123,33.03331362,26.37238251,1.980767135,1.776861547,1.53727259,Android,In-App,13-15,male,mid
13,49.95013921,67.57047139,34.96278446,56.84838663,2.596133192,1.313540985,1.149672217,Shared/Other,In-App,19-22,male,mid
18,74.03915717,92.58089911,26.72321509,33.36681681,2.434782184,1.582020785,1.102602494,iOS,Chrome,19-22,male,low
10,78.04305442,70.72345554,27.65799973,25.58019509,3.951641083,1.594730259,2.406732912,iOS,In-App,19-22,male,low
22,55.8841811,71.36995261,30.14692919,31.43601108,3.895703731,1.175127159,2.761769016,Shared/Other,Safari,16-18,female,mid
12,39.88793687,84.82172363,30.58853272,24.47047467,3.687535672,1.487211158,0.561498664,Shared/Other,Edge,13-15,male,mid
13,30.41376649,77.04365052,33.09887123,17.66165384,2.939331618,1.374437046,0.596358811,Android,Edge,16-18,female,mid
15,43.23729538,75.12686497,29.73915924,44.13744038,2.837677737,1.069636164,1.569324386,Android,Safari,16-18,male,mid
10,68.11878681,70.70454568,36.2645763,30.83896781,2.760937747,1.926488215,0.930085264,iOS,Edge,19-22,female,high
13,48.69201153,66.58120302,21.97972964,28.3344018,3.261447217,1.012366909,0.594269004,iOS,Firefox,16-18,male,high
14,62.63378449,57.66104321,25.84513729,53.74216542,3.476609928,1.686950539,1.358875049,iOS,Chrome,19-22,female,low
11,73.30550823,83.14623505,31.77987194,35.33522902,3.495187634,1.345434432,2.263424506,Android,In-App,19-22,male,low
9,51.07900672,87.5492883,20.84441954,25.90199274,2.864767178,1.437321966,1.768873105,Android,Chrome,16-18,male,high
12,62.66698829,79.50782775,28.96624789,49.74422739,1.760617592,1.513788167,2.237929204,Desktop,Edge,19-22,male,low
15,40.67096367,59.54528386,33.55639705,31.2463698,3.288426419,1.761924784,1.167160313,Android,In-App,16-18,female,low
13,62.06884508,74.28260442,32.30233252,38.59880928,2.211198099,1.267735655,1.781117898,Shared/Other,Firefox,19-22,male,mid
8,53.29079365,79.69579697,30.18777812,24.23191471,3.082451377,1.076734354,0.729323483,iOS,Edge,16-18,female,mid
14,82.61162947,74.65407492,37.32841919,44.65030911,3.084673206,1.502315808,2.945556125,iOS,Edge,19-22,male,mid
20,33.29295619,77.82605167,27.74952615,20.59786182,2.410643235,1.924966974,1.383711604,Desktop,Firefox,13-15,male,mid
18,42.05764808,56.15745327,29.52981836,25.28231053,1.033153188,1.610548357,1.943738866,Desktop,Firefox,13-15,female,mid
20,69.11201267,87.57576117,35.20280047,33.73618605,2.598334031,1.521799042,1.687027822,iOS,In-App,16-18,male,high
18,52.80270449,68.80403543,35.97952505,37.4160348,3.802810532,1.368260931,0.599933589,Shared/Other,Firefox,16-18,female,low
18,55.41151514,68.26041725,25.19134972,31.18010587,3.17607863,1.730426953,2.244969033,Desktop,In-App,16-18,female,low
18,60.17741974,90.04122739,31.39498645,30.33322175,3.108469905,1.348571105,2.369566648,iOS,Chrome,19-22,male,low
13,45.73363757,76.25876809,32.30558448,36.91560628,2.449600963,1.337663512,1.097811842,iOS,Firefox,16-18,female,mid
15,42.09577473,57.31813239,29.57799448,36.03731938,2.638329144,1.154577606,1.309014505,iOS,Safari,16-18,female,mid
12,73.10594343,71.53898594,25.01567547,43.03678707,3.651904985,1.760574611,1.825420594,Desktop,Chrome,19-22,male,mid
17,65.03092806,46.07618865,30.9015336,34.68044941,2.969840712,1.469645901,1.746085707,Desktop,In-App,19-22,male,mid
18,31.6676765,57.98845034,41.5039437,16.30668276,1.766428708,1.088020131,0.843838176,Android,In-App,13-15,male,high
16,56.91817079,58.44196421,29.6857771,48.81249103,1.759846163,1.356227095,2.811944091,Shared/Other,Safari,19-22,female,low
15,54.28832447,81.44848568,27.4205955,27.574426,3.955061117,1.534798433,0.699583543,Shared/Other,Edge,16-18,female,mid
21,56.57655065,85.21138403,34.82091717,27.77550547,2.689215343,1.700044371,2.097080977,Shared/Other,Edge,16-18,female,mid
21,46.84656498,78.09673158,30.61295389,35.87271395,3.748248235,1.644798771,0.914353479,Shared/Other,Safari,16-18,female,low
18,54.432393,80.40002949,30.21983898,41.04176423,1.083429928,1.912443074,2.746520425,Shared/Other,Safari,19-22,male,low
19,50.31548636,79.89460838,24.44572737,34.62961439,1.293875783,1.75661615,2.316119974,Desktop,Firefox,16-18,male,mid
12,96.41863762,63.50877497,29.53125232,40.07184274,1.816149934,1.067257294,1.600665857,Android,Edge,19-22,male,low
21,24.26588868,71.42349448,25.42618918,25.710847,1.240607841,1.571113833,1.565913325,Shared/Other,Firefox,13-15,male,mid
21,47.52372289,66.78110295,27.36297912,30.32098458,1.65215152,1.653029924,2.714735828,iOS,Safari,16-18,female,mid
9,29.11002172,59.1911144,29.47212843,19.45187282,3.264689607,1.523961736,2.125013913,Desktop,Chrome,13-15,male,low
22,53.77232535,71.85065625,26.7826496,22.64273255,2.016500135,1.769426919,1.331700263,Desktop,Safari,16-18,female,mid
13,40.21223848,87.19632008,29.29541636,31.06477519,2.686308995,1.59512539,2.191958273,Desktop,Edge,19-22,female,low
16,33.29458053,69.37313811,27.64898695,23.39516702,2.405036345,1.954665539,2.145222001,Desktop,Chrome,13-15,female,mid
10,67.43770117,84.41719222,25.76198737,44.36750128,1.349998189,1.537786534,1.94447391,Desktop,In-App,19-22,male,mid
20,50.7855322,66.77162178,25.84223396,15.55954615,3.649694678,1.331487753,1.862858469,Android,Safari,13-15,female,high
18,39.4760812,80.29291133,32.25118617,32.95212238,1.82863773,1.448579673,2.234184358,Desktop,Edge,16-18,female,mid
9,31.36481685,66.81274796,31.10361192,32.27872651,3.031355009,1.846338824,2.077911321,iOS,Edge,13-15,female,low
10,14.28969255,64.43623066,26.28525735,27.45930428,3.191812535,1.199440156,1.100688401,Desktop,In-App,13-15,female,mid
16,29.93793577,56.64852808,34.94122872,31.90639902,2.540018987,1.260726955,2.086897126,Desktop,Chrome,13-15,male,low
15,56.65775319,85.80821756,19.81168326,32.532338,3.843069205,1.651716438,2.18929186,Desktop,Chrome,19-22,male,mid
8,46.05055769,70.62437455,32.71325741,25.2221397,1.446447965,1.557334668,2.682083031,iOS,Edge,16-18,female,mid
14,47.03539302,75.78765263,29.1191181,33.48202644,1.980217991,1.657581434,0.761629967,Android,In-App,13-15,male,mid
12,30.25797973,70.61084811,26.96085149,22.48837154,3.122747539,1.656992594,1.285814854,Desktop,Safari,13-15,female,low
14,59.1125654,83.513861,33.00058212,27.2298538,2.373570423,1.919546789,2.356615613,iOS,Safari,16-18,female,mid
12,36.35436042,89.01982821,25.88033102,25.91101039,3.010342829,1.677021446,2.192831734,Desktop,In-App,13-15,female,mid
13,42.40416119,82.97848608,25.76696198,46.49743515,1.529370019,1.660966413,2.739209397,Desktop,Edge,19-22,male,high
18,70.2556588,70.93805385,31.50109685,47.50350515,2.401631917,1.65448607,2.902583637,Shared/Other,Safari,19-22,male,low
10,54.24122925,54.3204026,26.23958247,27.85807472,3.583638968,1.942945468,1.446124674,Desktop,Edge,16-18,female,high
15,37.50738254,87.24652088,29.85574366,32.3572086,3.245791816,1.083575539,1.86539336,iOS,In-App,13-15,female,high
14,47.82895918,77.76660658,37.16424613,35.57868133,2.968550284,1.811242698,2.299603276,Desktop,In-App,16-18,female,low
14,76.05519331,73.03552374,35.32969171,54.54370152,2.679555571,1.931836108,1.138386762,iOS,In-App,19-22,female,low
18,43.65590689,75.19510141,35.1449394,31.97277905,3.356450078,1.948651767,1.038511021,Desktop,In-App,16-18,female,low
15,73.8462743,74.79895346,26.49908619,44.64174217,2.265701816,1.305253027,2.857228533,Desktop,Firefox,19-22,female,low
12,52.29657313,77.49557548,33.14247464,30.41224631,2.628899074,1.718044464,2.153579108,Shared/Other,Edge,16-18,female,high
16,52.06224716,61.62243012,30.96924675,33.92820853,3.350137391,1.562397807,1.005590046,Desktop,Firefox,19-22,male,mid
12,70.40205198,76.46251103,33.35603714,44.22860367,3.258027742,1.85815352,1.472865481,iOS,In-App,19-22,male,high
9,57.62042852,72.89868902,36.87474822,20.60521544,3.624641771,1.234215843,2.261442204,Android,Edge,13-15,female,high
9,58.35973293,66.15122087,30.46019799,32.42982055,3.086244434,1.845717662,1.613252749,Android,Safari,16-18,female,high
14,53.67385091,70.46222827,29.04370642,28.25616641,3.675419243,1.998116315,1.376013784,iOS,In-App,16-18,male,mid
20,33.273106,83.59719718,26.52611945,31.93145712,3.30094383,1.557316192,0.876063775,Android,In-App,13-15,female,low
19,69.47733217,100,19.45094984,21.73570521,3.955003649,1.065619578,2.169705919,Shared/Other,Edge,16-18,male,mid
12,49.49940645,70.95504624,33.23903061,29.7904112,1.544654158,1.899224259,2.221727012,Android,Edge,16-18,male,low
9,61.39006805,85.01698306,31.85023423,52.24254908,2.215167294,1.735263296,2.169410891,Desktop,Chrome,16-18,female,mid
17,33.776516,75.76617753,32.39939209,17.37586184,1.525720059,1.707545455,1.722821993,iOS,Safari,13-15,female,low
15,53.70508197,79.46778184,31.28780216,44.50560247,1.683003517,1.977172164,1.21269417,Android,Firefox,19-22,female,mid
19,85.51717581,74.08730699,36.06685323,50.84060213,2.641158043,1.036765403,0.950174181,Desktop,Firefox,19-22,female,mid
10,35.59495823,93.46512849,25.10194404,30.57071675,3.717593245,1.869893176,1.917257955,Android,Safari,13-15,female,high
22,70.81066777,78.53881551,30.68200003,18.18673698,3.608791934,1.129494328,0.540920325,Desktop,Safari,19-22,female,mid
17,37.42322671,75.17538158,34.71685072,25.19264923,3.873927639,1.520339751,1.943060216,Desktop,Chrome,16-18,female,mid
20,45.96511617,66.83240437,24.25592278,51.24200662,2.997534905,1.291698895,1.826557033,Desktop,Firefox,19-22,male,high
12,57.27275215,100,32.40322665,35.91636132,3.083044255,1.731506048,1.728016719,Android,Chrome,16-18,male,mid
11,73.89925409,73.26757663,40.65454733,43.15751573,3.059466722,1.317202553,2.276753205,Shared/Other,In-App,19-22,male,low
10,71.54616102,85.72643542,33.08755246,31.97018341,2.343591111,1.546472093,1.068451809,iOS,Safari,19-22,female,mid
22,55.8850235,84.12393562,29.86264831,23.17091069,3.406939722,1.684653452,1.358836752,Shared/Other,Chrome,16-18,female,low
8,48.41630361,66.91998215,28.23498263,35.31131901,1.931442181,1.830263344,0.587116942,Desktop,Firefox,16-18,female,mid
10,48.55714786,78.71971539,27.24464299,20.629196,3.179882847,1.166735777,2.382931978,Android,In-App,19-22,male,high
11,66.57408287,83.82573661,32.92931529,44.6574581,3.3662475,1.566774405,2.801407493,Android,Chrome,19-22,male,mid
8,16.49383307,91.66509387,26.53398395,30.64057419,1.880959809,1.131917747,0.829972559,Shared/Other,Safari,13-15,male,mid
9,31.51410901,70.68127503,20.66011968,24.23497546,1.857760505,1.803551292,1.894570255,iOS,Edge,13-15,male,mid
12,26.04491295,48.3395578,27.06958945,20.62667636,1.449759404,1.839070174,0.833269694,Shared/Other,Chrome,13-15,male,low
14,39.00970465,61.63506486,36.13985472,31.28461955,2.69363796,1.469136975,1.435912444,Desktop,Edge,16-18,male,low
16,60.73865811,68.5689003,29.53321601,37.46219253,3.325363618,1.716657749,1.507314111,Android,Edge,19-22,female,mid
11,62.37736948,73.38179427,36.58860724,40.40203375,2.813801627,1.893608886,2.726729081,Desktop,Edge,16-18,male,mid
10,45.20528518,87.4491994,33.01967947,37.02265383,2.985403455,1.848321672,2.710128627,Android,Edge,16-18,male,mid
16,77.91654914,62.68677938,26.9489917,45.33148061,1.234571741,1.836930964,2.676665025,Shared/Other,Safari,19-22,female,mid
21,47.47606259,85.01573243,31.57017832,28.63127207,3.701415283,1.031516627,0.805996396,Shared/Other,Firefox,16-18,male,mid
9,39.52683373,74.57154385,27.20282744,40.03122834,1.377645164,1.348350438,1.19049827,Desktop,Safari,16-18,female,mid
18,48.13155221,91.2778732,31.62145877,26.55818914,1.819487763,1.04881853,0.639925944,Android,Firefox,16-18,female,mid
10,54.91435766,52.74433974,29.39291199,36.03194885,1.233088999,1.353683238,1.136765469,Android,Firefox,16-18,female,mid
21,77.9499485,68.74631767,29.38721796,38.56032691,3.843111713,1.659053667,1.124134956,Android,In-App,19-22,female,low
11,45.19619621,65.51675979,33.32172043,25.44268454,1.959387799,1.563827373,2.228029175,Desktop,In-App,16-18,male,low
17,56.30122558,94.75156589,32.45914359,46.32368481,1.636716699,1.14040149,0.698468744,iOS,Chrome,16-18,female,low
18,36.06323541,82.92885616,23.69451391,33.68652953,1.78167536,1.34884656,1.667472978,Android,In-App,13-15,female,low
8,32.14315867,67.0353106,33.08514248,45.05454648,3.196223106,1.635789406,2.431367056,Shared/Other,Chrome,16-18,male,high
21,23.14311792,79.63571329,35.1754233,35.89510416,1.290728457,1.99792037,2.038667008,iOS,Chrome,16-18,male,low
17,67.00434299,81.5039333,31.93790356,28.66523232,1.683280923,1.564894729,2.008252969,iOS,Chrome,19-22,female,low
11,81.27548602,54.24529496,27.62146469,31.20288797,3.562008904,1.79129491,1.330242317,Shared/Other,Chrome,19-22,male,mid
8,52.99644977,80.27250553,31.20023657,16.11038014,3.589564099,1.393974064,1.277280051,Desktop,In-App,16-18,female,low
18,19.20325672,75.55106056,29.91805947,28.15585396,2.632227978,1.427443325,1.110908919,iOS,Firefox,13-15,male,mid
18,32.7905066,62.40814852,29.48040177,43.36638207,2.119590546,1.98838736,2.999397966,Android,Edge,19-22,male,high
17,37.4628176,75.38697818,25.47690375,24.81211974,1.013257927,1.270449889,2.665708507,Shared/Other,Edge,13-15,female,mid
17,58.97527257,80.59482558,27.23327293,48.15275893,3.258426374,1.291774473,0.793390102,iOS,Edge,19-22,male,mid
10,31.91100598,50.00359048,26.17314574,40.26156891,1.124071577,1.825867594,2.450281788,iOS,Chrome,16-18,male,low
15,44.28208402,62.58429494,31.135939,31.88123284,3.062983462,1.465380625,0.783641501,Desktop,Safari,16-18,female,mid
18,54.75666241,67.96936197,37.96782506,32.31471973,3.278730044,1.640403138,1.402747955,iOS,Edge,16-18,female,mid
23,66.89273617,70.57240091,26.48382227,43.13839509,1.539842744,1.949516365,2.745218071,Android,Firefox,19-22,female,mid
8,28.42227881,77.1888241,28.60913038,22.34374384,3.766770245,1.567830866,0.914753839,iOS,Chrome,13-15,male,mid
10,43.48916038,58.13557502,26.00035579,26.84342461,1.916003987,1.699706428,1.89449939,Desktop,Chrome,13-15,female,low
12,35.07666317,76.64459597,19.92011978,21.96818856,3.023669077,1.64766951,2.381580904,Desktop,Edge,13-15,female,mid
16,51.63837581,79.54948196,39.38275078,31.91624022,2.073539277,1.664430496,0.979941944,Shared/Other,Edge,16-18,female,mid
16,58.10139074,69.10246239,23.06117536,38.75212307,3.990002302,1.760116803,1.198914636,iOS,Edge,16-18,male,mid
9,75.8641829,79.61772657,29.10119321,19.65503741,3.951028223,1.453499862,0.586343743,iOS,In-App,16-18,female,mid
14,25.06865134,57.71580325,29.27972163,27.53942451,1.800740685,1.937034607,2.225573095,Desktop,Chrome,13-15,male,mid
17,50.00817898,70.7915407,31.36017352,30.91841256,2.043069565,1.307991511,1.398058658,Android,Safari,16-18,female,high
14,27.19037741,80.70088195,21.27195405,24.88754336,1.199370448,1.913504956,1.629326895,Shared/Other,Chrome,13-15,female,high
21,51.58603571,66.55167597,26.74884596,26.82344581,2.680659661,1.200860073,1.239767725,Desktop,Edge,16-18,female,mid
16,34.37181844,81.20948847,33.34951505,25.05848256,1.90533985,1.727912358,1.034984035,iOS,Safari,13-15,female,mid
18,49.05266768,85.27153227,30.83932936,17.25649708,2.302176332,1.795351421,2.675123248,Shared/Other,Chrome,13-15,female,low
15,53.99164145,83.3634572,22.5101484,31.3678341,1.185187655,1.78665451,0.659471792,Desktop,Safari,16-18,female,high
21,52.74719495,85.41817185,25.01921836,24.24163365,1.762623422,1.448005858,0.900963334,Android,Edge,16-18,female,mid
12,33.8542926,63.31625544,37.5285018,20.4393835,2.303039523,1.455011253,2.871906638,Android,Chrome,13-15,female,mid
16,63.92967335,78.89647191,26.88676789,24.27044535,1.994938072,1.730123744,0.906092375,iOS,In-App,16-18,female,mid
8,31.01060639,88.85141762,27.23210646,25.86877503,3.685372068,1.286827758,1.722274614,Shared/Other,In-App,13-15,male,mid
8,55.74201886,84.16111921,23.88392387,20.45322226,3.127931346,1.279723629,1.260440193,Android,In-App,16-18,male,mid
18,54.23833014,70.98184253,29.15792571,31.78404644,3.87047668,1.803615928,2.398622827,Android,In-App,19-22,male,low
18,52.45275661,74.04913181,34.40139284,30.92944261,1.234264177,1.497968989,1.810035552,Android,Safari,16-18,female,mid
11,56.26417412,91.42429742,26.55178778,38.25352151,1.775370499,1.424477375,2.578056454,Shared/Other,Chrome,19-22,female,low
8,37.33033498,87.36523016,37.43885819,27.23905723,3.321764319,1.466554627,1.304098938,iOS,Firefox,13-15,male,mid
21,56.44553008,81.00551339,32.91090073,36.91593276,2.329888739,1.549945992,1.321884819,Desktop,Firefox,19-22,female,low
9,39.95883888,87.68327953,32.60794382,17.8719715,3.182995413,1.752622103,0.980967541,Android,Edge,16-18,female,mid
16,40.3077812,72.87622854,22.38866972,31.8864508,1.696925221,1.585031812,2.995749571,Android,In-App,16-18,female,low
15,71.79428805,66.14812104,28.10633685,25.29932071,2.446841777,1.679354281,0.943188795,iOS,Safari,19-22,female,low
21,42.69356191,77.55467351,30.35485656,30.00495187,3.314116756,1.25440926,0.679221716,iOS,Chrome,16-18,female,low
19,26.92707251,75.43642483,28.69478527,18.50686024,3.429500224,1.894862991,1.523637637,Shared/Other,Edge,13-15,male,mid
11,59.47776324,75.39744249,33.5299552,41.96315138,3.949765319,1.655937218,0.821222342,iOS,Edge,19-22,female,mid
10,58.88958142,67.18039798,28.51066633,32.02585967,2.702571729,1.484901187,0.748003845,Desktop,Firefox,16-18,female,low
18,71.52334387,77.76966083,32.85787179,31.94698386,1.920644284,1.877355122,1.125712021,Shared/Other,Edge,19-22,female,mid
9,56.12737524,85.08202242,37.96562817,19.99882026,1.894964511,1.263214363,1.340748075,Desktop,Edge,16-18,male,mid
11,87.045954,61.37291609,26.00873622,47.21401909,2.060209503,1.930692156,0.684751955,Android,Edge,19-22,female,high
16,41.25478886,71.98441875,28.33067772,23.23182132,3.630305439,1.607522342,2.480298457,Android,Firefox,16-18,female,mid
21,30.72620547,77.02086085,34.57169192,24.66502967,1.844212467,1.818436991,2.482204984,Android,Chrome,16-18,female,low
20,46.50721295,85.24363503,34.0085588,28.00662761,3.952458601,1.378222629,1.506299572,Desktop,Chrome,13-15,female,mid
14,58.89370019,57.81795651,28.89615855,61.20222896,2.771242584,1.784620392,1.143354093,iOS,Chrome,19-22,female,mid
8,47.42314766,74.2214306,37.53559996,36.91751176,1.308568377,1.833981579,2.772720178,Shared/Other,In-App,16-18,male,mid
11,62.82392124,44.81801666,28.76117826,29.40697109,2.044217426,1.638026946,2.02006773,Desktop,Safari,19-22,female,mid
20,52.19780017,85.48743863,26.04065084,30.76176855,2.350073582,1.777656391,2.716428176,Shared/Other,Chrome,16-18,female,mid
13,36.51058908,98.92326681,25.40437405,29.64782284,1.220793538,1.711297534,1.816754177,iOS,In-App,13-15,male,low
8,24.95871484,66.54100492,26.37894318,23.13129379,3.478276834,1.390389185,1.938366806,Android,Chrome,13-15,male,mid
22,49.65592113,67.76396227,28.26589821,24.73686729,1.740188955,1.672532252,1.717364993,Android,Safari,16-18,male,low
18,70.38862249,77.56487373,23.88412268,20.52874021,1.102521082,1.290843457,1.621969898,iOS,In-App,16-18,male,high
12,40.16802475,65.49755376,22.15084825,31.6811685,1.823782814,1.437188425,0.895232372,Desktop,Edge,13-15,male,mid
18,61.1181342,82.84405431,25.25968186,28.27575629,3.005445373,1.176925614,1.427646318,Shared/Other,Safari,13-15,female,mid
20,56.59277186,88.99626176,37.10383191,58.23384726,1.201959897,1.410381265,2.746972809,iOS,Firefox,19-22,male,mid
14,71.14443123,84.40037824,32.37724883,29.31587873,3.952085244,1.085691811,2.213458223,Shared/Other,Edge,19-22,male,low
17,36.56444167,91.9319679,23.19157403,26.77053556,1.618802158,1.998833238,1.207348631,Shared/Other,Safari,16-18,female,mid
8,41.42952284,63.83938754,34.95184291,30.95865215,3.320150208,1.00860624,1.455679514,Desktop,Edge,16-18,male,mid
21,27.66881478,74.11426008,36.58123653,29.14557717,3.029591436,1.733655661,2.032631732,Desktop,Chrome,13-15,female,mid
20,34.81707787,74.89588611,29.57287769,18.09195656,2.868937766,1.192875686,2.752427086,Android,In-App,13-15,female,mid
21,43.50981162,73.04418221,23.7620337,28.66520992,3.769012065,1.828509887,1.718954488,Shared/Other,Safari,13-15,female,low
21,52.56932581,79.46962835,30.1560948,31.61293082,3.129209342,1.305142404,2.171928382,Android,In-App,16-18,female,mid
18,51.95075024,74.35126832,28.28741865,25.13017076,3.256513314,1.954604694,2.685893927,iOS,Firefox,13-15,male,mid
10,56.76046178,92.41214932,21.63861043,24.74078165,2.625406016,1.582230056,2.650288134,iOS,Edge,13-15,female,mid
20,64.29972468,92.06659899,32.160606,19.71958387,2.250236774,1.325849057,2.791442994,Desktop,Safari,16-18,male,low
10,60.73467032,74.52728378,39.48770847,30.07479452,1.060354536,1.284564178,2.753729677,Shared/Other,Safari,16-18,male,low
14,48.43873361,100,31.44634445,20.67370978,3.687099592,1.300858516,0.532736986,Desktop,Chrome,16-18,female,low
17,43.24455602,66.96780763,31.34253957,38.87294457,2.90633473,1.4536329,1.019135233,Desktop,Firefox,19-22,female,high
18,42.30695658,73.9313679,25.30472538,36.84492073,1.641496825,1.570856343,2.517056251,iOS,Firefox,16-18,female,mid
16,51.01685162,61.23353674,25.16863647,26.43017355,2.24963717,1.40957158,1.096233189,iOS,Firefox,16-18,male,mid
19,34.3373507,64.28793014,20.8929789,29.5963629,1.97984172,1.524286586,0.771689085,Shared/Other,In-App,13-15,male,mid
14,46.81043464,89.53411847,26.52053756,38.46386964,2.813865811,1.45795949,2.981864727,Android,Chrome,16-18,female,mid
22,67.45742536,72.78275744,17.54238619,35.92719944,2.892718996,1.423494168,2.906329221,iOS,Chrome,19-22,female,low
17,54.39748189,100,30.96880233,33.24898229,2.661140287,1.615771658,1.758378205,iOS,Edge,16-18,female,mid
15,30.80512798,85.28944422,28.80597161,27.03318595,1.642866485,1.189619237,2.963516014,Desktop,Edge,13-15,female,low
10,27.59002415,58.21487878,34.01862915,26.20118462,1.736856601,1.02253535,1.33057091,Shared/Other,Edge,13-15,female,low
17,45.78463025,74.96153851,27.1718685,21.17093411,2.887737413,1.660761374,2.38636422,iOS,In-App,16-18,male,mid
12,90.03161231,65.57808514,24.35587204,44.27522564,2.08159823,1.340643348,1.832902656,Shared/Other,Safari,19-22,female,mid
10,48.30644643,67.01618637,22.43107835,32.03928281,3.924801474,1.323852311,0.844649711,Android,In-App,16-18,female,low
21,40.85870159,79.7200515,23.85095524,17.00510512,2.303434486,1.666674253,2.93351573,Desktop,In-App,16-18,male,low
19,45.12942212,87.99469549,31.45229135,20.08987884,2.300330618,1.56924877,1.555452987,Android,Firefox,16-18,male,low
13,27.0823391,72.0943779,32.72564419,25.23272698,2.509209764,1.602483549,1.363477911,iOS,Edge,13-15,male,low
11,58.68821642,91.16715612,34.11775739,24.0104984,2.955958244,1.672764533,2.102657602,Android,Edge,16-18,female,mid
11,51.01402157,91.70414521,37.62840002,22.47076956,3.410297244,1.756920363,2.983108039,Shared/Other,Safari,16-18,male,mid
14,57.06684818,88.92499999,30.87997733,25.68552533,2.456323537,1.27928833,0.887742526,Shared/Other,Safari,16-18,male,mid
16,57.3124781,84.15855041,22.2688801,41.02128363,2.210548223,1.76947994,1.823826387,iOS,Edge,16-18,male,mid
7,34.69382905,72.25131512,38.22713414,14.20819014,3.672778268,1.029072247,1.148517053,iOS,Chrome,13-15,male,mid
19,50.88958277,66.82740029,27.91087633,36.47636899,3.21489126,1.900427461,2.142260555,Shared/Other,In-App,16-18,male,low
16,79.9248952,44.93788127,28.09061805,32.11991061,3.24426157,1.911883326,1.250680535,iOS,Chrome,19-22,female,mid
13,51.26740896,73.49090066,28.77021357,38.57818441,2.299560268,1.781241062,0.554142468,Shared/Other,Edge,19-22,male,high
14,38.37458167,78.83475742,26.99065963,26.39473069,2.338010812,1.406748329,2.148050661,Android,Safari,13-15,male,mid
18,52.67559732,61.72098666,29.10896646,40.52937678,2.009338689,1.715629407,1.083374624,iOS,In-App,16-18,male,mid
14,42.05863834,81.18575284,35.72067641,31.4082849,1.855035998,1.391298563,2.527875578,iOS,Safari,13-15,male,mid
15,93.4811229,70.53055273,35.84755322,22.41550526,1.519999748,1.811061073,2.773022589,iOS,Chrome,19-22,female,low
13,44.58074573,69.1899716,21.06271322,34.49750682,3.031808282,1.101295914,0.97260663,iOS,Firefox,16-18,female,high
15,64.49019127,70.93408784,26.36527218,25.49323076,3.711832479,1.411460611,2.483741895,Android,Edge,19-22,male,mid
15,53.46063998,69.89624144,33.64668998,18.35037468,1.631723137,1.802895091,1.610510214,Shared/Other,Firefox,16-18,male,low
9,55.35645469,62.8554789,30.75258238,19.23407118,1.580867284,1.727602922,2.463892903,Desktop,In-App,16-18,male,low
15,44.28648303,75.9817861,32.11773416,50.49844653,2.229542777,1.389633629,0.560564712,Android,Firefox,19-22,female,mid
19,54.12123367,70.55186999,24.24470491,26.46506432,1.525524019,1.463846088,1.349269814,Desktop,Chrome,19-22,male,mid
19,54.96084918,89.28773164,20.42057772,52.5101862,3.963783055,1.964562843,1.77259328,Desktop,Chrome,19-22,female,mid
15,80.86549309,82.041655,25.7308698,31.04045788,2.261551642,1.822754814,2.871348765,Shared/Other,Chrome,19-22,female,low
11,55.33427282,71.93266463,34.05593431,17.39651705,1.738590678,1.628472011,0.608269026,iOS,Edge,19-22,female,mid
9,52.99604201,57.85084722,33.43676524,31.057464,3.659597636,1.919206227,2.111314463,Shared/Other,Chrome,16-18,female,mid
21,70.22947324,68.43184508,36.32689025,55.48896794,3.949038492,1.092427989,1.660439413,Android,Chrome,19-22,male,mid
14,48.99396772,72.01455047,28.87979528,34.32719071,2.661738405,1.448414135,2.015131913,Shared/Other,Chrome,16-18,male,low
8,59.61016239,100,35.34332009,38.13820229,2.222879115,1.355593582,2.96331634,Shared/Other,Chrome,16-18,male,low
20,46.47840765,80.95290762,36.55360485,27.5380291,1.449704994,1.933060336,2.442166642,Desktop,Firefox,16-18,female,high
11,53.45756636,86.5286692,33.18045117,24.0146314,2.27594057,1.735633519,1.998892716,Desktop,Chrome,16-18,female,low
16,52.93395124,80.65291045,28.88377535,33.38729038,3.073457781,1.648158906,2.142495788,iOS,In-App,16-18,female,mid
10,43.70467791,60.91473004,28.8287821,37.30196749,3.017687889,1.213030869,2.669732927,Shared/Other,Safari,16-18,male,mid
10,36.4967383,70.05544406,26.15393664,25.95368215,3.758834608,1.508364576,2.63521151,Shared/Other,Safari,13-15,female,mid
22,49.14667285,73.79519804,26.25665688,31.56958588,2.801058643,1.797103323,0.628902465,Android,Chrome,16-18,male,low
19,82.25306237,67.50010622,38.35755525,46.44964825,2.107201848,1.827748759,0.726959614,Android,Chrome,19-22,male,high
23,69.17240083,79.72175931,31.32378384,38.34021723,1.342255235,1.796811821,1.892929557,iOS,Firefox,19-22,female,mid
22,63.31383417,57.51146918,34.11770808,42.14279227,1.423778246,1.940323829,1.787134281,iOS,Safari,16-18,female,high
22,33.3563213,56.54576319,26.85463375,38.03102981,2.888893932,1.280695709,2.643917291,Desktop,Firefox,16-18,female,low
19,52.59048634,71.02214557,24.55731268,45.08828754,2.267480146,1.898578683,1.199026927,Android,Edge,16-18,female,low
11,63.33979332,84.87495742,28.90592945,39.3159983,1.924823779,1.98266272,2.117623524,Shared/Other,Firefox,19-22,male,high
18,54.74656707,74.9844113,36.24826722,28.04194613,2.210344691,1.793847739,1.224169767,Desktop,Chrome,19-22,male,mid
14,26.94183989,66.68173976,31.50517497,35.13598031,3.087248264,1.533578957,2.027263478,Shared/Other,In-App,13-15,female,low
22,68.95290043,59.76111761,21.84687267,34.98615965,3.404300573,1.233966693,1.63133802,iOS,Firefox,16-18,male,low
20,58.06767805,54.15322278,27.9549105,29.80332106,3.00378376,1.774336123,2.221530956,iOS,In-App,16-18,male,mid
12,27.78446858,72.45230978,24.31930605,26.3243049,2.489109439,1.834465957,1.619544875,Shared/Other,Safari,13-15,male,high
18,36.93251425,87.44841748,42.01621619,22.15958111,2.24949948,1.539644065,2.508225597,Shared/Other,Chrome,13-15,male,mid
16,84.25651783,68.98775532,36.50391415,33.86857914,2.737446527,1.360452664,2.261242963,Desktop,Firefox,19-22,male,mid
10,60.68711493,83.33217938,26.89659359,47.70370586,3.431779503,1.273879407,1.900161701,iOS,Safari,19-22,male,low
10,41.63733515,82.11543451,28.59274678,25.65859959,3.732399342,1.285175577,0.708880239,iOS,Safari,13-15,female,high
20,45.79593608,68.8633671,31.36457537,28.47048848,3.13839412,1.547787606,1.809851167,Shared/Other,Chrome,16-18,male,low
9,64.94624986,90.94971843,31.61730736,27.48496236,2.660602311,1.071494957,0.654100346,Shared/Other,In-App,16-18,female,high
13,43.06240461,85.63458315,37.53812187,23.76298891,3.323032249,1.748820393,1.599736263,Android,Firefox,16-18,female,mid
7,27.38558685,67.79175287,23.86139199,24.27727242,1.601998261,1.424405758,1.325015078,Shared/Other,Firefox,13-15,male,mid
21,52.44036223,90.26678581,30.831421,36.93646311,2.23706739,1.843254266,0.875886,Shared/Other,Chrome,19-22,male,low
19,67.43570095,70.01958304,24.30504068,29.27423023,2.523259204,1.702637736,2.6050664,Desktop,In-App,16-18,male,mid
21,20.10095896,73.35940197,30.13076153,33.62141242,3.194478073,1.43156154,2.614500255,Shared/Other,In-App,16-18,female,mid
12,54.9422596,65.7740825,32.34328355,48.20397479,2.682200925,1.258190359,1.056921729,Shared/Other,In-App,19-22,female,mid
21,27.0708367,80.55246393,33.46337399,19.82345115,3.429153491,1.513880034,0.894431051,Shared/Other,Chrome,13-15,male,mid
11,76.69319249,80.61080356,22.08063381,41.85790736,1.765861419,1.64115496,2.772129045,iOS,Firefox,19-22,female,mid
18,17.01492591,48.86040107,25.27127596,29.67419441,3.429983405,1.162085694,1.053775172,iOS,Chrome,13-15,female,low
9,28.11673857,76.06295748,27.60599077,32.43631273,2.278058214,1.841127608,2.767996777,Shared/Other,Chrome,13-15,female,low
19,38.47460137,91.82907124,30.27925705,36.04247713,2.163969566,1.454018914,0.592797309,iOS,In-App,16-18,male,low
11,40.840639,75.16585267,34.0107426,28.99000871,3.544693324,1.045318013,1.551356951,Desktop,Edge,16-18,male,low
15,48.16387778,60.54540221,42.31365284,27.69474293,3.234863625,1.9056893,1.869271998,iOS,Chrome,16-18,female,mid
11,55.25464547,66.38151314,31.54563224,41.35376897,2.39509845,1.063129196,1.173517626,Android,Chrome,19-22,male,low
10,34.31461414,74.02359687,27.87015117,31.28247091,2.073506876,1.098629935,2.387563977,iOS,Chrome,13-15,female,high
16,45.25021332,84.02374363,36.13738037,17.2594836,3.70996434,1.269132194,1.192889376,Shared/Other,Safari,13-15,male,low
17,72.222444,78.8081158,26.49766777,34.88225474,1.341137742,1.338154181,2.209577048,Desktop,Chrome,19-22,female,mid
21,49.8923573,49.1488914,38.75488943,36.04662108,3.821380581,1.342306316,2.145568489,Android,Chrome,16-18,female,high
13,47.12645392,76.38830809,26.76105562,50.9489051,3.035446182,1.779594518,2.714247409,Android,Edge,19-22,male,mid
11,68.59012692,74.41207662,30.77840286,44.69511401,3.103020428,1.559982416,1.342624146,Desktop,In-App,19-22,female,low
20,55.54011312,79.98044016,25.04782206,16.22647656,3.414939527,1.581535929,1.865274494,Desktop,Chrome,16-18,female,high
8,46.0017011,73.51371837,31.23598009,34.01653644,2.594933729,1.455906771,1.432208173,iOS,In-App,16-18,female,mid
17,41.76934297,48.72394794,28.52950436,25.47607432,3.17866792,1.269843653,2.550137288,Android,Chrome,13-15,female,mid
11,31.85702985,77.91787923,25.3353434,20.45956218,3.934512191,1.214115891,2.049284828,Desktop,In-App,13-15,female,mid
11,45.97994682,62.25295452,25.42504563,21.90244156,3.784079994,1.273549976,1.842894182,Shared/Other,Firefox,16-18,male,low
13,68.78335138,77.96311727,28.47231016,41.8614301,1.57541679,1.770189564,0.975676317,Shared/Other,Chrome,19-22,female,mid
14,34.12307204,87.02405357,24.42328065,16.37749162,2.849678715,1.440198321,2.365068835,Shared/Other,In-App,13-15,female,low
21,47.87833604,81.95330015,33.05046956,38.18392757,2.13159076,1.084961874,2.31738579,Android,Chrome,16-18,male,mid
8,42.72551889,81.77922597,34.51836665,23.98983341,1.641834362,1.298454239,2.517505112,iOS,In-App,16-18,female,low
18,61.27223277,83.02556756,38.32376621,41.5385086,2.930742247,1.517282492,1.833605369,Desktop,Safari,19-22,female,mid
21,67.02923779,93.62274128,35.63093833,24.18646935,2.815189749,1.617303496,1.689343987,iOS,Edge,16-18,male,mid
13,49.68201388,70.10101296,24.05224699,45.67448941,2.113866438,1.116855456,1.116257524,iOS,Edge,16-18,female,mid
19,26.61322784,86.63985298,34.68954491,38.66824903,2.657852198,1.835230137,2.970517516,Shared/Other,Chrome,19-22,female,low
19,62.19287499,61.41152648,19.35299684,29.19794109,2.572462735,1.478315873,2.447834228,Shared/Other,Safari,16-18,female,mid
12,28.38684877,79.5067891,33.35039231,33.26160577,1.439763027,1.023892842,0.535185365,iOS,In-App,13-15,female,low
16,34.84047971,82.62582552,29.08547515,33.74090434,3.810782203,1.820144563,0.569196819,iOS,Firefox,13-15,male,low
7,46.55388598,81.20938572,22.86686116,21.0016984,3.203823299,1.397140558,1.500727701,Shared/Other,Firefox,13-15,female,high
11,43.21952357,74.22926338,27.61093371,18.23880825,3.689908291,1.60025155,1.433811722,Desktop,Firefox,16-18,female,high
17,49.95905162,68.42259268,26.2006842,29.07151085,2.122074837,1.85546813,1.655981529,Android,Chrome,13-15,female,high
13,44.24556927,76.19321847,38.39094774,29.32285612,3.19298988,1.909472427,2.786869683,Desktop,Safari,16-18,female,high
19,34.49834442,70.01698925,27.39339826,25.99806906,1.408742252,1.262181371,1.344721403,iOS,Chrome,13-15,male,mid
14,36.84260643,73.64640787,26.30286883,22.95074979,3.126095294,1.304556416,1.706613931,Desktop,Edge,13-15,female,high
12,41.07495674,69.64948475,28.33326666,29.47457146,1.758352941,1.024543984,1.376848527,Desktop,Chrome,16-18,male,mid
18,72.23448175,83.9479962,30.25025321,39.67574308,1.061052641,1.226410488,2.4323482,Shared/Other,Edge,19-22,male,high
18,71.43160476,69.41211727,38.53007911,44.0166753,1.580218796,1.860780161,0.733827373,iOS,Edge,19-22,female,low
10,77.16533479,53.73241887,39.89895208,35.78612956,3.212747401,1.35329435,2.874432882,Shared/Other,Safari,19-22,female,mid
15,24.9142029,83.12075324,27.8921596,18.4612012,2.318360208,1.002413831,2.329855019,iOS,Chrome,13-15,female,mid
13,62.06299022,87.07667653,31.77061109,23.30422518,2.595555771,1.461853333,1.929830203,Android,In-App,16-18,female,high
17,42.14392739,92.2249928,28.32778193,23.59079421,1.108621319,1.603233467,1.970805125,Android,Chrome,13-15,female,low
20,45.03147154,66.62210376,20.78452114,38.03417074,3.060886259,1.195349482,0.524659588,Desktop,Safari,16-18,male,mid
10,78.19951906,62.09523551,32.89280529,39.66992197,3.828461928,1.492949622,1.009305978,Android,Chrome,19-22,male,mid
14,59.05797405,76.55213544,29.21800315,33.34466259,3.828353292,1.141548876,2.168353563,Shared/Other,In-App,16-18,female,low
18,68.78579376,79.36817376,30.10010129,52.62486954,2.347965554,1.552723171,2.473234805,iOS,Chrome,19-22,female,low
19,39.50840804,63.21676917,40.04954166,27.92901272,3.991783668,1.885938842,2.655641429,iOS,In-App,13-15,male,low
15,67.65972219,73.77500884,18.72277292,48.97377098,2.600362504,1.270423673,1.306739492,Desktop,Chrome,19-22,male,mid
9,54.77580709,88.1453006,27.39908655,27.48139321,3.539740036,1.264768438,1.96321011,iOS,In-App,16-18,male,low
21,63.848481,99.45743371,25.19404464,22.79450524,3.470636939,1.150179912,2.02293652,iOS,In-App,16-18,male,low
9,25.07925176,80.49969447,28.3485082,13.92897928,2.442410166,1.913503218,0.618624751,Shared/Other,Edge,13-15,female,low
15,70.834878,91.97079177,31.45231548,35.24435941,3.893964045,1.552693509,1.888369863,Shared/Other,Chrome,19-22,female,mid
11,47.37205331,80.14260658,34.72866829,30.25721068,3.400229171,1.846238048,2.950696848,Shared/Other,Firefox,16-18,male,mid
15,50.88955223,77.77886657,34.62192849,36.092613,2.53489,1.23288836,2.474008893,Desktop,In-App,19-22,male,mid
12,43.81129472,61.62720377,27.44512965,31.3635568,2.331040956,1.94680995,0.897393154,Android,Chrome,16-18,female,high
7,29.1857793,53.87472484,27.06618759,26.75462734,2.301644543,1.174818553,1.099618137,Shared/Other,Safari,13-15,male,low
8,46.37159941,64.9524577,33.47412334,22.4818882,1.963681109,1.611040949,2.472476347,Shared/Other,Safari,16-18,male,mid
15,72.3060078,82.94441109,29.35230129,48.71798821,1.615299705,1.694036474,2.118980195,Shared/Other,Safari,19-22,male,low
16,51.86395305,97.75315439,31.01269392,15.85747398,2.985571836,1.123381032,1.28721241,Desktop,Chrome,16-18,female,mid
12,49.49207297,74.79063051,38.7811979,33.10060891,1.011419933,1.666610118,2.549350214,iOS,Chrome,16-18,female,low
21,46.16935343,82.53746887,34.80165232,50.60442956,2.316967,1.381173933,2.703386668,Android,Firefox,19-22,female,low
8,46.81537227,73.9631903,31.97270288,36.45815377,3.126150892,1.598382972,0.607437929,Desktop,Firefox,16-18,male,high
20,40.96447803,97.92259498,31.36519853,32.03996332,3.184880464,1.820801856,2.683005548,iOS,Safari,16-18,female,low
12,75.56629038,76.95866951,32.64056024,42.9616756,3.224599926,1.222257121,1.362490036,Desktop,Edge,19-22,female,mid
16,56.29602222,80.52493858,32.18525599,25.71574484,2.592829719,1.172951083,1.119845064,Desktop,Chrome,16-18,female,mid
18,33.05225936,100,39.28221158,26.30223262,2.576934591,1.111616814,2.925784147,Shared/Other,Firefox,16-18,female,low
8,55.02885922,62.65967748,30.94651929,41.28978061,3.868360718,1.708677344,1.435734402,Android,Safari,16-18,female,mid
13,40.30649481,86.52686006,39.3259103,23.61040368,2.864040209,1.007734132,0.892467707,Shared/Other,In-App,13-15,male,mid
21,32.25529729,86.65507892,34.12906322,22.52755358,2.824557878,1.797637187,2.857463048,Android,Safari,13-15,male,low
8,33.93315866,80.20325626,30.29058806,26.26880307,3.35211775,1.865959689,1.309604197,Shared/Other,Firefox,13-15,female,mid
16,40.00843192,65.97467645,37.82913951,29.91914792,2.408390207,1.134292901,2.128186415,Desktop,Chrome,16-18,female,mid
13,37.35955121,71.19608234,33.96217681,45.91210818,1.025641587,1.656676905,2.648379516,iOS,Edge,19-22,female,mid
22,48.18689379,75.16660899,24.16278307,31.13677241,3.714264047,1.605819341,1.030893969,Shared/Other,Safari,16-18,female,mid
16,60.1307694,96.69216685,28.02743279,21.52896519,1.769788731,1.943767395,2.117115246,Shared/Other,Edge,13-15,female,mid
11,44.84228557,86.58952148,22.17561483,18.76309366,1.237232885,1.159434578,2.941131725,Desktop,Edge,13-15,male,high
15,49.9230769,86.79974692,30.30266989,37.31068774,2.037192231,1.477481496,0.770815227,Shared/Other,Chrome,16-18,male,low
8,60.9430799,72.94088987,28.88519771,28.8483648,2.98964017,1.729171183,2.139333742,Desktop,Firefox,16-18,male,mid
13,66.63158195,74.54756039,21.58282829,35.86389094,1.149344668,1.531670258,0.748657995,iOS,Chrome,16-18,female,low
17,34.63497858,81.39936514,30.28243122,35.1832681,2.167540033,1.003322889,0.549364099,Desktop,Safari,16-18,male,low
22,74.05317056,79.97875199,24.77213526,31.42661621,3.370579592,1.93360452,2.679493729,Shared/Other,Edge,19-22,female,mid
20,42.89811564,96.42209147,28.32842485,24.42748937,1.788584816,1.232347882,1.099799132,Shared/Other,Chrome,19-22,male,mid
15,48.74255081,73.26310429,22.8637016,45.24756704,1.474819099,1.98882384,2.432531238,iOS,Chrome,19-22,female,mid
20,40.05645119,88.06558313,21.96236512,24.01499684,2.186363351,1.235131978,1.574807982,Android,In-App,16-18,male,mid
13,63.30345518,77.76949801,31.113759,45.67086977,3.16847078,1.483450361,2.895238209,Desktop,Safari,19-22,male,mid
20,54.40139166,91.5929644,31.84519991,26.26934679,1.987725507,1.636284947,2.942320453,Shared/Other,Chrome,16-18,male,high
14,75.1246324,90.03883345,25.1226226,26.46697501,1.552065983,1.551667201,1.024696195,Desktop,In-App,19-22,female,low
9,55.73419733,83.81041819,29.95572796,31.06071084,1.498886952,1.024163261,1.457795305,Shared/Other,In-App,16-18,female,low
18,33.04258785,77.11513287,27.86575299,18.35299433,1.003522933,1.74081761,0.980829305,Desktop,Edge,13-15,female,low
13,35.25242217,82.45933669,34.22040815,35.10714937,3.112829597,1.689900956,1.788489993,Android,Edge,13-15,male,mid
11,51.51719056,65.58879013,32.40052444,22.20232922,1.262031029,1.820150275,1.933315568,Desktop,Edge,16-18,female,high
18,77.15768937,84.72994726,30.87976521,31.77078954,2.893281239,1.935148727,1.560083841,Android,Chrome,16-18,female,low
12,58.16542722,63.93628978,30.23174811,24.40743611,2.737897038,1.961284894,2.373494445,Android,Chrome,19-22,female,mid
16,47.28247577,76.27527924,27.74856198,36.19171245,3.353758236,1.790399082,1.711173691,iOS,Safari,16-18,male,mid
15,33.31078286,65.75815011,24.97819731,23.85693494,3.46739291,1.427713491,1.425560484,Android,Chrome,13-15,male,low
15,46.35854638,75.13140757,29.0673215,31.81631162,2.771203679,1.874791338,1.026843175,iOS,In-App,16-18,female,mid
20,82.09189584,75.79850343,27.98623432,30.71064926,1.271009585,1.324524007,1.874454782,Desktop,Chrome,19-22,male,mid
15,22.96156063,64.85989754,23.53320668,20.86748409,1.903656651,1.284227048,2.233554181,Shared/Other,Safari,13-15,male,low
13,40.15684146,77.95660896,20.82015967,21.11178069,1.688083019,1.518887947,2.280205905,Desktop,In-App,13-15,male,mid
15,27.13887883,66.85231911,30.89197297,19.84849377,1.523371488,1.915214226,1.646777546,Shared/Other,Firefox,13-15,male,low
22,54.4310718,83.47546989,26.61429489,44.22754206,1.149398329,1.548063377,1.393372848,Shared/Other,Edge,19-22,female,low
8,40.90497798,71.80000174,30.99901611,41.11777037,2.560537227,1.689579894,0.681805621,Android,In-App,16-18,female,mid
11,45.33583658,88.92311073,31.16739164,13.51463466,3.806871509,1.571058039,0.772967422,Shared/Other,Chrome,13-15,male,low
19,79.47220432,75.26685397,39.10867121,39.55136502,3.818898689,1.575199805,1.77874108,Shared/Other,Safari,19-22,female,low
19,33.88310813,77.89143801,29.79725823,35.4447787,1.152827766,1.767968414,0.560038256,iOS,Firefox,16-18,female,mid
20,55.52946681,67.09903551,28.32590046,38.50391184,1.04055716,1.001396209,1.064762349,Android,Chrome,19-22,male,high
12,47.35501329,76.05467743,34.05557503,27.15413706,3.102283904,1.387078763,0.805728694,Android,Edge,16-18,female,low
12,51.55984099,77.17556747,31.89725113,59.42418505,2.526320623,1.417501408,1.107319276,Desktop,Edge,19-22,male,mid
11,46.60631231,61.87141392,29.06107796,28.23143915,3.946082236,1.791354155,1.946282653,iOS,Chrome,13-15,male,mid
8,45.74012491,67.91200374,39.55994119,30.9202464,2.622028712,1.282726197,1.617119791,iOS,Safari,13-15,female,high
20,57.41460276,71.71478682,37.74174308,26.10658335,2.673224152,1.701706584,1.472438937,Android,Chrome,19-22,female,mid
12,21.84495624,66.16870041,30.07949648,28.08604166,2.717015105,1.155380958,2.540638285,Desktop,In-App,13-15,female,mid
10,48.26796139,75.90371557,30.64370288,33.44816162,1.270912772,1.220731071,2.782838028,iOS,In-App,16-18,male,mid
10,54.68858336,67.44994888,17.25757553,25.66895508,1.298602787,1.790906865,1.442659472,Android,Edge,13-15,female,mid
22,52.97387155,79.54686892,31.92618309,22.20601543,3.4561162,1.896626335,0.855893444,Desktop,Firefox,16-18,female,mid
16,34.1443804,82.62356351,25.58279044,28.13227305,2.555115922,1.047894352,2.594912615,Shared/Other,Edge,13-15,male,low
22,52.00603185,82.82572895,29.87286251,27.31325614,1.730809252,1.652884649,2.925720626,iOS,In-App,16-18,male,high
16,37.3954563,93.16855658,38.0468382,42.00238081,3.534912629,1.524319636,1.054454884,Android,Chrome,16-18,male,high
18,54.73784953,72.01495494,30.13482943,28.19237273,3.784678272,1.524262106,0.591914981,iOS,Edge,19-22,male,high
22,85.46928284,78.71849295,31.45675552,42.91891779,2.901841131,1.721576372,1.159623844,Android,Edge,19-22,male,mid
22,46.72554802,70.6882084,30.20955167,43.35867752,1.592180778,1.281026505,1.681525178,Shared/Other,In-App,19-22,female,mid
14,86.93042119,87.46904534,25.59084531,43.91219021,1.733058678,1.392286262,1.484686654,iOS,Edge,19-22,female,high
16,89.12102855,66.06438057,25.09155458,40.56038822,1.187720198,1.540006585,0.545013019,Desktop,Chrome,19-22,female,high
18,60.27008922,84.78252418,41.18612537,42.94670633,2.304865397,1.7520088,2.11606282,Android,Chrome,19-22,female,mid
10,63.54682201,86.48549887,36.25269665,35.10290487,1.204387254,1.315184433,1.207530579,Android,Safari,19-22,female,low
19,46.77775014,85.93998057,28.22371083,28.25054611,1.112545741,1.639181219,1.508160458,Android,Firefox,16-18,female,high
9,45.53059842,92.91515732,35.75912356,24.29859333,3.594375275,1.062392457,2.882394293,Android,Edge,16-18,male,high
20,21.65489702,69.93561956,46.11464221,31.98946586,3.802190731,1.008844027,1.889743017,iOS,Firefox,13-15,male,mid
21,36.2705147,85.94286251,40.67528501,17.65982377,2.435154782,1.473604844,1.332330284,Android,In-App,13-15,female,mid
18,62.88723829,79.79798281,33.6997569,20.97045395,1.785676037,1.013826001,0.692049961,Android,Edge,16-18,male,mid
15,68.20036832,74.34612766,31.77328081,31.35573173,1.549522593,1.720295444,2.705480201,Android,Edge,16-18,female,low
12,47.7532202,69.7720783,22.53889135,24.90204606,1.759092856,1.082015384,1.312570246,Android,In-App,16-18,female,low
9,62.39159366,66.72433013,34.17218136,22.51189989,3.498747606,1.096607465,1.592802152,Android,Safari,16-18,male,high
21,34.96363904,71.70496649,33.5662734,22.95524656,2.245654217,1.984988702,0.541345252,iOS,Firefox,16-18,female,low
16,78.40497417,75.01765111,34.63359179,25.29722649,3.260134538,1.796813834,2.865961464,iOS,Safari,19-22,female,low
8,33.6433922,77.86364406,23.43615241,16.20077119,1.280407835,1.735767797,2.414257332,Android,Safari,13-15,male,low
10,56.43560813,58.39597181,26.52021487,27.90188451,1.773753455,1.652381688,0.909858374,Android,Safari,16-18,female,low
9,58.57676761,75.60436445,30.43588783,32.98449802,1.20537271,1.344078351,2.988845328,Desktop,Firefox,16-18,male,low
23,72.97912553,82.66950466,27.87340558,27.7742263,3.832139798,1.687618952,0.865196999,Desktop,Edge,19-22,female,mid
9,60.575104,70.28441005,30.68040674,18.87368518,2.911754352,1.097204995,2.285046952,Android,Safari,16-18,male,high
13,49.84552961,74.0178292,25.86822381,33.65391828,2.459484146,1.653512099,2.196220331,Android,Firefox,16-18,male,low
13,68.11822093,75.77476656,33.77829589,47.91321954,1.832994752,1.677590833,1.692995689,Shared/Other,Edge,19-22,male,low
14,61.10318956,88.74493654,30.63787764,54.24660074,1.757035622,1.84148954,1.892562852,Shared/Other,Safari,19-22,female,low
23,60.5777686,73.16458167,28.52493727,32.32229454,1.833475258,1.058701493,0.775786842,Desktop,Chrome,19-22,female,mid
19,55.73091745,77.16934314,33.53085254,36.78196194,1.076546913,1.381492072,2.24761994,Shared/Other,Firefox,19-22,female,high
18,48.24270704,62.01759415,29.08282986,35.79215759,3.560041715,1.522492832,1.915596727,iOS,Safari,16-18,male,mid
8,52.05402509,67.77008272,28.61877982,23.38398538,3.940992345,1.212228738,1.372824822,iOS,Firefox,16-18,male,mid
8,52.53039804,72.33159161,29.96433301,16.36543483,1.339988539,1.874765099,1.481063567,Desktop,Safari,16-18,female,mid
19,62.47795133,66.56343572,33.64462611,17.72562035,1.760223458,1.516295096,2.480534263,Android,Edge,16-18,male,mid
17,30.10315771,66.62421064,38.2845089,29.47580153,3.978389552,1.573621342,2.173997532,Desktop,In-App,13-15,male,mid
22,54.53785546,60.57698763,25.57728752,48.5280008,1.237686826,1.77096706,1.551137161,iOS,Firefox,19-22,female,low
11,64.95055058,78.81478639,24.29837738,58.07269966,1.294053498,1.293878891,1.993175655,Android,Safari,19-22,male,low
21,77.48222869,69.62709304,32.02007945,39.77509331,1.569015139,1.916940197,0.524322889,Android,In-App,19-22,male,high
20,72.8512473,53.58446856,33.87008255,35.28098741,1.120750843,1.821075364,2.0855411,iOS,Chrome,19-22,male,mid
15,30.50014236,72.69525868,37.26649094,32.06007995,3.219827841,1.548530542,1.536649217,Shared/Other,Chrome,13-15,female,mid
15,37.30283251,84.56312195,29.24387435,29.62940122,1.075439255,1.956597477,0.947807565,Shared/Other,Safari,13-15,male,mid
14,62.02593757,84.56659432,32.7304876,58.69050459,2.042176053,1.522465749,0.604476492,iOS,In-App,19-22,male,mid
21,54.23591908,72.29805663,32.38607074,29.48658984,1.669190383,1.056634398,0.701170695,Desktop,Edge,16-18,male,high
11,44.21687403,62.04029739,26.29156861,26.50553321,3.085007892,1.965239778,2.673438604,Shared/Other,In-App,16-18,male,mid
15,61.81064011,89.54003682,29.9098015,25.18590315,3.914988358,1.709291226,2.891799962,Shared/Other,Edge,16-18,female,mid
13,38.12395431,71.48653626,30.49774011,34.9053725,3.822240336,1.279622124,1.181331413,Shared/Other,In-App,16-18,male,mid
17,39.47095109,70.56515846,34.05172951,24.81354196,3.061140692,1.253695031,2.916174088,Desktop,Edge,13-15,female,mid
22,49.80250793,81.62333328,23.54984107,24.66219529,1.454256868,1.08192323,2.927136467,Desktop,Edge,16-18,male,high
16,58.79193657,76.06009851,31.18041571,40.85012975,2.126657816,1.38961235,0.726210204,Shared/Other,In-App,19-22,male,mid
20,61.6728464,89.37701307,30.41107392,34.29958956,1.805814946,1.439044026,0.931973011,iOS,Firefox,16-18,female,high
16,72.99529527,73.21481584,34.56781975,47.33615612,1.514371927,1.029686605,0.879587902,Android,In-App,19-22,male,mid
19,60.56497848,89.71642703,34.95878259,39.79523601,2.594877791,1.769645669,2.457751211,Shared/Other,Safari,19-22,male,mid
17,42.97104309,69.58757193,35.47907835,29.05459907,1.581846365,1.34183096,0.519312938,Android,Firefox,13-15,female,high
13,52.71956315,75.76675266,25.02927776,28.95654779,2.35377532,1.776443492,1.756595677,Desktop,Edge,13-15,female,mid
12,81.18501265,83.74354766,28.30185533,29.39888573,3.91254107,1.288520009,0.966573778,Desktop,Safari,19-22,female,mid
12,75.39040319,62.46359033,35.06520392,29.04002963,2.951146749,1.832976057,2.533756278,Desktop,Firefox,16-18,female,mid
11,39.6399756,87.59026191,29.1020831,30.11982702,3.738258424,1.205295429,1.640537025,Desktop,In-App,13-15,female,low
14,54.91356167,64.85470871,24.39464834,36.92519688,3.902195612,1.805152551,1.560356092,Shared/Other,Edge,16-18,female,high
11,30.02471141,77.16819293,28.3551673,31.02928862,2.729564449,1.019458158,1.014535517,Android,In-App,16-18,female,high
19,67.98909037,89.05530047,25.47379853,33.44041406,3.058295768,1.955079241,2.074946049,Android,Safari,19-22,female,mid
21,32.95788744,74.16509848,29.36773467,23.69296489,3.762254341,1.677654739,1.105601707,Android,Edge,13-15,male,high
15,27.66628718,63.61963059,23.9583038,20.53229907,1.381846756,1.986300177,2.952473092,Shared/Other,Safari,13-15,male,mid
14,31.94048514,53.26881171,26.34860233,22.02045116,2.655235365,1.183359681,1.931089736,Shared/Other,Edge,13-15,female,high
19,79.98964113,77.51870824,26.78307962,43.19533233,3.020764453,1.804389087,2.073911886,Android,In-App,19-22,male,mid
8,34.24558542,68.95515524,25.36795357,33.20348216,2.461589805,1.497249842,0.561833408,Desktop,In-App,13-15,male,mid
22,51.73880484,67.60103083,27.49218657,27.64102616,1.142387593,1.177014782,1.211270715,Android,Chrome,16-18,female,low
12,47.80779479,68.26142986,35.03498228,36.07397636,1.54357902,1.704514528,2.739695079,iOS,Firefox,13-15,female,high
10,52.09074752,79.05291075,28.90890503,35.83494691,2.099936798,1.009147371,1.980407532,iOS,Safari,16-18,male,mid
15,84.79410369,77.85127296,31.11754337,44.76400339,1.133709427,1.999075955,1.25161079,Android,Firefox,19-22,male,mid
21,45.22206855,68.29440661,33.90710767,27.79290186,3.151439102,1.117660881,2.26058792,iOS,Safari,16-18,male,mid
8,34.33246511,96.65014738,17.48727138,18.1073475,3.191933163,1.945992195,1.759368041,Desktop,Chrome,13-15,female,low
21,67.69956338,74.24152363,20.71471905,30.00235055,1.900693942,1.084059238,2.421458962,Android,Edge,19-22,female,mid
20,29.53310319,71.84668118,27.454635,25.47803461,3.435346028,1.055667789,1.209559087,Desktop,In-App,13-15,male,low
17,41.69934007,70.32502315,23.84587397,27.04128853,2.412369624,1.036671483,2.706414171,iOS,Edge,13-15,female,mid
14,51.1020738,80.77109013,30.30225049,30.19878256,3.385731935,1.080864704,2.260717488,Shared/Other,Chrome,16-18,male,low
15,59.50498143,80.73867241,30.57629128,34.14913753,1.40338993,1.719709499,0.592882878,Shared/Other,Firefox,16-18,male,mid
10,46.53112527,65.40577294,30.32010934,20.51272243,1.020695786,1.322424127,1.084669125,Android,Firefox,16-18,female,mid
21,49.67045276,59.8404102,33.75365038,22.41853206,2.437023588,1.816437849,0.58049494,iOS,In-App,16-18,female,mid
10,63.46408497,72.11760844,32.69173638,35.75822448,2.641296789,1.187160997,0.727140824,iOS,Edge,19-22,male,mid
9,45.47621533,76.7050758,31.38661189,19.16050672,2.77031959,1.230856516,1.186803446,iOS,Edge,16-18,male,mid
16,92.84733539,85.63368073,26.17211614,29.39520753,2.792851628,1.456039379,1.632428968,iOS,Firefox,19-22,female,low
9,70.31217288,83.06911505,25.0419705,27.38188133,3.52474229,1.470139209,2.284973189,iOS,Chrome,16-18,female,mid
17,55.68426888,81.49746001,24.94127479,35.2685372,3.738993593,1.57634207,2.758432169,Desktop,Firefox,19-22,male,low
21,32.06208494,77.52750555,26.42005667,22.95149487,1.6094059,1.651024502,1.568827797,Shared/Other,Firefox,13-15,male,mid
11,54.56390934,67.15723218,30.03687596,27.04091879,3.370875181,1.870766028,0.905992875,Android,Edge,16-18,male,high
8,37.53719968,75.24172488,27.84634115,26.80905519,1.231096293,1.326840937,2.938679931,Android,Chrome,13-15,female,mid
11,70.11819506,70.5860539,25.99820115,57.16729914,2.336211146,1.261085427,2.78968212,Android,In-App,19-22,male,mid
11,39.94430343,86.68268626,26.00541058,22.06951161,3.779952915,1.128383623,2.86770262,Shared/Other,In-App,13-15,male,high
12,49.15751115,62.50692729,34.49452991,26.05554649,2.004983598,1.23580218,2.95078408,Android,Safari,16-18,female,mid
19,61.01171906,67.10173164,29.49904802,42.12366964,3.840229614,1.072029905,1.976688276,Android,In-App,19-22,female,low
19,59.72414916,78.97731529,24.92524116,32.24951549,3.501967041,1.187515085,1.307617616,Desktop,Chrome,19-22,female,mid
17,42.67660662,92.31278077,35.44623892,13.54311537,2.676060201,1.61307203,2.718757881,Shared/Other,Firefox,13-15,female,low
21,42.92505179,72.74038273,30.76392686,37.75023484,1.908042248,1.025782259,2.364899384,iOS,In-App,16-18,female,mid
11,83.80614489,72.9280651,32.38214264,33.32989754,2.506825255,1.582606497,2.026199393,Android,Edge,16-18,male,mid
12,45.028263,86.79068426,38.5692908,44.46959758,3.121821644,1.018443356,2.590485543,Shared/Other,Safari,16-18,female,mid
8,43.81136708,61.61621551,22.49589154,36.92669292,1.55888559,1.511168728,2.413926609,Shared/Other,Chrome,16-18,female,mid
12,39.16688188,82.05675007,33.69585211,26.75710384,2.151116544,1.078369454,1.158800671,Shared/Other,In-App,13-15,female,low
21,31.9336554,86.81092653,32.91934663,33.86894309,2.32085582,1.23280568,2.789472874,Android,Edge,13-15,female,high
13,50.27589383,64.70839105,28.18258855,16.69521894,2.102351333,1.074973341,1.227297299,iOS,Safari,16-18,female,mid
19,80.28259217,81.71258798,40.33192033,34.65702101,3.337480421,1.041991432,0.70122041,Desktop,Safari,19-22,female,mid
13,26.93506944,72.04588064,23.10355386,29.88807657,3.703923256,1.990278771,2.378315762,iOS,Firefox,13-15,female,mid
15,74.46058035,65.42425912,33.10865663,39.83666249,2.713220623,1.560512924,2.914412397,Shared/Other,Chrome,19-22,female,high
12,26.10569221,63.84761367,18.8394906,30.51644476,1.8888086,1.127275518,1.50356166,Shared/Other,Chrome,13-15,female,low
14,67.84182633,74.96504608,37.02748625,43.80476247,2.420091443,1.104532831,1.744312652,iOS,Edge,19-22,female,high
15,38.29056813,75.27329265,31.09762332,27.6452702,1.811799935,1.317534189,2.875677942,Shared/Other,Edge,13-15,female,high
17,25.86496947,90.18112236,32.68410814,23.94177223,3.163908861,1.802964635,1.072124356,iOS,Edge,13-15,female,low
19,30.54578498,81.87665668,25.52069808,32.40580042,3.812009773,1.393602102,1.306153509,iOS,In-App,16-18,male,mid
11,65.10175697,52.81822118,38.06305185,38.01034136,2.432603084,1.741486568,0.585891087,Android,Safari,16-18,male,mid
18,50.83282903,73.65366835,31.23858123,25.50751324,1.355538913,1.53434955,0.611076062,Desktop,Edge,16-18,female,mid
10,22.25767538,65.8906627,29.43555525,24.48992476,2.077547708,1.154428766,2.80194734,Android,Chrome,13-15,female,mid
12,81.44514893,87.77280136,35.21845892,42.5402996,2.577966866,1.559031997,0.664733597,Shared/Other,In-App,19-22,male,mid
23,76.15039832,75.51814638,32.22565856,51.41843241,1.377710308,1.71309525,1.691969779,Desktop,Edge,19-22,female,high
15,54.48656711,77.13169693,27.86912437,33.64842723,2.993563677,1.992908379,2.286685552,Shared/Other,In-App,16-18,female,mid
15,44.36902542,75.31196506,32.34659698,35.04966911,2.815781037,1.581539765,1.664930988,Shared/Other,Firefox,19-22,female,mid
14,37.9793175,64.74482123,40.21230437,31.94876321,2.973258973,1.857914531,2.394967135,Android,Edge,13-15,male,mid
9,52.65026421,85.35186157,30.17580894,21.40535713,1.225005783,1.288520011,0.760317844,iOS,Chrome,16-18,female,high
10,33.57973551,49.48170891,31.98432318,23.84088414,1.335664771,1.04172046,2.02792784,iOS,Edge,13-15,female,low
16,40.8008214,77.52843772,27.55584773,25.64618881,3.245895431,1.422871195,1.215118992,Android,Chrome,13-15,male,mid
8,55.32547662,63.53878902,37.52632006,33.05959284,2.79395982,1.88035945,1.263700157,Android,In-App,16-18,male,low
14,65.22869748,67.04593214,30.75349352,35.16036537,3.897989279,1.617793204,2.128802452,Desktop,In-App,16-18,male,high
10,32.86319254,79.6740619,30.7655325,16.14865435,1.427341608,1.330330528,1.883317997,iOS,Safari,13-15,male,low
15,50.75439752,89.02770666,28.46321886,30.24228975,1.210108661,1.167979495,1.239527032,Shared/Other,Chrome,19-22,female,mid
18,47.02728347,82.20762245,18.82730194,30.92555581,3.291458863,1.243905091,0.75168502,iOS,Chrome,16-18,female,low
11,50.7642685,89.98997636,30.06149595,33.68393152,2.875365766,1.616846981,2.471896311,Android,Firefox,19-22,female,mid
16,58.58468181,75.58760443,34.69363828,21.71779039,1.498693075,1.655773377,1.317501306,Shared/Other,Firefox,16-18,male,high
7,43.51969292,81.53013338,21.96737893,21.21892871,3.899030618,1.994929485,2.086019243,iOS,Firefox,13-15,female,mid
19,29.8912418,98.79773839,34.60039597,43.44645004,3.67923406,1.876421562,2.543463003,Android,In-App,16-18,female,high
10,24.91611205,88.03374269,29.23961373,27.08762109,1.461509023,1.54818646,2.441478521,iOS,In-App,13-15,male,high
18,68.05400427,88.13132891,35.42246372,48.14937283,2.529186092,1.824910181,2.583519462,Shared/Other,Firefox,19-22,female,mid
21,62.14535262,69.90337436,29.82010006,46.0400841,1.578164567,1.693244992,0.779501508,iOS,Edge,19-22,female,mid
11,34.89268551,64.48929979,28.50576163,28.99118213,3.120387052,1.606631999,2.567670619,Desktop,Safari,13-15,female,mid
16,60.2705161,68.20359346,23.84895098,39.71821222,1.433770614,1.126015734,2.562668388,Shared/Other,Chrome,19-22,female,high
19,57.3687844,97.15660348,24.10470222,28.97779656,3.95717576,1.089608131,0.78490118,Desktop,Firefox,19-22,male,low
11,39.60592733,87.78940939,31.91512614,25.27742716,2.04190831,1.391914244,2.843220362,iOS,Safari,16-18,female,mid
17,45.4441643,92.67130781,21.07891634,34.47866951,2.266953221,1.24233882,0.972134422,iOS,In-App,16-18,male,low
9,56.72408713,72.78837205,29.63940673,42.96466953,2.08709315,1.817224287,1.350368166,iOS,In-App,16-18,female,low
14,66.31140849,82.39155072,25.58526019,19.142176,2.04141439,1.48564216,0.760171955,Desktop,Safari,19-22,female,mid
20,66.70879404,94.07099084,30.29185261,28.65954844,3.524844409,1.526863778,2.870439038,Android,Firefox,16-18,male,mid
15,65.36767329,75.07220685,33.83362972,23.8421806,1.219591017,1.997202091,1.710260101,Shared/Other,Firefox,16-18,female,low
22,75.9113679,70.34991658,32.60914726,31.88763142,2.466565671,1.113316592,0.769361347,iOS,Edge,19-22,male,low
20,63.54138457,83.73163708,33.97798183,36.71958274,1.534555594,1.495156153,0.568853197,iOS,Firefox,19-22,female,mid
23,31.635412,78.98155501,29.63195184,47.78212482,2.225842222,1.213734655,1.823182079,Desktop,Firefox,19-22,female,high
13,29.26462033,59.09179632,25.29033855,24.50902153,3.652741042,1.511510196,2.884117766,iOS,Edge,13-15,female,mid
10,47.84257318,75.78437392,25.88368092,23.12973027,3.094207058,1.910953188,2.154941682,Desktop,In-App,16-18,male,low
8,50.76886722,82.16896873,23.37295212,44.73118344,2.991533871,1.090512472,1.567835614,Desktop,Edge,16-18,female,high
16,41.81870066,66.70698278,27.4142942,21.95753116,1.783901008,1.169986095,2.394693854,Desktop,In-App,13-15,female,mid
16,42.00520201,70.32773919,30.12135637,9.990487006,1.211070088,1.839271811,1.216970895,Shared/Other,Chrome,16-18,male,high
19,57.97628485,74.1877735,33.45047526,35.50982396,1.627718206,1.470574595,0.749832975,Android,Edge,19-22,female,mid
16,32.39522711,82.46138011,32.35217486,25.06913877,3.152811326,1.525304079,2.96144292,Desktop,Chrome,13-15,male,mid
21,64.11826577,71.51126511,37.54151396,21.60146277,2.278519469,1.868230414,0.864172258,Shared/Other,Safari,16-18,female,low
22,60.96158063,70.29236641,28.13641404,20.91570599,3.878433639,1.240791481,1.654842387,Android,Firefox,16-18,female,low
9,27.45079311,79.94383934,30.54160685,32.14966424,3.095876282,1.591390761,1.036412252,Desktop,Safari,13-15,female,mid
20,44.32378576,66.63549473,33.94476577,21.57800783,2.085154242,1.335380105,2.423791688,Desktop,Chrome,13-15,male,mid
7,31.35913813,92.20648914,26.61256613,27.61170288,3.71334153,1.246056832,0.861805488,Shared/Other,Edge,13-15,female,high
17,58.40450966,72.54596029,29.6477236,46.68639679,1.767505711,1.423400545,2.292283924,Desktop,Safari,19-22,male,mid
16,69.58926884,69.01263845,20.10898241,46.12173016,3.89850058,1.668601854,1.799730492,Desktop,Edge,19-22,female,mid
8,53.87478118,86.42512514,34.69530173,26.12836272,2.986586072,1.818232125,1.779042675,Android,Firefox,16-18,male,high
16,48.17447837,69.37464501,24.36422934,32.05453514,3.123763256,1.191621083,1.976766334,Shared/Other,Safari,16-18,female,mid
20,27.80096919,81.75409483,27.08250419,22.18351938,1.159494479,1.034566362,0.56863137,iOS,Chrome,13-15,female,mid
7,56.47541426,79.82211871,35.51537121,28.90812864,3.433940897,1.780822609,2.650640576,Android,Safari,13-15,female,high
13,51.72119572,64.71489646,27.60555194,26.49750255,1.407399807,1.414892774,2.064153493,Desktop,In-App,13-15,female,high
17,41.9034995,85.12068704,25.03805092,37.7959984,3.648307917,1.591240299,1.471694143,Shared/Other,Firefox,16-18,male,mid
20,72.29495295,71.42964484,31.34802874,31.90461061,2.687748093,1.466790772,2.595498624,Desktop,Chrome,19-22,male,mid
22,52.30070603,65.77548594,30.90448528,34.12827279,1.494119581,1.982608639,2.424475428,iOS,Chrome,19-22,female,mid
21,49.93522307,74.25478205,27.3138645,40.39049278,2.533558318,1.439951788,2.143128095,Desktop,Chrome,16-18,female,low
20,36.72600973,83.74880281,29.53356037,24.19261833,2.155374567,1.788176468,1.544864644,Shared/Other,In-App,19-22,female,mid
17,51.89010445,78.00973667,25.58161148,32.30665496,2.177794207,1.074276927,1.815914888,Shared/Other,Firefox,16-18,female,high
12,61.75799249,78.83270597,24.97959274,44.19144135,1.972754172,1.859014481,1.358944075,iOS,Edge,19-22,female,high
16,49.85222502,76.1746708,33.71121772,40.55624661,2.578683244,1.847083564,1.779725083,Shared/Other,In-App,16-18,male,low
20,80.73888707,64.36311754,24.18538363,42.92255957,3.197637406,1.677332535,1.61239358,Android,Firefox,19-22,male,mid
20,57.38778977,75.10710028,28.91404725,33.32261479,1.460535786,1.562570522,2.346546546,iOS,In-App,16-18,female,mid
12,52.80085992,64.01878659,33.44336878,29.0338012,1.811538641,1.509000547,2.095250121,Desktop,Edge,16-18,male,low
18,35.29580534,69.62539872,30.58841883,16.57191281,3.106796107,1.53810688,2.28011827,Shared/Other,In-App,13-15,male,mid
19,53.34020286,71.13909537,35.04415977,42.04307604,1.875358328,1.565310146,1.180734447,Desktop,Safari,16-18,female,mid
15,65.14368228,68.0570457,23.32894102,29.21982176,1.536745866,1.355075713,2.653203875,Android,Firefox,19-22,male,mid
20,44.18936879,64.33140564,38.37118768,18.0590149,3.195469821,1.40591794,1.45809656,iOS,In-App,13-15,female,mid
11,37.41217308,80.48195672,32.93976889,39.21012086,3.067604896,1.384783738,2.078090674,Desktop,Firefox,16-18,female,mid
10,39.26853635,52.18836163,26.34533846,25.34603682,1.876075947,1.919507862,2.352037605,Desktop,Safari,13-15,male,low
13,29.91782124,93.49926828,31.85526264,17.7306354,2.747620187,1.710442027,0.843153037,Android,In-App,13-15,male,mid
23,74.51091722,75.03765193,32.96821531,47.04793015,1.397200263,1.291267172,2.066978711,Desktop,Edge,19-22,female,mid
16,72.11556101,83.83345364,31.98271408,39.98654745,3.584669971,1.028171349,1.208252193,iOS,Edge,19-22,female,mid
16,68.27839174,90.27432029,30.41437935,52.40310556,2.003444191,1.980336344,2.337075158,Shared/Other,Chrome,19-22,male,mid
20,58.32583105,59.85590771,25.03585815,42.11481079,2.5095065,1.584467511,1.051205313,iOS,Firefox,16-18,female,mid
11,71.34060187,72.47769738,31.54309639,37.35077752,2.444100984,1.22309652,2.742044177,iOS,Safari,19-22,female,mid
8,41.42637888,59.58263144,27.12813031,30.43653375,1.738356721,1.585615998,2.944113389,Shared/Other,Safari,16-18,male,mid
14,71.61291182,73.47249918,30.26207441,10.99932682,3.514161845,1.921495184,1.992591225,Desktop,Chrome,19-22,female,mid
7,17.65674062,77.64269422,34.69038678,23.87352505,1.473175491,1.609140576,2.855529154,Shared/Other,Edge,13-15,female,mid
15,62.06364716,68.40171488,26.55187414,34.3156285,1.578847294,1.484799674,2.490971106,Desktop,Chrome,19-22,male,high
17,64.5890615,75.80031089,28.33977182,45.37368521,3.536345598,1.493931885,1.282554103,Desktop,Edge,19-22,male,mid
19,30.77265313,72.96831104,32.1113526,30.06637167,2.270766322,1.424597395,0.780073675,iOS,Edge,13-15,male,high
18,45.03087514,71.31105518,29.74793313,38.04336608,2.570073537,1.412156154,2.057654843,Android,Safari,16-18,male,mid
10,80.15551355,72.71545447,30.83296227,36.69974267,2.321142733,1.999473631,0.80341746,Desktop,Chrome,19-22,male,mid
20,51.80515125,78.79503167,33.49994948,28.53789249,1.052762903,1.440460533,1.777815588,Shared/Other,Chrome,19-22,female,mid
14,75.54279691,80.95449089,20.91838565,21.83440158,3.098863847,1.265726865,2.198210932,Desktop,Firefox,19-22,male,mid
17,54.3505465,72.7566076,21.1181131,14.79963414,1.836193948,1.215223526,1.552864301,Shared/Other,In-App,16-18,male,mid
22,66.93739572,82.7531998,34.07950603,47.79801539,3.332754444,1.774856297,2.5880507,iOS,Safari,19-22,male,mid
20,60.56206368,72.26848128,31.87771686,27.0679373,2.236044198,1.377731982,0.723051201,Desktop,Firefox,16-18,female,mid
9,45.15166813,76.54689458,35.99892259,31.14887547,3.467311351,1.719135527,2.448752181,Android,Safari,16-18,male,low
22,55.99251762,70.14301545,28.61731866,29.18658832,3.641870327,1.41441132,1.389466559,iOS,In-App,16-18,male,high
8,36.60148319,66.75434485,27.07708032,22.5697646,3.454028546,1.687746901,2.98323256,Desktop,Firefox,13-15,female,mid
15,59.36032478,66.46837127,18.51624894,36.09941879,3.584523662,1.414567992,2.430370811,Desktop,Edge,19-22,female,mid
21,46.88559451,79.85487808,29.11200673,21.31916688,2.946980766,1.862999596,2.595778923,Desktop,In-App,16-18,female,low
10,23.65119067,100,31.64724982,28.02072541,1.179687641,1.924024261,2.465229588,iOS,Safari,13-15,female,mid
9,35.79338489,75.87898362,23.43758026,23.85308225,3.061431487,1.02244053,1.864601226,iOS,In-App,13-15,female,mid
22,79.05684577,79.32412475,32.2716596,36.31040687,2.459093255,1.368091408,2.412862102,iOS,Edge,19-22,female,mid
11,37.86885605,70.45169604,31.53180393,20.50267395,2.723868834,1.228483548,2.912184823,iOS,Safari,13-15,male,high
20,73.96824399,74.22196633,27.56526096,33.05258066,3.58533606,1.251382339,0.762530676,Android,Firefox,16-18,female,low
17,57.84387459,79.7599779,22.73875244,22.87078592,3.950660384,1.410144679,1.317893829,Android,Safari,16-18,female,mid
14,75.94826922,76.78946054,19.95112274,39.95981737,2.739321165,1.425635437,1.531447393,Android,Chrome,19-22,female,low
20,30.26509346,81.26448171,33.98994184,30.63999947,1.814066488,1.59475988,1.830132128,Shared/Other,Safari,16-18,male,mid
15,50.36113423,88.37014536,32.2224383,32.50113481,3.486214645,1.998467309,2.10056337,Shared/Other,Safari,16-18,female,high
13,46.49243943,73.40329642,28.04364747,19.9203241,1.207040942,1.925445056,0.754364892,Desktop,Edge,13-15,female,mid
16,50.3750606,81.17097578,37.7898311,31.47939424,3.488023821,1.058385864,1.087297612,Shared/Other,Safari,13-15,male,mid
10,87.88627714,70.23916565,24.80086328,50.74625342,3.059890465,1.609587952,0.699888327,iOS,Safari,19-22,female,high
21,51.96683182,68.79104203,34.47596084,32.67334248,3.619513348,1.832304765,1.798696679,Shared/Other,Safari,19-22,male,low
13,55.92766762,67.61551873,32.55786968,54.83144376,3.09548095,1.34850626,0.612471306,Shared/Other,Safari,19-22,male,mid
18,40.2260881,54.38378904,35.72470163,35.46800405,1.216600923,1.620731495,1.549471909,Desktop,Firefox,16-18,female,mid
19,27.08707127,70.64530486,19.81942017,24.7387957,1.062025203,1.180848346,0.921995324,Shared/Other,Safari,13-15,female,low
11,57.11181309,98.91344961,38.09637824,22.822643,1.470828546,1.474787016,2.55949572,iOS,Safari,19-22,male,high
10,36.85794284,64.84396431,24.98962022,19.73236165,2.514148086,1.007231802,2.524051662,Desktop,Edge,13-15,female,mid
17,40.88479196,84.6080493,33.31211636,23.53535682,1.200716914,1.8824195,1.436298674,Android,In-App,13-15,female,high
21,54.31587095,60.66750104,37.0221442,25.86952751,2.892242354,1.089894947,1.165834615,Android,Safari,19-22,female,mid
14,39.90654966,87.54555488,34.33402587,28.41781055,2.9118844,1.287633775,1.336193122,iOS,Firefox,16-18,female,low
15,77.88739585,79.86411602,30.34043584,26.39812375,3.455970275,1.363669557,1.999861587,Desktop,Edge,19-22,male,high
13,47.12750657,70.42275169,33.28046973,33.72150119,2.3001979,1.564968403,0.532429422,Android,Firefox,16-18,female,mid
9,46.99497656,76.90456032,27.85614651,24.37606535,2.688414675,1.174774534,0.804333619,Desktop,In-App,13-15,female,high
22,52.8049865,74.6455287,38.54035661,44.22249222,1.94066639,1.190096065,0.556628073,Shared/Other,Safari,19-22,female,high
19,26.93984564,71.43911048,33.42126164,24.44622415,2.549438424,1.186715039,0.527900764,Android,Firefox,13-15,female,high
12,57.20724878,66.7388004,29.4220227,19.29059667,2.26827309,1.894492821,2.573655532,Desktop,Firefox,16-18,male,mid
14,25.96697652,64.95723459,32.3899731,32.73746156,1.059800615,1.931136103,2.838211738,Android,Safari,13-15,male,low
18,36.82787921,85.99360037,37.31668261,26.84740546,3.79071054,1.89341629,2.279163667,Android,Safari,13-15,male,high
13,59.17861924,96.91472281,26.27517783,45.4412335,3.874152313,1.808364279,1.23955659,Desktop,Firefox,19-22,male,low
15,49.11690413,62.51227113,38.49162786,27.8151984,1.975275182,1.65549465,2.666008792,Android,Firefox,13-15,female,mid
15,29.89207414,67.48700961,31.80312515,15.30154572,2.386043866,1.230701633,1.330177608,Android,Safari,13-15,female,mid
23,65.0180398,76.16048527,28.24962845,50.50505481,2.353412263,1.807824749,0.895334702,iOS,Edge,19-22,male,mid
16,54.52994518,85.67443585,32.72344616,25.31723953,3.246204079,1.809250318,2.349300051,Desktop,Edge,16-18,male,mid
14,55.18125385,76.50204379,36.00213969,40.99715067,3.550594446,1.745161937,1.371536286,Desktop,In-App,16-18,female,high
13,57.64776628,86.67447217,34.45463539,35.34657495,3.194457012,1.123355744,0.617781316,Shared/Other,Firefox,16-18,female,high
20,37.57991216,66.50181623,32.60634017,21.08775383,2.993536546,1.874575618,2.49753852,Android,Firefox,13-15,female,high
19,40.06718435,78.04421264,33.72822553,25.57215483,3.127959133,1.62125288,2.44796269,iOS,In-App,13-15,female,low
22,44.32063668,79.20591499,36.54296732,31.53104278,2.819757968,1.248801713,2.336882359,iOS,Safari,16-18,male,mid
23,70.27997423,67.57206024,32.14323574,33.98530297,2.866993154,1.868205758,0.586558895,Shared/Other,Edge,19-22,male,low
23,73.87455109,69.32705778,29.55608229,32.0207803,3.128128783,1.080192367,0.637186674,Desktop,Firefox,19-22,male,mid
22,37.76955299,73.49637072,31.44006448,23.88958036,2.756773893,1.298095707,0.766665302,iOS,Edge,16-18,male,mid
15,43.68324821,53.90964896,40.24453474,29.80366679,1.548416674,1.049773769,2.053492371,Android,Chrome,16-18,female,low
18,57.37096907,67.29372257,28.60228446,36.47563008,2.489501165,1.381594292,0.514891549,iOS,Safari,19-22,female,high
19,42.44826282,86.05354636,37.75208301,27.75496121,2.949127193,1.15644354,2.009335638,iOS,Safari,13-15,male,high
18,55.86809849,71.0786079,36.88013006,15.30126818,2.567208073,1.1455496,1.08223861,Desktop,Firefox,16-18,male,mid
10,62.94557911,75.49849593,21.63401747,28.72446,1.263474969,1.011055229,2.227856054,Desktop,Safari,19-22,male,mid
13,66.00624937,57.29297245,29.88630857,36.83322683,2.513699429,1.090673299,2.772156337,iOS,Chrome,19-22,female,high
15,58.54324487,91.53211315,33.9254455,45.36156818,2.704751335,1.264521274,1.424309723,iOS,Safari,16-18,male,mid
20,29.44799981,93.57674925,33.68648088,27.65499525,1.964677111,1.488799187,2.403940819,Android,Chrome,13-15,female,high
11,79.79788687,78.68473965,22.31778802,32.23890171,1.182082113,1.91862168,2.819990217,Shared/Other,Edge,19-22,male,high
13,39.10098393,83.41497094,29.16203161,26.23859611,1.272638182,1.305245725,1.667746674,Android,Chrome,13-15,male,mid
16,39.48893407,84.98634764,27.4156227,28.74443503,3.899791877,1.331950341,0.967063579,iOS,Safari,19-22,male,mid
9,31.31422961,71.92473565,29.87901149,22.07767336,2.410373064,1.929882156,0.739653384,Android,Chrome,13-15,female,high
16,36.95764798,87.38749432,31.87490648,32.02942695,3.161712046,1.659039241,2.260352566,Shared/Other,Chrome,13-15,male,mid
11,59.56510881,80.52363944,31.42742471,24.80076982,3.025682602,1.439726752,1.151248395,iOS,In-App,16-18,male,low
21,66.89166264,89.23423078,26.24011605,11.5534688,1.520799116,1.835885486,2.957898811,Shared/Other,Chrome,19-22,male,mid
15,43.83995033,78.87767519,38.71773695,23.89977944,3.862830162,1.798149681,2.236035112,Android,Firefox,16-18,female,mid
9,31.82360527,78.25238333,28.03724885,33.02237689,1.52951619,1.973780588,1.767627906,iOS,Firefox,13-15,female,mid
15,22.82626511,87.27708519,29.34155044,30.45931819,3.950974157,1.383057592,0.845274147,iOS,In-App,13-15,male,high
19,75.63886604,100,27.62886189,24.10036558,1.166625764,1.175667898,2.477084937,Desktop,Chrome,19-22,female,mid
22,55.5813776,86.3123722,31.80037633,39.86288651,1.51038421,1.584722859,0.86038275,iOS,Firefox,19-22,male,mid
8,31.74515421,77.00925037,38.91943665,26.4484675,3.766809307,1.943509333,2.316688729,Desktop,In-App,13-15,male,low
14,69.99686269,78.71950515,39.05245531,40.7442264,2.064386966,1.822684965,0.899751195,Desktop,Chrome,19-22,female,low
17,50.82583123,65.10022294,21.97745949,25.66687176,3.947156456,1.94416782,2.070812787,Shared/Other,Safari,16-18,female,high
18,57.17075126,85.32812955,33.60495488,33.93363728,3.440778072,1.305742425,1.410076488,iOS,Edge,16-18,female,mid
17,37.42982759,76.91649303,27.29493237,37.16187048,1.847747961,1.082893354,0.697439986,Android,Chrome,16-18,female,high
19,51.10117016,68.37798706,16.65819649,38.98437932,2.266952073,1.09646588,0.8625147,Android,Chrome,16-18,female,mid
14,21.23865061,42.99430073,39.34626916,27.69624922,3.532859263,1.149088071,1.629465594,Desktop,Edge,13-15,male,mid
20,70.35847963,91.71968651,25.46647838,46.43898695,1.920582945,1.323558131,1.500507599,Android,Firefox,19-22,female,mid
18,50.38651285,79.76096998,30.51545922,34.24470921,1.237692722,1.258113464,2.388391951,Shared/Other,Chrome,16-18,male,low
9,60.39621108,66.93297151,32.31633614,25.93133648,2.196463258,1.551920679,1.168242879,Desktop,Edge,16-18,male,mid
10,29.59322716,76.14281935,29.48317,26.72219871,1.558606034,1.578450601,1.818255215,Shared/Other,Chrome,13-15,male,low
10,24.18260822,70.1345989,27.82996811,18.88524501,1.204467462,1.829584723,2.765736741,iOS,Edge,16-18,female,mid
13,48.87486723,60.23374629,23.1526615,25.71730872,1.059863427,1.730596146,2.027209398,iOS,Edge,16-18,female,mid
19,68.06570955,69.17653057,36.16053835,57.45089208,1.215411374,1.604885608,1.139940623,Android,Safari,19-22,female,low
19,57.12321219,74.51302341,21.92651071,27.24545237,2.609366236,1.145807797,2.9338299,Desktop,Safari,16-18,female,mid
21,38.63876141,74.47226187,28.36559675,21.87144067,3.245245482,1.975100643,0.628197669,iOS,Firefox,16-18,female,low
20,53.83101506,93.20263588,36.90846062,28.85302298,3.625583783,1.761403244,1.324722942,iOS,Edge,16-18,male,low
7,34.34526463,91.68183923,31.30928449,22.68408261,2.193166882,1.384405358,0.81300612,Desktop,Firefox,13-15,male,low
14,53.16605292,87.37973745,30.18764424,57.0792389,3.140024196,1.861747979,1.015261337,Android,Edge,19-22,male,mid
11,65.23224129,76.30192617,31.35664364,23.2298087,1.463285973,1.081920098,2.530216362,Shared/Other,Chrome,16-18,male,mid
19,67.87267242,66.27582065,25.97860762,41.91640289,2.082056606,1.418441511,0.777610928,Shared/Other,Edge,19-22,female,low
21,63.36600147,80.1454665,37.10981158,39.42641043,3.05145511,1.321449314,1.023738603,Desktop,Edge,19-22,female,mid
12,63.22450409,79.93881645,29.71839002,34.85755812,3.821624831,1.095096928,2.037848096,Android,Chrome,19-22,male,high
18,30.57433196,84.52848143,36.73398784,27.39865187,2.871638393,1.295358254,0.614074034,Android,Safari,13-15,male,low
11,40.02688243,74.3903904,39.04375071,41.43851633,2.389045984,1.933183161,1.875020406,Android,Edge,19-22,female,low
13,63.65500763,87.38146094,24.47216457,59.99722064,3.367539443,1.399990251,2.163800169,iOS,Safari,19-22,male,mid
17,69.66996556,56.02121449,35.38599001,42.13595013,2.029457363,1.933724768,2.897163966,Shared/Other,Edge,19-22,female,high
12,68.26772343,68.40901883,29.04068065,31.67143865,1.166626417,1.151750918,0.644432719,Desktop,Edge,16-18,female,low
10,30.73379208,94.62835195,23.5555542,25.28301376,1.712681893,1.851656735,0.93333827,iOS,In-App,13-15,female,low
17,36.87205653,49.82935937,33.08863499,30.44526697,1.082399277,1.391873289,1.443000944,Desktop,Chrome,13-15,female,low
21,76.82817012,83.68523193,22.10139925,38.6982776,3.305999827,1.639088979,2.806372235,Desktop,Chrome,19-22,male,mid
11,43.53550341,96.11399791,32.690154,24.5323718,2.390091084,1.541341361,0.68798571,Shared/Other,In-App,16-18,female,low
9,40.54443891,90.70370849,31.17741755,18.86214755,1.602428669,1.34820883,1.009501097,Desktop,Edge,16-18,male,low
23,82.04937659,61.76539907,33.48282755,29.61920561,1.714372612,1.542648541,2.032969868,Shared/Other,Firefox,19-22,female,low
13,53.10519789,89.37440302,28.85175283,60.82132449,1.237364207,1.606218126,1.525178557,Android,In-App,19-22,male,high
14,61.8706049,86.77716132,30.83756433,34.94168823,3.763042332,1.900586764,2.003077287,Shared/Other,Chrome,19-22,male,mid
10,52.39044729,75.51191746,38.01550231,23.86724731,1.787267843,1.120591305,0.520931493,Shared/Other,In-App,16-18,female,mid
16,79.66221186,82.61924151,17.35509252,34.95166416,3.61855878,1.070718651,1.860223169,Android,Safari,19-22,female,mid
13,81.8084765,68.15257115,32.9990693,43.6586891,1.983272157,1.76615199,1.693174802,Shared/Other,Firefox,19-22,female,mid
21,83.9922102,75.33988038,29.56507333,53.73385799,3.992578082,1.808430553,2.086165466,iOS,Edge,19-22,female,mid
21,39.72743328,74.03230374,22.50761433,26.19783398,3.04136347,1.30277917,2.254593986,iOS,Chrome,13-15,female,low
19,43.71435387,71.58904997,28.74248499,41.4805947,1.221863817,1.34340744,1.371433652,Shared/Other,Chrome,16-18,male,high
11,57.41986598,61.21050272,31.86226226,33.67809748,3.779647182,1.110571051,2.225673075,Shared/Other,Chrome,19-22,female,mid
9,41.65785311,91.73496837,36.85250703,27.80762555,2.868264857,1.45617194,2.836770915,iOS,Safari,13-15,female,mid
20,33.43189074,74.26799577,27.52388878,25.49589982,3.874016564,1.358844912,0.844103332,Android,Chrome,13-15,male,mid
17,66.10219293,73.18059389,22.7422225,29.38003548,3.46294114,1.354510161,1.451219395,Android,In-App,19-22,male,low
19,58.62705477,77.82926676,32.25977576,31.94066624,1.433619328,1.956166559,0.975266785,iOS,In-App,16-18,male,high
17,53.28243328,67.74855351,28.17313408,17.25189182,2.601432186,1.945295558,1.535985123,Android,Chrome,16-18,female,mid
9,48.90943805,81.14645076,33.06009068,10.90484729,2.045031741,1.550580445,2.07709322,Desktop,Edge,16-18,male,mid
8,44.00298338,76.1430548,34.8988627,34.17892244,2.343769787,1.893163141,2.775847165,Desktop,Chrome,16-18,male,high
12,55.13016458,85.64138971,36.28572217,20.79051543,2.817086576,1.12996547,1.476440418,Shared/Other,Edge,16-18,male,high
20,80.94766509,74.27939328,27.04106555,30.3929405,1.787653394,1.256194157,1.053889011,iOS,Chrome,19-22,male,mid
21,37.64422367,69.64651797,27.06425764,18.57415178,3.102770303,1.216708595,1.627978164,Shared/Other,Safari,13-15,female,low
11,36.04202282,83.11328353,25.17226157,23.57301894,1.891916385,1.753649351,2.637330911,Shared/Other,In-App,13-15,female,low
14,23.10368011,91.58646824,33.28194676,29.20109198,3.186509885,1.703313254,2.471501373,Android,Safari,13-15,male,mid
18,41.27030427,81.63263528,25.19613882,38.4784208,2.755671358,1.69466025,1.938699311,iOS,Safari,16-18,female,mid
13,38.18392989,45.45411716,28.96753023,41.66239424,2.134290816,1.013564772,2.799317386,Desktop,Edge,19-22,male,low
14,49.23991835,59.31118227,26.47060649,32.22279384,2.907157407,1.360660857,1.365741826,iOS,Edge,16-18,female,mid
11,78.3681915,69.27913073,30.5336001,36.51710293,3.760875712,1.136918724,1.03341524,Android,Edge,19-22,female,mid
18,47.30598689,78.63960334,33.97100229,22.51190466,1.349995407,1.765656815,2.073532682,Android,Firefox,16-18,male,high
13,60.90374753,75.55607947,30.48525414,35.44999284,2.677446735,1.239616044,2.282084982,Android,Edge,16-18,female,high
13,45.30524531,81.84683658,22.46186655,22.78943872,1.433448965,1.442425667,0.569252802,Android,Edge,13-15,female,low
16,41.11750881,81.26321774,28.81573439,18.48732283,2.723067529,1.910478552,1.273541129,Android,Edge,16-18,male,high
13,41.85484007,73.8769202,25.55600647,18.12501421,2.775242294,1.038029183,0.89597449,Android,Firefox,13-15,female,low
9,54.98280998,71.13148541,28.60673378,27.79104324,3.446242912,1.381816788,1.757035829,Android,In-App,16-18,female,low
19,36.39116056,56.35718201,24.86118654,25.53219911,3.648427778,1.264495498,2.996126629,Android,Firefox,13-15,female,mid
13,35.479718,78.76373591,17.20062286,28.1891275,2.369073664,1.987426929,0.587064854,Android,Edge,13-15,female,low
18,54.24134822,83.49807633,27.07064078,32.45839085,1.827514408,1.072983653,2.530756367,Desktop,Firefox,16-18,female,low
13,48.99225376,69.21607412,31.25823638,18.80895624,3.030109768,1.554774977,0.66099939,Shared/Other,In-App,16-18,male,mid
19,46.96871598,92.14482819,25.61695625,25.01739481,1.892964201,1.509276573,1.137198178,Android,Edge,13-15,male,mid
15,57.77406226,78.073885,19.78342192,38.17127074,1.56431113,1.688553449,1.809730751,Desktop,Safari,16-18,male,mid
16,52.63325815,73.33736306,23.53896971,48.50067262,3.924700919,1.732250782,2.835714362,Android,Chrome,19-22,male,mid
22,84.47343808,73.4249783,37.53124311,44.63451635,1.768026072,1.63278108,1.023648075,Shared/Other,In-App,19-22,female,high
21,47.55849583,80.71726197,33.56623291,23.20462129,1.433441909,1.803905494,2.571225127,Desktop,Chrome,13-15,male,mid
8,39.50375809,91.53918941,28.81807065,30.56661831,1.381596791,1.328783198,0.795198063,Desktop,In-App,16-18,female,mid
13,46.21356484,75.85308865,29.02731702,27.01862485,2.857971257,1.945422248,1.504392811,iOS,Safari,16-18,female,high
8,41.78676306,79.06316384,39.01470492,32.20032914,3.034711154,1.526179343,1.015221429,Android,Firefox,13-15,male,low
22,62.7877552,68.85450777,35.70804675,27.85645355,1.468301888,1.428279554,1.560673576,Android,Safari,16-18,female,low
15,27.8874675,64.83557326,29.51722503,34.77676224,1.244462999,1.703623185,0.811511211,Desktop,Safari,13-15,female,mid
11,60.67853072,77.86466419,33.92078204,49.26464087,1.054462994,1.378766492,1.11760268,Android,Firefox,19-22,female,high
15,48.55873691,91.15618936,29.22997141,34.87913774,3.35754795,1.760745207,2.096246023,Shared/Other,In-App,16-18,male,low
19,52.04155518,74.48048379,24.55040741,45.93689693,2.534072232,1.158705933,0.935783263,Desktop,Safari,19-22,female,mid
21,37.33868256,84.59228327,26.02236613,27.23824123,2.52336678,1.793142799,2.693518263,Desktop,Safari,16-18,female,low
9,45.64015294,71.0727587,30.13818064,34.64380233,3.476566007,1.366580289,0.673266616,Android,In-App,16-18,female,high
18,72.97459544,86.59523574,36.18292435,48.1541886,1.541556247,1.272310294,1.078790993,Android,Edge,19-22,female,low
12,32.46873187,82.17074359,34.61387059,28.13341801,3.705665284,1.090563327,2.926109917,Shared/Other,In-App,13-15,male,mid
14,40.1273733,75.90510729,34.43557574,30.10035863,1.96925225,1.771745293,2.8041357,Desktop,Edge,16-18,male,low
8,28.47988457,66.75720745,32.65100678,18.33802148,2.295898273,1.531755596,1.456331797,Android,Chrome,13-15,female,mid
14,38.1667634,69.79039061,26.56509639,25.48714961,3.298711907,1.983630905,2.609103217,Desktop,Safari,13-15,female,mid
15,55.04696667,80.02492195,26.74563321,40.0385843,1.109837801,1.224725744,0.545552019,iOS,Edge,19-22,male,low
15,29.91172759,76.66313079,26.31465715,21.91511634,3.132205385,1.075888459,2.147826598,Android,Edge,13-15,female,mid
12,24.84185614,66.07442199,24.47593606,34.17963819,2.504858648,1.151138325,1.426292034,iOS,Edge,13-15,female,mid
21,40.96071136,70.23809909,24.83863354,18.98868441,3.652026444,1.643320718,0.524610621,iOS,In-App,13-15,female,mid
21,74.25307358,72.4401332,32.58705898,50.24310836,1.244192001,1.55259197,0.930826433,Shared/Other,Firefox,19-22,female,high
17,47.63009327,76.98203844,36.63342575,34.51850004,3.505897248,1.371940706,1.366478559,Desktop,Edge,16-18,male,mid
21,41.46103349,86.2356271,35.38364785,33.75949125,2.021645318,1.965884775,2.096977156,iOS,Firefox,19-22,female,low
13,49.02592077,80.8988874,30.81968971,32.50741951,1.524762051,1.54902216,2.529918609,Desktop,Firefox,16-18,male,mid
10,45.73747899,71.42594396,25.15736819,23.45283326,2.626396281,1.454338623,1.494489597,Shared/Other,In-App,16-18,female,mid
14,40.10252958,75.49385066,21.4819728,28.4032873,3.92112694,1.684255007,1.199054495,iOS,Chrome,16-18,female,mid
8,51.24502425,72.38025772,28.78801684,26.26278184,1.304181635,1.544104684,0.808137671,Desktop,Safari,13-15,male,low
20,41.10554563,90.47255531,14.70486893,16.23148269,1.763874268,1.668542975,0.564155989,Desktop,In-App,16-18,male,mid
16,33.83484363,80.91984799,32.09891812,30.6101746,2.770398532,1.366332411,1.602417967,Android,In-App,16-18,female,low
18,28.76243943,71.82640427,39.21943263,24.04823187,1.205910501,1.140161614,0.991191731,iOS,Edge,13-15,male,mid
8,33.72343832,67.91917115,27.39394036,12.92529508,2.814992423,1.484566407,2.310161376,Desktop,Safari,13-15,female,mid
20,50.57062424,63.03679377,28.64962565,28.97672654,2.08002434,1.903798974,2.513437393,Shared/Other,Safari,16-18,male,mid
19,73.29951352,80.09303058,33.39051313,56.07374815,3.391290689,1.86790095,1.690177301,iOS,Firefox,19-22,male,mid
9,35.53173667,71.85365478,22.0582051,20.76199789,1.74183433,1.706592747,1.427212826,Shared/Other,In-App,13-15,male,mid
9,42.77393252,71.66961821,27.25778525,24.3174541,3.990008827,1.433652247,1.397163013,iOS,Firefox,16-18,male,mid
13,25.48451496,70.5299436,34.06402507,22.38821135,2.30662234,1.106710379,2.645493876,Shared/Other,Chrome,13-15,male,mid
13,47.5042637,76.64294909,26.83382593,22.40466222,3.522384961,1.378449983,1.02169568,Shared/Other,Edge,13-15,female,mid
13,42.55855359,50.46752877,25.53083863,29.91737876,3.685481432,1.8317951,0.530779464,Shared/Other,Firefox,13-15,female,mid
10,46.21293189,83.62151638,27.70162678,37.79746839,3.619778144,1.041557294,1.311811383,Android,In-App,16-18,male,low
19,34.10636287,63.24210825,24.18414763,28.43173965,1.169030338,1.101334376,0.724267942,Shared/Other,Edge,13-15,male,high
17,20.30804005,72.06654364,32.41908872,32.38935712,3.960240286,1.521327826,0.545769205,Android,Edge,13-15,male,mid
12,28.18620158,62.30790474,27.86707835,20.63408317,1.297243471,1.859087963,1.097015568,Shared/Other,Edge,13-15,male,mid
9,35.41790065,76.25293703,27.04683621,21.40703907,1.610747728,1.669092795,2.829916008,Android,Chrome,13-15,male,mid
21,62.05102279,65.80720533,34.79074763,45.93198633,2.204085876,1.606803089,0.741572454,Desktop,Chrome,16-18,female,low
12,35.10811927,75.81723503,27.00628205,29.09869005,2.886271051,1.791147226,1.536651278,Shared/Other,In-App,16-18,female,mid
13,44.57748849,74.19211949,27.97248154,22.94674387,1.518530905,1.743726455,1.383584777,iOS,Chrome,16-18,male,high
20,34.30898491,60.52713368,25.80497462,31.66143469,1.745216309,1.07936361,2.83226835,Android,Edge,16-18,female,mid
15,55.3092122,68.92509565,29.16033511,28.94686324,1.166668847,1.858714647,2.193548042,iOS,Edge,19-22,male,high
15,49.9887728,75.51621898,19.39350612,48.07052284,2.751462643,1.325040078,1.391447836,Android,Chrome,19-22,female,mid
19,41.72702119,64.42241414,34.42998,30.71953589,1.299093829,1.532780524,0.526454731,iOS,In-App,13-15,male,high
20,45.94459788,61.55290427,19.3693647,31.61825032,3.604562985,1.475875337,2.484722059,iOS,Firefox,13-15,female,low
23,49.52846466,70.05412012,32.84810393,31.14073967,1.840686932,1.083480338,2.194557857,Desktop,Safari,19-22,female,low
18,38.69722317,79.4619389,32.26403177,24.74142194,1.607469078,1.038218343,0.657455495,Shared/Other,Safari,16-18,female,mid
20,32.7016331,60.98821613,34.69964078,19.08634787,3.207813117,1.576487568,2.652947992,Android,In-App,13-15,female,high
16,42.87985646,68.50073585,31.44755953,37.1711103,2.395899458,1.651415243,1.073389683,Desktop,In-App,16-18,female,mid
21,58.10621446,87.84455859,15.36091034,24.9555533,3.520324037,1.589658113,1.378564389,iOS,In-App,19-22,male,low
20,35.84995055,77.05607363,34.10070568,24.8133403,2.041520865,1.996131239,0.843915508,Android,Edge,13-15,female,mid
16,45.14834484,75.67813855,25.57017072,30.39291789,1.149386442,1.98387694,2.27361443,iOS,Firefox,13-15,male,low
15,26.94544262,74.34591722,32.15064647,22.93079051,2.593801466,1.157502581,1.870905847,Shared/Other,Firefox,13-15,female,mid
21,45.9531156,61.86953681,33.2764956,26.54571011,2.729356916,1.480688043,1.453889236,Shared/Other,In-App,13-15,female,low
10,45.58430144,75.15182906,27.91655328,37.14987739,3.162378246,1.367611421,2.36643545,iOS,Edge,19-22,male,mid
10,36.40382798,80.38416428,27.12615684,22.26071319,1.53927876,1.627442572,0.830790617,iOS,Edge,13-15,male,mid
13,83.35400253,69.08191805,40.73406447,43.17662138,2.271976303,1.787132911,1.045551709,iOS,Firefox,19-22,female,high
12,59.50250254,77.63803678,24.94778691,40.25299663,3.951697638,1.599658267,2.22041025,iOS,Safari,16-18,male,mid
23,69.75516402,80.66643184,31.54039551,48.60531861,2.145469764,1.999689877,0.849341031,Android,Safari,19-22,male,low
11,65.19429354,80.89966134,39.00134543,49.02456419,3.317947614,1.511713755,2.527778421,iOS,Edge,19-22,female,mid
16,70.59729656,65.87616119,19.95904949,39.72010824,2.565417973,1.056220074,2.163405816,iOS,Firefox,19-22,female,mid
21,62.33609474,63.90835063,31.20791105,29.49886092,2.282666743,1.602076511,1.426929387,iOS,In-App,19-22,male,low
18,39.34056853,69.05753894,28.15777443,23.17867192,3.68142359,1.744856658,1.277476326,Android,Edge,13-15,male,mid
11,60.1362632,86.62358084,27.31632071,33.20537642,2.636083524,1.359216225,2.748321248,Desktop,In-App,16-18,male,high
16,38.38413391,87.0877294,35.3802915,22.26238888,1.591573802,1.970865798,0.763857714,iOS,Firefox,13-15,male,high
8,28.2655542,87.48831506,19.03767142,24.39927439,2.794874676,1.004808062,0.998887441,Android,In-App,13-15,male,high
8,31.99969607,89.17453063,23.70485663,37.49449498,3.948960897,1.275772018,2.410459524,Android,Chrome,16-18,male,mid
9,57.24578082,79.86486398,24.16992805,16.46797003,3.522571568,1.5399441,1.677218778,iOS,Firefox,16-18,male,mid
7,39.98692267,85.53386865,25.57512764,35.561076,3.334456308,1.300409454,2.940666714,iOS,Safari,13-15,female,mid
14,49.19455132,83.9038137,20.79690416,20.1838724,1.930018341,1.177168994,2.657070275,Desktop,In-App,13-15,female,mid
23,82.40896712,87.01955036,31.62262997,40.09826512,1.68706914,1.045740613,1.735349312,iOS,Safari,19-22,female,high
15,60.13817665,88.85052944,26.70685773,24.96801744,3.047802333,1.650341855,0.568923208,Desktop,Chrome,16-18,male,low
19,47.42467862,78.95532161,38.25589643,23.02114426,3.365010845,1.352286395,2.892421025,iOS,Safari,13-15,male,mid
21,68.1415617,100,25.97341678,30.92211631,1.53972136,1.330105524,2.778393894,iOS,In-App,19-22,female,mid
10,40.69249831,90.98664049,39.0746978,24.64558853,2.472434657,1.603730126,2.938288292,iOS,Firefox,16-18,female,low
11,32.34282145,78.14836392,26.20502144,17.93312288,2.981482146,1.931246178,1.307831274,Android,Firefox,13-15,male,low
21,74.78848045,80.91465279,32.99116608,30.82677852,2.813710946,1.558977549,0.952523768,Desktop,Edge,19-22,female,low
17,40.16109959,65.79181458,32.35344716,13.7559866,1.019736452,1.967581607,2.52722048,Desktop,Safari,13-15,female,mid
20,52.35014049,88.04659187,34.65251192,36.92267863,1.411339533,1.616924043,0.63612983,Desktop,Firefox,16-18,male,high
15,54.01749625,94.84535105,24.7609146,21.3071944,2.613178593,1.057151827,1.406614704,iOS,Chrome,16-18,female,low
18,59.29474556,66.91895664,27.31386168,42.12572834,3.819884187,1.422484281,2.108749783,Desktop,In-App,16-18,female,mid
9,53.50443148,84.53737841,34.87563071,34.48796521,3.316373485,1.892174131,0.880080654,iOS,Chrome,16-18,male,mid
19,59.11404758,73.55712922,35.99923466,39.3041793,2.007945895,1.741231501,2.12534353,Desktop,Safari,19-22,male,low
16,78.24014102,89.25195557,33.8409995,34.68860553,3.875919094,1.375156463,1.778959314,Desktop,In-App,19-22,female,low
18,61.7189596,68.92018643,26.25021477,25.13644961,1.480464806,1.187430443,1.278916487,Android,Safari,16-18,female,high
23,74.82043305,86.57076766,34.54310875,38.66047275,2.566730662,1.523219987,1.829932692,Shared/Other,In-App,19-22,female,mid
17,15.40670632,71.03417061,32.80688987,20.16894392,1.354614592,1.960458918,1.705042236,iOS,Chrome,13-15,male,low
12,86.44419823,58.29512105,34.77957952,33.03039426,1.398640229,1.538883543,0.923783899,Desktop,Chrome,19-22,male,low
20,35.54256373,70.54690061,32.96029769,25.72480327,3.677195634,1.586885966,0.531405122,Desktop,Safari,13-15,male,mid
12,16.03420878,59.14729921,25.72836311,23.44216555,2.230467817,1.172310886,2.024277596,iOS,In-App,13-15,male,low
14,42.6655645,65.73686233,25.76106551,29.29975036,3.655881198,1.807176274,0.897236833,Shared/Other,Edge,16-18,male,high
17,49.99696575,64.52365794,36.55193748,38.53826918,1.9715619,1.322088524,2.44462129,iOS,Firefox,16-18,male,low
21,22.0342092,69.68875874,40.51442035,19.00947233,2.217505308,1.872382479,1.687705972,Shared/Other,Firefox,13-15,male,mid
8,49.82601975,62.2229369,29.10534366,38.12287884,1.320397628,1.143267235,1.288111248,Android,Safari,16-18,female,high
21,24.96627555,77.3273532,28.62331214,24.0063278,3.071895624,1.497318684,2.714668154,Shared/Other,Safari,13-15,male,mid
19,28.07530263,88.52435949,34.52634967,20.17809543,2.031144683,1.938825487,1.899532866,Shared/Other,Chrome,13-15,female,low
16,26.29420716,53.22842484,26.44272425,29.77540311,1.429940769,1.998796706,2.144546171,Android,Chrome,13-15,female,mid
16,51.83953897,70.59853343,30.50058088,36.29399066,1.632458089,1.176345761,1.319969368,Desktop,Chrome,16-18,female,mid
21,32.46768311,62.49609838,30.81021684,26.89778555,3.544625246,1.574173706,2.396278124,iOS,In-App,13-15,male,low
15,41.3183953,72.94908169,31.0967675,22.49353202,3.539899712,1.615766885,1.559443299,Android,Safari,13-15,male,low
21,91.28882935,71.7869088,25.18816727,35.55537529,3.509201921,1.491986761,2.60590767,Shared/Other,Chrome,19-22,female,high
21,77.34679532,62.83848781,30.80145504,28.90954971,1.987998305,1.133202284,2.170536279,iOS,Firefox,19-22,female,mid
15,40.66983817,88.9735413,16.89243793,33.52072759,3.992192327,1.87004798,2.760053977,Shared/Other,Chrome,16-18,female,high
17,75.93157906,75.55360211,27.15495171,47.16456749,2.307907245,1.307355676,1.817778377,Desktop,Edge,19-22,female,mid
19,40.58716761,64.12027929,32.68005428,32.12187328,3.708986507,1.326353981,0.920681491,Android,Firefox,16-18,female,low
16,59.04480578,74.44514869,31.57141561,37.60961687,3.612296467,1.779125693,2.579845145,Android,Firefox,19-22,female,mid
10,62.71526832,81.72067265,32.21144458,38.15237068,2.945454498,1.629306303,2.968981054,Desktop,Safari,19-22,female,high
21,76.86864821,80.85460498,29.6408953,42.78167972,2.146651392,1.243071452,2.192728785,iOS,Safari,19-22,female,mid
10,51.77668441,66.31617204,21.02922354,26.01909167,1.470546163,1.346092828,2.913532764,Desktop,Safari,13-15,male,high
19,93.15707486,76.11772072,38.75289111,49.14146414,3.222435295,1.528455182,0.743379258,Shared/Other,Firefox,19-22,female,mid
19,52.20102347,80.59658902,31.27630909,40.31690533,1.961312634,1.531021447,1.672029343,Shared/Other,Safari,19-22,female,low
14,58.82252263,64.46701306,29.40297073,47.78822955,3.125878168,1.376222147,2.080324008,Shared/Other,In-App,19-22,female,mid
14,24.03655279,69.39639405,28.41016893,23.49031007,2.272245677,1.637912884,0.92827727,Shared/Other,Edge,13-15,female,mid
22,33.31047829,75.84899975,26.02806412,37.86616837,2.589270284,1.92217836,2.924236863,Desktop,Safari,16-18,male,mid
18,58.58912646,96.08495698,36.49513153,30.46063847,1.170357371,1.072656942,1.314516575,Android,Safari,16-18,female,mid
13,40.98612889,77.62575079,28.81955283,44.81484303,3.034452129,1.711561642,2.589527102,Desktop,Firefox,19-22,male,mid
12,37.48317544,93.26137023,31.34822629,27.73810575,1.37187698,1.356448234,2.698511316,Shared/Other,Edge,13-15,female,mid
10,22.36964187,84.7449416,23.14457781,25.47533419,2.28588726,1.42346838,0.706508066,Desktop,Chrome,13-15,female,mid
21,39.57349786,60.61772354,25.81636666,21.97447092,3.793370525,1.828370142,2.528179843,iOS,Chrome,13-15,female,mid
9,75.17901794,80.41024781,34.97191947,38.37678572,3.76006714,1.399949764,0.829942041,Shared/Other,Edge,16-18,female,low
14,69.14999882,66.69373651,27.17813179,36.51785637,2.71790883,1.347532396,1.769902065,Shared/Other,Chrome,16-18,male,mid
12,56.54263749,82.4740135,33.63853419,36.86740682,3.91162813,1.83787767,1.01901498,Android,In-App,19-22,male,mid
10,74.14187268,77.08782071,27.24361553,44.04476118,1.4418681,1.279699369,1.205307218,Shared/Other,Safari,19-22,male,mid
21,61.23197863,65.82935104,33.25019167,25.59781955,1.03514507,1.795144959,2.255713798,Android,Safari,19-22,female,low
16,35.41297353,82.59892697,19.9947155,28.76843805,1.57037029,1.808429094,0.602750781,Android,Firefox,13-15,male,mid
22,74.99821294,58.27932193,27.19526648,34.8260871,2.487183468,1.952015045,2.872212368,Android,Chrome,19-22,male,low
15,54.60630088,89.5188677,23.73016386,37.03846643,1.51727519,1.161731382,2.581615329,Desktop,Safari,19-22,male,mid
23,83.56117711,73.53730046,29.28078388,42.52022828,3.779716701,1.301431807,1.681638732,Shared/Other,Safari,19-22,male,low
8,33.40326817,76.26737616,29.2100967,23.01521177,1.332250828,1.779287438,2.222469105,Desktop,Chrome,13-15,male,low
11,36.97940756,77.20046714,28.14572511,16.48530463,3.160352777,1.145296322,1.084516738,iOS,Chrome,16-18,male,mid
14,43.18083062,61.86904657,34.02538105,57.34831329,1.291588666,1.543256106,2.033764622,iOS,In-App,19-22,female,low
20,40.0419728,78.29374096,29.08822709,21.81102382,2.283605093,1.14961635,0.854076425,Desktop,Firefox,13-15,male,mid
16,44.94119805,63.49225991,25.24960073,27.21869719,3.595484552,1.50773354,0.85455465,iOS,In-App,16-18,female,mid
8,66.81292405,81.13513961,27.7680717,32.77657978,2.888265596,1.300730595,1.484836731,iOS,Chrome,16-18,male,low
14,45.10873779,70.12901164,31.30946605,28.28386355,3.497529886,1.604784922,0.93900108,iOS,Edge,16-18,male,mid
17,11.10170325,83.93068517,30.15175199,21.95909181,3.488763231,1.418770516,0.516750711,iOS,Edge,13-15,female,mid
16,25.68089827,52.15348528,30.5169829,30.84532684,1.114767102,1.400829033,2.53776441,Desktop,Chrome,13-15,male,mid
15,37.25290177,69.63450305,29.37953899,29.28584153,3.222111641,1.135773382,1.226246082,iOS,Edge,13-15,female,low
11,37.4787558,68.58106581,26.7753794,29.57167183,3.372883704,1.559307981,1.889588221,iOS,Edge,16-18,female,mid
21,36.16697,78.42605443,29.78425713,20.65871251,1.560369629,1.780019486,0.942887389,Android,In-App,13-15,male,mid
18,31.21847855,79.4412845,30.37334725,20.5630384,1.771434562,1.816780975,1.418385545,Android,Firefox,13-15,female,mid
13,39.9620469,82.92240999,34.65377186,37.81902366,1.183980942,1.930005077,2.828259797,Desktop,Safari,19-22,male,high
14,46.47796269,60.49017589,23.60136526,28.49440783,2.511417517,1.132592401,2.22546466,Desktop,In-App,16-18,male,high
14,25.25270719,100,22.29475888,20.80486403,2.64614986,1.21210993,2.817120121,Android,Firefox,13-15,male,high
8,35.07451303,69.87740461,22.37759546,37.83799231,2.968412134,1.280220659,2.876903781,Shared/Other,Safari,16-18,male,high
21,44.90214856,79.77198903,25.99329428,21.58946824,3.496714244,1.389467938,1.491877257,Desktop,Safari,13-15,male,low
20,34.58336254,81.41475996,26.21210649,18.82787077,3.298704526,1.950137075,2.727737772,iOS,Edge,13-15,female,mid
9,47.74560779,90.69612121,28.92516962,25.03171862,1.283948892,1.593813419,0.533757385,Shared/Other,Firefox,16-18,female,mid
9,32.27927619,71.84234855,32.30380251,33.08129287,1.835481958,1.406972853,1.948304315,Android,In-App,13-15,male,low
13,60.72985365,65.34933946,25.52078452,48.04333833,3.411010581,1.992285348,1.664008025,iOS,Firefox,19-22,female,low
17,81.98872326,72.63797848,33.38154259,47.36828509,3.273928095,1.884458036,1.996413305,iOS,Chrome,19-22,female,high
15,47.09782414,73.40814966,27.89640862,26.89972704,1.029189921,1.757448013,2.204850451,iOS,Edge,13-15,male,mid
13,57.77001789,66.82196787,28.29129599,34.88327892,3.139822343,1.082469493,2.319341457,Shared/Other,Chrome,16-18,male,mid
19,39.18241908,76.31149909,32.71122006,29.62284336,1.108327206,1.83336104,0.881321758,Desktop,In-App,13-15,female,low
16,71.11102914,83.48092776,36.33449497,25.13172936,3.58782132,1.209991325,2.370772495,Shared/Other,In-App,16-18,female,low
20,55.4474577,90.79619111,33.7960524,20.06130664,3.19584312,1.547318405,2.534844465,Shared/Other,In-App,16-18,male,mid
16,38.55840766,99.66028674,30.06743055,29.1427745,1.937179008,1.09912982,2.455680372,iOS,In-App,13-15,male,high
14,54.188506,79.77464355,24.40530439,21.87936815,2.264391022,1.026011659,2.801272179,Android,Edge,16-18,female,mid
7,31.57002733,70.76603679,22.94306206,27.0681704,1.266510538,1.16455136,0.624242707,Android,Safari,13-15,male,high
9,38.28191852,75.22449508,20.53389848,41.86242991,3.448749321,1.336932131,1.599538146,Shared/Other,Safari,16-18,male,high
12,71.94114667,57.38925591,34.45082974,47.08430968,1.755021891,1.892596945,1.074050856,iOS,Edge,19-22,female,mid
20,61.62549437,75.72845068,33.23830217,20.45838305,1.650628359,1.611511017,2.72367792,Desktop,In-App,16-18,male,low
9,74.13395967,67.330193,33.5340833,23.06195247,1.983764715,1.709565007,2.281661701,iOS,Safari,16-18,female,mid
23,37.53991477,74.12571424,20.52145405,45.07700457,1.303718994,1.64392622,2.333242872,Shared/Other,Chrome,19-22,female,mid
20,58.81870403,75.93425959,39.3396147,24.4344822,3.769960011,1.146315025,1.693417728,Shared/Other,Safari,19-22,female,mid
12,33.57339574,69.30162731,31.14213044,36.47482243,3.449947385,1.70625065,1.152594094,Shared/Other,Edge,13-15,male,low
21,48.81457911,90.5930893,30.62063089,18.29209608,2.864556805,1.399302489,1.206286623,Android,Chrome,16-18,female,high
10,28.55349069,72.61231034,38.50457978,23.12628541,1.112405166,1.524492068,0.637876676,Shared/Other,Safari,13-15,male,low
8,49.97105303,80.41768015,24.4542258,31.2880931,2.308897724,1.317329995,0.524106489,Shared/Other,Chrome,16-18,male,mid
19,54.44773974,56.46715518,31.80467016,40.7480276,3.55425899,1.961755829,0.853231035,Desktop,In-App,16-18,female,mid
13,58.41402304,77.90430492,28.27662357,26.64522489,1.360565803,1.24774773,2.893874409,Android,Chrome,19-22,male,high
19,37.68811075,79.55167789,28.30175201,21.86454713,1.23428695,1.181720693,2.680138029,iOS,Safari,16-18,male,mid
19,33.59562297,83.78271376,30.59713874,13.69867549,1.919133107,1.984645893,1.123293683,Desktop,Edge,13-15,female,low
19,66.81628173,66.67437654,22.35495469,31.56085932,3.542849469,1.929963508,2.844368073,Android,Edge,16-18,male,mid
11,60.59426623,71.06320977,32.7329717,24.05427222,2.868139816,1.293052059,0.83823988,Desktop,Safari,16-18,female,mid
13,36.24040195,68.96135028,31.06405752,19.2762204,2.792492986,1.866892896,2.123827374,Android,Safari,16-18,male,high
15,81.58211203,72.12353476,24.69036944,33.98806297,1.466108196,1.182303155,0.504249305,Android,Safari,19-22,male,mid
19,52.67720357,89.42883961,28.56354666,45.11731134,2.908564703,1.649654795,1.599322844,Desktop,Chrome,19-22,female,low
15,74.84057704,74.53290299,27.88104045,52.30480968,2.976926016,1.300286851,1.356093154,Shared/Other,In-App,19-22,female,low
11,23.96263294,79.34812102,26.42648332,38.20985395,2.355585177,1.461217433,2.945017008,Shared/Other,In-App,16-18,female,mid
9,33.55641328,68.13613927,36.74597166,27.28340169,1.786335307,1.283152397,2.571036381,Android,Firefox,13-15,male,mid
18,37.98792495,72.19554074,27.83374658,32.40075324,3.317961072,1.403787624,0.870407201,Android,Firefox,16-18,male,mid
8,41.8925826,72.8039692,29.74332265,33.66215671,1.916309421,1.784966325,2.648397138,Shared/Other,Edge,16-18,female,mid
10,27.26652034,71.25259294,29.36119294,17.23861885,1.769444724,1.454363563,1.833726404,Desktop,Edge,13-15,female,mid
15,55.33810642,83.04768283,27.38306471,43.72774122,2.605875692,1.828591713,2.964065911,Shared/Other,Edge,19-22,male,mid
19,52.2157237,78.62101417,34.75622503,31.31532136,1.270281408,1.142442995,1.320805336,Android,Edge,16-18,female,mid
17,54.12720315,77.95770162,25.435243,47.46377213,1.223296592,1.506225911,1.227157573,Android,Edge,19-22,female,mid
18,63.01537517,78.33685013,40.19182587,37.57515853,3.320394101,1.094111317,1.499764561,Desktop,In-App,16-18,male,mid
8,61.37190157,78.59077903,25.03478681,23.53102599,1.035855515,1.144468941,2.269815445,iOS,In-App,16-18,male,mid
19,64.56295717,62.10585068,25.85758422,25.42087379,3.902723079,1.5354908,2.026365286,iOS,Edge,16-18,female,low
19,38.47610826,68.18312857,28.33873824,29.04022655,1.553025438,1.675168618,1.907666729,Android,Chrome,16-18,male,high
17,41.42396187,68.03985907,22.37032059,24.27484857,2.612730942,1.367141919,2.350741026,Desktop,Edge,13-15,male,high
19,31.90525738,84.18461965,31.65834822,26.3969451,3.45497862,1.873390776,2.300771623,Desktop,Safari,13-15,female,mid
20,44.56082233,83.36503154,27.93465087,38.19495612,2.867810502,1.039341314,2.267089471,Shared/Other,Firefox,16-18,male,mid
10,31.52605073,81.25477263,27.24175484,18.86939705,3.270635837,1.081942874,1.698993772,Android,Firefox,13-15,female,mid
19,60.0591018,81.11213148,21.40737965,39.10242333,3.97667955,1.090641575,1.682926998,iOS,Chrome,19-22,female,mid
16,33.11240797,88.66775385,40.92785965,49.04249648,2.207090674,1.033777778,1.210842381,Android,Edge,19-22,female,mid
19,28.95237276,76.81531447,27.0095056,30.61107729,3.965483839,1.087619171,1.05032961,Shared/Other,Firefox,13-15,female,mid
11,37.10207285,76.20160247,35.53603551,22.02776589,3.333845885,1.074876848,0.83786963,Shared/Other,Firefox,13-15,male,high
18,62.46850068,77.78988982,31.48117206,38.01571725,3.342083989,1.636950722,0.74599806,Android,Chrome,16-18,female,high
11,56.99127417,66.41191349,33.30815741,46.80894217,1.215562517,1.552077424,2.376527781,Shared/Other,Safari,19-22,female,low
13,57.85080963,78.50548212,35.43587678,44.37777807,3.566986892,1.532677621,1.319906341,Desktop,Chrome,19-22,male,mid
15,64.92908497,77.69804354,31.00706387,34.48474318,1.764344297,1.076980267,2.076635979,Android,Safari,19-22,female,high
11,35.38692604,56.26581817,33.79283345,25.27518039,3.397988302,1.430337478,1.943359229,Shared/Other,Safari,13-15,female,low
11,21.90082446,84.60926626,31.16844725,21.8503752,3.343303028,1.281769264,1.980610656,iOS,Chrome,13-15,female,low
23,64.01685329,78.58624443,23.84809421,48.16447421,2.390530997,1.840483581,2.019725946,Desktop,In-App,19-22,male,low
11,61.44447161,50.11306292,34.09975994,39.48576381,3.759644863,1.40515184,1.990106685,Android,Edge,19-22,female,low
16,29.14875755,78.88275393,23.55207703,25.81034125,1.543512069,1.894531052,2.622535806,Shared/Other,Chrome,13-15,female,mid
15,76.22052951,73.06124859,27.51661774,36.45300061,1.066904584,1.911541699,2.266972488,Shared/Other,In-App,19-22,male,high
15,74.46004535,66.00679605,33.71713844,46.89659926,1.264438952,1.900032363,2.754181958,iOS,In-App,19-22,female,mid
12,58.00072213,56.63381689,29.89415678,35.65801323,1.048538577,1.222040735,2.949898359,Shared/Other,Firefox,16-18,male,mid
18,78.81597808,74.12697261,21.38115466,33.63968731,1.640032041,1.321789151,2.414733436,Shared/Other,Firefox,16-18,male,mid
19,50.55856871,76.38268961,30.69298033,28.57072627,1.529794049,1.173572307,2.488161913,Android,In-App,16-18,male,low
15,65.15945422,87.99295378,24.86861301,43.35881338,2.080695762,1.768868761,2.523093243,iOS,Chrome,19-22,male,mid
18,41.91187849,88.86404098,26.04468891,17.17885041,3.520189291,1.346852316,1.392923754,Android,Chrome,13-15,male,high
10,46.17681301,73.86613937,32.63341182,33.67358195,3.798772296,1.760247863,1.220007796,Desktop,Firefox,16-18,female,mid
20,65.2309493,73.43773736,30.65917458,35.80117179,3.166464308,1.841304221,0.964265017,Desktop,Chrome,19-22,female,mid
22,49.86397648,68.93184976,37.7979981,34.60442637,1.674980948,1.320042536,0.916180042,Android,Edge,19-22,male,mid
14,69.70829686,80.04108063,28.86927667,41.14667636,1.259425653,1.588615417,1.71343121,Desktop,Edge,19-22,female,high
21,43.5563176,78.51130337,26.70768892,23.63166134,1.050060286,1.671029766,0.821740076,Desktop,Chrome,13-15,female,high
15,27.67674607,78.44753533,34.60910837,21.40136619,2.876549107,1.675343972,1.515878518,Desktop,Chrome,13-15,male,low
22,33.29857614,73.99810716,23.28396894,31.31913848,3.119172561,1.829848175,1.36327996,iOS,In-App,16-18,male,high
21,52.01841452,65.09899445,32.20882759,36.81948184,3.648918217,1.271232763,2.567247724,Android,Safari,16-18,female,high
19,58.20897993,73.46230209,14.67430614,27.89634085,2.04419489,1.073037838,1.734090568,Android,Firefox,16-18,male,mid
10,59.64423095,84.37865539,33.00518108,20.57112655,1.179513388,1.890455273,1.547890087,Android,Edge,19-22,male,mid
16,29.4022418,64.74534082,35.71215293,25.43326204,3.559480556,1.669793609,2.221117612,iOS,Edge,13-15,female,high
19,60.30742842,72.20303382,30.32496877,26.77179715,3.645709992,1.684458197,2.243305862,Shared/Other,Edge,19-22,female,mid
17,39.22040768,76.90944198,28.49124744,32.11247974,3.574212558,1.083795833,0.947004532,iOS,Safari,16-18,female,high
14,57.89367817,66.22519049,36.29558198,51.15704275,1.407025932,1.194809707,1.010209048,Shared/Other,Safari,19-22,female,high
11,55.01054113,75.81066651,27.32544749,45.23692697,3.78591795,1.652069918,1.711010306,iOS,Chrome,19-22,male,high
9,61.34558504,76.86707772,27.1859706,43.87588487,2.494345826,1.838691642,2.483158715,Android,In-App,16-18,female,mid
16,56.9653157,73.52871801,29.28117585,55.88007005,2.18118571,1.225176315,1.56730201,iOS,Edge,19-22,female,mid
14,61.97541175,83.19891822,33.4254218,31.71054596,1.914276397,1.778447213,2.495045991,iOS,In-App,19-22,female,low
11,22.98423828,61.36480872,32.4790013,31.78969657,2.642028015,1.708238342,2.977101573,Android,Safari,13-15,female,mid
12,19.81871841,76.09233235,37.46708857,22.10700267,1.753925941,1.65667034,2.766339753,iOS,Chrome,13-15,female,mid
18,47.94119879,72.8928374,34.12115478,34.68801935,1.862860275,1.942172277,2.707005921,iOS,In-App,19-22,female,low
17,68.74519834,74.61707554,27.91340101,39.79634041,3.117522666,1.19612783,1.053364703,Shared/Other,Chrome,16-18,female,mid
19,47.95455177,56.7156672,32.62906841,50.19146911,1.790565051,1.222405394,1.905244026,Android,Edge,19-22,male,mid
15,58.14693116,70.29750433,25.9736576,31.15882314,2.890280568,1.97093567,1.18016919,Shared/Other,Edge,16-18,female,high
12,76.53565609,81.12335038,26.98919607,39.78353493,2.300232772,1.098895777,0.713509083,Shared/Other,Safari,19-22,male,mid
11,38.81706667,78.58800826,29.01266612,23.11952899,2.976568174,1.455927526,2.813488519,Android,Firefox,13-15,female,low
22,56.95125899,72.8462957,30.47392235,48.67261548,1.35212931,1.846263878,0.574346844,Shared/Other,Firefox,19-22,female,mid
19,31.83657374,71.45924558,29.33002364,24.56223398,2.182220245,1.07889133,1.40749013,Desktop,Safari,13-15,female,mid
10,22.08441932,69.77917332,22.84836343,27.04012704,2.903747689,1.01631163,1.068529727,Desktop,Chrome,13-15,male,low
19,51.92902256,65.34087627,32.33869374,26.43432247,2.938960241,1.907617194,1.150536726,iOS,In-App,16-18,male,high
17,63.90373149,50.99083417,25.8499501,48.11356349,1.481862542,1.434154355,2.315317949,Android,Firefox,19-22,female,mid
17,83.7714686,69.22079148,30.20031361,50.42514534,3.318036632,1.410090245,2.018303221,iOS,Firefox,19-22,male,low
8,48.76505625,79.69425251,24.97522375,31.1324957,3.132423652,1.898694505,1.091297783,Android,Edge,16-18,male,mid
22,73.28345499,99.89180312,36.94523424,36.06485366,2.924685432,1.731829278,0.695804588,Android,Chrome,19-22,male,mid
19,52.75955045,71.10396456,40.17099655,34.28042501,1.579324802,1.68276336,0.741792519,Android,Edge,16-18,male,mid
19,53.73347558,75.23355548,27.94875834,40.45057558,2.85526925,1.307701683,2.565371343,Shared/Other,In-App,16-18,male,mid
17,35.51469391,49.37192013,30.5056018,34.22893581,1.819127142,1.092610757,1.429370794,Shared/Other,Safari,13-15,male,low
18,25.95913864,76.77443117,30.50985369,22.75273415,3.212910927,1.315760623,0.670019981,Desktop,Chrome,13-15,female,mid
19,41.30703739,91.06519398,38.3742183,40.67538763,2.7616461,1.743536077,0.764133462,Shared/Other,Safari,19-22,male,mid
17,69.93050548,62.15219868,27.90063812,28.14592137,2.348615367,1.685451356,2.465129675,Desktop,Edge,19-22,female,low
22,60.15974259,61.18770919,33.15257727,60.72600957,2.647977335,1.606001629,0.879067487,Desktop,In-App,19-22,female,low
11,73.88143387,67.85618549,23.17077222,27.37922691,3.399055906,1.768983885,1.806538308,Desktop,In-App,19-22,female,mid
15,44.64649219,83.70730075,28.82723114,32.20832264,3.14991669,1.441527047,1.910196029,iOS,In-App,19-22,female,mid
15,52.3454268,76.64626474,31.40474376,31.34272558,2.084174254,1.5617264,2.778030002,Shared/Other,In-App,19-22,female,low
10,66.67065413,73.83007956,32.49759051,26.29765032,2.863272409,1.837261114,1.764360339,Shared/Other,In-App,19-22,male,mid
11,65.82771488,82.77528663,27.4517663,46.65970668,3.356623712,1.820098256,0.643690711,iOS,Firefox,19-22,female,low
18,26.48600254,75.53696966,39.21442783,25.18749979,3.224766642,1.679267324,2.166211034,Shared/Other,Firefox,13-15,male,mid
12,58.63243977,90.6837266,31.95612807,27.45139398,1.043554689,1.575549226,2.35497775,iOS,Safari,16-18,male,mid
19,50.18831966,62.78299832,25.97463869,31.45752831,1.143214359,1.173928717,1.577237714,Shared/Other,In-App,16-18,female,low
19,63.59628273,87.81897655,27.5862349,29.79300975,2.925263868,1.915094239,2.526560028,iOS,Firefox,16-18,female,mid
20,84.39760404,79.84008317,31.21666476,28.20131463,3.896079585,1.661411952,1.935520038,Shared/Other,Safari,19-22,male,low
18,35.55890983,76.43899421,31.66871482,21.11675203,3.438353775,1.438494391,1.413293124,Desktop,Chrome,13-15,male,high
12,43.92558185,81.15000918,26.402879,26.9152057,3.638182121,1.174623768,1.630104203,Shared/Other,In-App,13-15,male,mid
9,45.95368741,70.87987249,22.59599767,35.60870898,1.98533302,1.082464985,0.579813858,Shared/Other,Edge,16-18,male,high
10,31.2469343,84.97342562,25.2743534,24.03915869,1.333402771,1.628108687,2.870148372,Android,In-App,13-15,male,low
17,33.56418975,88.23154306,30.87811867,13.56172024,3.286310365,1.645796459,0.561461851,Desktop,Chrome,16-18,male,mid
15,51.52831406,86.39761026,27.30704572,14.73910193,1.15184595,1.117022587,0.706349173,Shared/Other,In-App,16-18,male,mid
13,44.31605468,68.01904721,28.69821283,23.47321782,2.792387516,1.787958287,2.923899286,iOS,Chrome,16-18,male,mid
16,59.54371547,73.89504302,23.0365885,37.86805297,1.936278162,1.694106932,0.8421243,Android,Safari,16-18,female,low
7,32.94943064,83.28235288,30.94270426,25.87962778,3.646849744,1.718583479,2.546258393,Shared/Other,In-App,13-15,male,high
7,32.97358628,63.48246516,30.07713223,32.06312993,1.266137237,1.440114662,0.51334681,Android,In-App,13-15,female,mid
15,37.26457624,73.89861176,25.52870188,31.79759121,1.213127369,1.836835959,2.881366903,iOS,Edge,16-18,female,mid
11,64.63211314,70.94319122,27.66674255,29.17432603,1.159456488,1.643464922,0.974660717,Desktop,Edge,16-18,male,low
8,42.36467029,67.42455281,30.9512859,36.33820229,1.709425763,1.351282923,2.296073411,Android,Safari,16-18,female,mid
9,30.59859295,49.62480641,33.40083404,21.65419318,1.368612372,1.685634284,2.232809662,Desktop,Chrome,13-15,female,mid
17,67.49579936,67.62789495,25.41991756,33.98637321,2.727932315,1.781257597,1.322367457,Desktop,Firefox,19-22,female,mid
8,22.67926187,69.81036151,30.63694011,31.35899437,2.988073189,1.344912892,1.672558599,Shared/Other,Firefox,13-15,male,high
22,55.17351489,70.56640778,25.6425524,35.87470695,3.046252956,1.769409664,2.629138483,Desktop,Chrome,19-22,male,mid
18,54.0358184,81.36044951,30.99970004,19.14521281,3.057322601,1.141257221,1.167045537,iOS,Firefox,16-18,female,low
12,32.61423406,78.46818939,19.96633916,24.98940744,2.57835503,1.967457449,1.170642496,Android,In-App,13-15,male,high
21,56.25353131,62.9016799,17.51954066,25.0322696,2.126637988,1.242385415,1.621785132,Shared/Other,Edge,16-18,male,mid
8,41.92668559,65.45344054,23.51745871,32.03141379,3.140440631,1.441312033,2.963252367,Android,Safari,13-15,female,mid
13,43.07277003,75.38013471,29.46105654,27.07388245,2.872049463,1.82215966,1.260912702,iOS,Chrome,13-15,male,high
23,82.32346049,67.00268001,23.53634562,47.43292387,3.301377745,1.949970712,2.738393037,Android,In-App,19-22,male,mid
9,53.72936261,66.12465601,29.14679472,26.02183207,3.528017079,1.915500943,2.820282772,Android,Firefox,16-18,female,mid
12,59.2932948,62.82126602,28.37471781,34.18178147,2.170098319,1.51200136,1.214185764,Desktop,Chrome,19-22,female,low
16,40.41542893,71.86560337,27.37751752,20.46921506,3.208267003,1.869966691,0.679182471,Android,Edge,13-15,male,low
17,58.89133302,69.40790867,25.06664363,27.90177957,3.241895447,1.972995887,2.980133227,Shared/Other,Edge,19-22,female,low
22,72.06544271,79.32832203,38.87987838,40.0149114,3.666017479,1.34598579,0.644625416,Android,In-App,19-22,male,high
16,61.69264444,90.27116505,17.47406561,52.44260263,1.82893209,1.962850893,2.028025008,Shared/Other,In-App,19-22,female,low
19,52.89422494,90.54566953,35.44708746,32.78239298,2.109865311,1.230758101,2.987572106,Android,Chrome,13-15,female,high
10,45.31575381,78.83659488,29.56372787,25.12211038,2.429872709,1.126211344,0.572180457,Desktop,In-App,16-18,female,mid
9,57.73942686,72.54724325,28.23457136,27.41644121,3.751748655,1.688234007,2.042203399,Shared/Other,Firefox,16-18,male,high
10,69.8488272,77.72592343,33.92028331,55.58259949,2.539028838,1.647305594,1.512040414,iOS,Edge,19-22,female,low
21,46.25374123,69.93910344,38.4421778,28.60169882,3.70822533,1.144446934,1.21976245,iOS,Safari,16-18,male,high
21,60.26699801,73.56557031,31.66502979,16.86616691,1.043606888,1.253155579,0.674149051,iOS,Chrome,16-18,female,high
11,75.05848053,69.62114627,31.47773211,20.91034878,1.441011854,1.040065684,1.307684051,iOS,Edge,16-18,female,high
14,16.38474854,67.40631995,26.55235979,28.1789285,2.189259749,1.086573578,1.035772812,iOS,Safari,16-18,male,high
9,26.62192019,69.12427722,33.2198957,23.24937156,2.758594195,1.78045051,1.059844708,Android,Safari,13-15,female,high
22,77.2172376,75.95150723,31.28637195,38.21361604,1.950553514,1.773041559,0.539498623,iOS,Edge,19-22,female,mid
18,50.06638271,88.63075208,26.22286347,23.82538847,3.891024879,1.776017833,1.665011726,Android,In-App,19-22,female,low
19,40.83127349,70.90789836,25.3272949,20.69045179,3.984557895,1.875941832,2.200284751,iOS,Safari,16-18,male,low
20,40.1684918,80.92197706,47.77024875,28.52940481,2.03254837,1.66597507,1.479808901,iOS,Chrome,16-18,female,mid
10,32.00543742,61.37470018,36.94491333,21.29246642,3.799084254,1.460249608,0.909296358,iOS,Edge,16-18,female,high
21,44.88139943,76.20488014,36.0307038,35.66911412,2.996687582,1.806074174,2.167607105,Desktop,Edge,16-18,male,mid
15,37.15995758,64.59795135,26.55053972,27.35664107,2.014448587,1.018003184,2.258375087,iOS,Firefox,13-15,female,high
10,27.20291619,93.04782278,28.83472401,29.9911847,3.322361148,1.720409807,2.781906219,iOS,Safari,13-15,male,low
11,66.54922967,88.03778266,26.7221824,60.02269095,1.891660584,1.327925839,1.45272809,Android,In-App,19-22,male,mid
21,46.9769916,80.8497469,24.50006639,30.29000331,2.302971416,1.500158566,2.467200389,Android,In-App,13-15,male,low
17,84.18052113,91.97443969,30.63196102,33.43304668,2.154830774,1.545704657,2.877515747,Shared/Other,Chrome,19-22,male,low
18,43.78657521,88.58700024,35.82463618,36.16880131,2.253015232,1.568509858,2.256576458,Android,Edge,13-15,female,low
21,65.05310316,77.30044628,24.84830509,32.37038675,2.985756789,1.009501648,0.688264754,Android,Chrome,19-22,female,low
19,30.13947064,72.79694803,44.53505143,21.9844114,1.738772059,1.942935281,2.637022164,Android,In-App,13-15,female,low
16,53.63447991,78.28071281,37.7076538,17.13007395,3.48334183,1.053735789,2.760765902,Android,Firefox,16-18,male,mid
19,60.66607773,91.10037019,33.28847411,25.28090792,2.980904208,1.483720411,2.512138185,Desktop,In-App,19-22,male,low
16,35.59735072,45.77803391,29.45952454,28.4316393,3.295396205,1.693777672,1.426978299,Shared/Other,Firefox,13-15,female,low
9,46.80357551,91.62351635,31.03230965,27.12501417,2.601023094,1.480665373,1.655964176,iOS,Firefox,13-15,male,mid
18,80.65535658,78.8986196,28.47495159,45.51463896,3.753374931,1.716003793,1.998378582,Android,Edge,19-22,male,mid
21,76.96070543,56.19082058,27.4151305,42.89581047,3.429397572,1.30414724,0.903572386,iOS,In-App,19-22,female,mid
19,54.84229588,76.50217615,27.40024321,26.39736078,1.231828232,1.571837959,0.697909084,Desktop,Firefox,16-18,male,mid
19,28.36647771,75.01047098,26.19291685,28.4528766,3.633025018,1.280720225,1.626882343,Android,Chrome,13-15,female,high
13,40.69080627,79.47749853,28.6543133,24.3073107,2.34093518,1.073745446,2.11709197,Desktop,Chrome,13-15,female,high
19,43.05320149,73.84356379,39.34483253,43.49753214,1.993701678,1.106299994,1.648889333,Android,In-App,16-18,male,high
11,42.61624681,82.75846441,20.19613778,32.3607011,3.303814259,1.402897837,1.414863505,Desktop,Chrome,16-18,male,low
22,63.62042318,60.41786062,25.94021591,24.29232818,2.710956632,1.96039125,1.475737239,Shared/Other,Safari,16-18,male,mid
10,54.01239326,84.79117177,27.38984128,19.92310288,1.046139884,1.109433933,2.517137142,Shared/Other,Edge,16-18,male,mid
17,18.20484452,76.9720036,32.02458331,26.54971087,3.310203471,1.00712762,2.384558794,Android,In-App,13-15,male,high
13,36.89334064,79.03238221,25.8188123,26.30538017,1.568838294,1.170413986,0.560707906,Desktop,In-App,13-15,male,mid
10,37.88733171,73.43048165,23.63818177,21.59727038,2.761509081,1.952562554,1.63317239,Desktop,Firefox,13-15,male,low
15,68.20126141,75.81565332,36.84037711,30.2638561,2.8832105,1.866175832,1.689983123,Desktop,Edge,19-22,female,high
12,51.87024821,78.13162058,17.05720121,23.63563243,3.917254082,1.935163507,2.115900192,Android,Safari,16-18,female,mid
11,51.51387742,73.29704577,28.21472601,44.31500638,3.652286127,1.173711373,1.048334099,Shared/Other,Firefox,16-18,male,mid
18,30.01532235,70.77975156,29.05676579,22.48473426,2.021433659,1.30138327,2.497636484,Desktop,Chrome,19-22,female,mid
21,72.98702665,61.87775614,44.85467602,54.77927017,3.559505462,1.142231987,2.243931805,Shared/Other,Chrome,19-22,male,low
16,47.13636214,93.82167715,24.98107972,23.84394764,2.384503746,1.536542324,1.010043897,Shared/Other,Firefox,16-18,male,mid
11,37.23251065,77.0443371,26.32409839,21.74573346,2.422814497,1.929004945,2.351382508,Desktop,Safari,13-15,male,mid
12,46.97075171,71.1234894,22.1797059,24.45108371,2.439444721,1.067980239,2.952387708,Desktop,Edge,13-15,female,low
12,39.41175841,67.38791788,27.53850136,26.09255789,2.6887587,1.949141174,2.740182698,iOS,Firefox,16-18,male,high
21,59.39942606,95.3842256,35.50871664,52.65548824,2.883112298,1.402156069,0.880875675,Desktop,Firefox,19-22,male,high
12,81.42872019,73.81588078,31.19218012,38.37003058,2.596292702,1.867662829,1.949322602,Shared/Other,Edge,19-22,male,mid
12,60.76063939,55.49188474,28.95509387,34.07243047,2.529564455,1.308493077,1.556754031,iOS,Safari,19-22,male,high
22,82.75868216,63.41829734,25.35504977,45.78545865,2.679268677,1.997175263,2.030871739,Desktop,Safari,19-22,male,high
22,58.66718961,74.6741806,26.83341189,39.09586188,2.91389245,1.095640381,2.162471438,Shared/Other,In-App,19-22,male,mid
14,43.74308858,84.47799808,32.10643033,26.82008128,1.457947548,1.045927979,2.563835109,Android,Edge,13-15,female,low
22,70.73704729,94.8533417,36.1695624,26.94671593,2.03753259,1.201616154,1.638595231,Desktop,Safari,19-22,male,mid
12,59.63609497,67.52817478,29.02294074,31.01037866,1.201683854,1.698384385,1.222732724,Desktop,Safari,19-22,male,mid
22,65.67001016,61.40624406,31.44989213,26.18934287,1.952350069,1.569372964,1.435435089,Android,Safari,16-18,female,mid